,smiles,logP,pH
0,Cc1cc2c(cc1C)NC(=O)C[C@H]2c3ccccc3OC,4.17,5.0
1,COc1ccc2c(c1)O[C@@](CC2=O)(C(F)(F)F)O,2.79,5.0
2,CC1(O[C@H]([C@H](O1)C(=O)N)C(=O)N)C(C)(C)C,1.6,6.5
3,CCOc1cc(cc(c1OCC)OCC)c2nnc(o2)c3ccco3,3.96,10.5
4,CN(C)c1ccc(cc1)C(=C)c2ccc(cc2)N(C)C,5.3,7.3
5,Cc1ccc(o1)[C@H](C#CC(c2ccccc2)(c3ccccc3)O)O,3.53,10.5
6,CC(C)(C)c1cc(n[nH]1)Cc2ccccc2,4.35,10.5
7,C[C@H]1C[C@@H](CC(C1)(C)C)NC(=S)NCc2csc3c2cccc3,6.21,5.0
8,CCNc1nc(nc(n1)Oc2ccc(nn2)OCC)NC(C)C,3.14,10.5
9,c1ccc2c(c1)OCCOCCOCCO2,1.81,5.0
10,c1ccc2c(c1)c3c(c(=O)o2)[C@H](C(=C(O3)N)C#N)c4cccs4,2.34,10.5
11,CCOC(=O)CC1=Nn2c(nnc2SC1)c3cccs3,2.98,10.0
12,c1ccc2c(c1)CC[C@@H](O2)C(=O)Nc3ccc(cc3)C(F)(F)F,4.5,5.0
13,CC(C)(C)C(=O)CSc1nc(cc(n1)OC(=O)N(C)C)COC,3.33,5.0
14,Cc1cc(ccc1[N+](=O)[O‐])C(=O)NCCc2c([nH]c3c2cccc3)C,4.12,9.2
15,c1cc(c(c(c1)Cl)[C@@H]2CC(=O)Nc3c2cc4c(c3)OCCO4)F,3.96,5.0
16,CSc1c(c(cs1)c2cccs2)C#N,3.69,5.0
17,c1ccc(c(c1)C(F)(F)F)NC(=O)NC2CCCCC2,4.0,5.0
18,CCn1c2c(nc1NC[C@H](c3ccccc3)O)n(c(=O)n(c2=O)C)C,3.24,6.5
19,Cc1c(nc2c(n1)c(nnc2N)N)C,1.14,10.5
20,c1ccc(cc1)N(c2ccccc2)c3nc(nc(n3)N4CCCC4)C#N,5.38,6.5
21,c1cc2c(cc1c3csc(n3)CC#N)OCCCO2,2.68,5.0
22,CC1(O[C@@H]([C@H](O1)C(=O)N(C)C)C(=O)N(C)C)C,1.49,5.0
23,COC(=O)[C@H]1[C@H](OC(O1)c2ccccc2)C(=O)OC,2.49,5.0
24,CCN(CC)c1ccc(c(c1)OC)C=C2C(=O)c3ccccc3C2=O,5.05,10.5
25,CC(C)(C)S(=O)(=O)/C(=C/Nc1ccc(cc1)OC(F)(F)F)/C#N,4.28,6.5
26,CCC[C@@H]1C(=O)C[C@@H](C(C1(C#N)C#N)(C#N)C#N)C(C)C,3.3,5.0
27,Cc1c(cccc1OCc2ccccc2)[N+](=O)[O‐],4.41,5.0
28,CC12CCCC(C1)(CCC2)C(=O)N,2.73,5.0
29,Cc1c(c(c(c(c1C)C)CSc2nnc(n2C)CC#N)C)C,4.14,6.5
30,CCOc1nc(nc(n1)N2CCOCC2)C#N,2.46,5.0
31,Cc1cc(c(c(c1)C)[C@H]2[C@@H]3CCCC=C3C(=C(C2(C#N)C#N)N)C#N)C,5.48,5.0
32,C1COC2(O1)[C@@H]3[C@H]4C[C@H]5[C@@H]3C(=O)[C@@H]6[C@H]5[C@H]4[C@H]26,0.51,2.0
33,c1cc(ccc1C(=O)C2CC2)F,2.61,5.0
34,C[C@]1(OC[C@H](O1)Cn2cncn2)c3ccc(cc3Cl)Cl,3.68,10.0
35,Nc1nc3c(cc2sc(N)nc2n3)s1,1.56,10.0
36,C[C@@]1(CC[C@H](C1(C)C)C(=O)N2CCOCC2)C(=O)N3CCOCC3,2.46,5.0
37,Cc1nc(cs1)c2ccc(cc2)Cl,3.65,7.3
38,CN(C)/C=C/C(=O)c1ccc(cc1)C#Cc2ccccc2,4.69,10.5
39,CCCn1c(=O)c(cn(c1=O)c2ccccc2C)Br,2.82,5.0
40,Cc1cc2c(cc1OCC(=O)OC)occ(c2=O)c3csc(n3)C,3.9,10.5
41,Cc1ccc2c(nc(nc2c1)Nc3[nH]c(=O)c4c(n3)CCCC4)C,3.92,10.0
42,CCCCOc1ccc(cc1)/C=C/C(=O)NC(C)C,4.45,5.0
43,CCN(CC)S(=O)(=O)N1CCC[C@@H](C1)C(=O)NC2CCCCC2,3.58,5.0
44,CC(=CCCC1=NN([C@@](C1)(C)CCC=C(C)C)C=O)C,5.02,10.5
45,O=S(NC(C)c1ccccc1)(C)=O,1.8,5.0
46,CC[C@@]1(NC(=S)N2N1C(=S)N[C@@]2(C)CC)C,2.44,5.0
47,CCCc1c2c(n[nH]1)OC(=C([C@H]2c3ccsc3C)C#N)N,3.83,10.5
48,CC(C)(C)C(=O)Nc1ccc(cc1)NC(=O)C(C)(C)C,2.79,5.0
49,COC(=O)N[C@@H](C(=O)c1ccccc1)O,1.41,5.0
50,COc1ccc(cc1OC)c2nnc(s2)N,2.34,6.5
51,c1cc2c(cc1c3csc(n3)CC#N)OCCO2,2.92,5.0
52,c1ccc2c(c1)nc(s2)SCC(=O)c3cccs3,4.04,5.0
53,CC(C)[C@@H]1[C@@H]2CCCC=C2[C@@H]3CCCC[C@@H]3O1,5.87,5.0
54,c1ccc(cc1)Nc2ccccc2N,2.67,10.0
55,CC(=O)c1cc2ccccc2o1,2.15,5.0
56,O=C(N2c3c(S(C(F)(F)F)=O)cccc3)c1ccccc1C2=O,3.3,5.0
57,CC1(OC(=O)C(=Cc2ccc(s2)[N+](=O)[O‐])C(=O)O1)C,3.04,5.0
58,CCN(CC)C(=O)[C@]12CC[C@](C1(C)C)(C(=O)O2)C,2.66,5.0
59,O=C(C)/N=C2/Sc1c(N2N(C(C)=O)C(C)=O)nc(cccc3)c3n1,1.1,10.0
60,c1ccc2c(c1)nc3n2C=C(NN3)N/N=C/c4ccc(cc4)Cl,4.81,10.5
61,Cc1c(c(=O)oc2c1ccc(c2C)OC)C,3.45,5.0
62,Cn1c2ccccc2n3c1c(c4c3nc(c(n4)C#N)C#N)C#N,3.61,5.0
63,CC(C)OC(=O)c1ccc2c(c1)c3c([nH]2)CCCC3,4.97,5.0
64,COc1ccc(cc1)[C@@H]2CCCC[C@H]2O,2.85,5.0
65,Cc1cccc(c1C)NC(=O)NC(C)C,2.7,5.0
66,C1CC[C@@]2([C@H](C1)CCC(=O)O2)O,1.16,5.0
67,Cc1cc(=O)oc2c1ccc(c2)OC(C)C,3.33,5.0
68,Cc1cc(ccc1O[C@@H](C)C(=O)NC2CCCCCC2)Cl,5.45,5.0
69,c1cnc(nc1)SCc2ccc(c(c2)Cl)Cl,4.33,5.0
70,C[C@@]1(CC(O[P@]1(=O)C)(C)C)O,0.71,5.0
71,CC(C)(C)NC(=S)Nc1ccc(cc1)F,2.71,5.0
72,CC1CC(C)=CC(C)C(CO)1CO,2.93,5.0
73,CC1(CC2=C(C(=O)C1)C3(CCC4(CC3)OCCO4)C(=C(O2)N)C#N)C,3.24,10.0
74,CCn1c(=O)c2c(c(sc2nc1SCc3ccccc3F)C)C,5.86,10.5
75,Cc1cc(n(n1)CCOC(=O)[C@H]2[C@@H](C2(C)C)C=C(Cl)Cl)C,4.76,10.5
76,c1cc(sc1)C2=NN=C3[C@H]2[C@@H](C(=C(O3)N)C#N)C4CCCCC4,4.64,10.5
77,CC1CN(C3=C(/C=C(C#N)/C#N)C(N2C=CC=CC2=N3)=O)CC(C)O1,3.24,10.0
78,CCn1c(nnc1SCC(=O)NC(C)(C)C)C2CCCCC2,3.2,10.0
79,COc1ccc(cc1)CNC(=O)C2CCCC2,2.6,5.0
80,CC(C)(C)c1ccccc1NC(=O)c2cc(c(c(c2)OC)OC)OC,3.61,5.0
81,c1ccc(cc1)CS(=O)(=O)CC(=O)Nc2ccc3c(c2)OCCO3,3.19,5.0
82,CCCC(=O)N1CC2(CC(C1)(CN(C2)C(=O)CCC)C)C,2.69,5.0
83,COc1cc(cc(c1)C(=O)c2ccc(cc2)F)C(=O)c3ccc(cc3)F,4.89,5.0
84,Cc1ccnc(c1)N(C(=O)c2cc3c(s2)CCCC3)C(=O)c4cc5c(s4)CCCC5,5.76,7.3
85,CCc1cc(=O)oc2c1ccc(c2C)OCC(=O)OC(C)(C)C,4.52,5.0
86,CCN1c2ccc(c3c2c(ccc3)C1=O)S(=O)(=O)N(c4ccc(cc4)OC)C(=O)c5cccnc5,4.74,7.3
87,CCc1ccc(cc1)n2c(nnn2)SCC(=O)Nc3ccc(cc3)C(=O)C,4.69,5.0
88,CC(C)(C)OC(=O)N1CCC[C@H]1C(=O)Oc2ccc3c(c2)occ(c3=O)c4ccc(cc4)F,5.77,5.0
89,Cc1cc2c(cc1C)NC3=C([C@@H](N2)c4cc5c(cc4Cl)OCO5)C(=O)CC(C3)(C)C,4.38,6.5
90,CCOC(=O)C1=NN[C@@]2([C@@H]1C(=O)N(C2=O)c3cccc(c3)C(F)(F)F)c4cccc(c4)[N+](=O)[O‐],4.73,10.0
91,CCOC(=O)c1c(c(sc1N2C(=O)[C@@H]3CC(=C(C[C@H]3C2=O)C)C)C)C,4.56,5.0
92,CCN1c2ccc(cc2/C(=C/3\C(=O)N(C(=S)S3)Cc4ccc(cc4)OC)/C1=O)Br,6.96,5.0
93,CCOc1cc(cc(c1OCC)OCC)C(=O)Oc2ccc3c(cc(=O)oc3c2)C,6.15,5.0
94,CCOC(=O)N1CCN(CC1)c2c3cc(cc(c3nc(n2)C(F)(F)F)C)C,5.92,10.5
95,Cc1c(cnn1C)CN(C)C(=O)c2cnn3c2N[C@H](C[C@@H]3C(F)(F)F)c4ccc(c(c4)OC)OC,4.25,7.3
96,Cc1ccc(c(c1)C)S(=O)(=O)N2CCCN(CC2)S(=O)(=O)c3ccc(cc3C)C,5.01,5.0
97,COc1cccc(c1)c2ccc3c(c(sc3n2)C(=O)Nc4ccc(c(c4)F)F)N,5.86,7.3
98,CCN(CC)C(=O)c1c(c(c(s1)NC(=O)[C@@H]2C[C@H]3CC[C@@H]2C3)C(=O)OCC)C,5.05,5.0
99,c1cc(sc1)[C@@H]2C[C@H](n3c(c(c(n3)C(=O)NCc4ccc(cc4)F)Br)N2)C(F)(F)F,5.54,5.0
100,CCOC(=O)c1c(csc1/N=C/c2c(nn(c2O)c3ccccc3)C)CC(C)C,5.16,10.0
101,c1ccc(cc1)/C=C/C(=O)Nc2cccc(c2)NC(=O)c3cccc(c3)Cl,5.53,5.0
102,c1ccc(cc1)[C@@H]2C[C@H](n3c(cc(n3)C(=O)Nc4cccc(c4)Cl)N2)C(F)(F)F,5.92,5.0
103,Cc1ccc(cc1)N(CCOC(=O)c2ccc(cc2)S(=O)(=O)N3CCCCC3)C4=NS(=O)(=O)c5c4cccc5,5.58,5.0
104,CCOC(=O)CN1C(=O)[C@@H]([C@@H](C1=O)OC(=O)c2ccccc2)OC(=O)c3ccccc3,5.0,5.0
105,c1ccc(cc1)[C@@H]2CC3=C([C@H](C(=C(O3)N)C#N)c4ccccc4F)C(=O)C2,3.07,10.0
106,Cc1ccc(cc1)NCc2ccc\3n2CC/C3=C\4/Cn5c(ccc5C4=O)CNc6ccc(cc6)C,6.51,10.5
107,COC(=O)c1cccc(c1)NC(=O)c2cc(cc(c2)N3C(=O)c4ccccc4C3=O)C(=O)Nc5cccc(c5)C(=O)OC,6.09,6.5
108,COc1ccc(cc1)OCC(=O)N2CCN(CC2)C(=O)c3ccco3,2.76,5.0
109,CC(=O)Oc1cc(cc(c1OC(=O)C)OC(=O)C)C(=O)Nc2ccc(cc2)Oc3ccccc3,2.89,10.5
110,COc1ccc(cc1)Oc2c(=O)c3ccc(cc3oc2C(F)(F)F)OC(=O)N4CCOCC4,4.63,5.0
111,c1ccc(cc1)Cn2c3ccccc3c4c2nc(nn4)SCC(=O)OCN5C(=O)c6ccccc6C5=O,4.51,6.5
112,c1ccc(cc1)c2nn(c(=S)n2c3ccccc3)[C@@H]4CC(=O)[C@H]5OC[C@@H]4O5,3.65,7.3
113,Cc1cccc(c1NC(=O)C2(CCCCC2)N(Cc3ccco3)C(=O)c4ccc(cc4)NC(=O)C)C,4.62,5.0
114,COc1ccccc1N(CCOC(=O)[C@@H]2CC(=O)N(C2)c3ccccc3)C4=NS(=O)(=O)c5c4cccc5,2.5,6.5
115,c1ccc(cc1)c2nnc(n2c3ccccc3)SCC(=O)N4CCN(CC4)C(=O)c5ccccc5,4.64,10.5
116,c1ccc(cc1)CN\2C(=O)C[C@@H](S/C2=N\c3ccc(cc3)F)C(=O)Nc4ccccc4,6.0,7.3
117,CCCS(=O)(=O)c1c2cnccn2c(c1S(=O)(=O)CCC)C(=O)c3ccc(cc3)C,3.93,5.0
118,c1ccc(c(c1)COc2ccc(cc2)C3C4=C(CCCC4=O)OC5=C3C(=O)CCC5)F,4.92,5.0
119,CCOc1ccc(c(c1)OCC)C2=NN=C3[C@@H]2[C@@H](C(=C(O3)N)C#N)c4ccco4,4.48,10.5
120,CC1(CC2=C([C@H](C(=C(N2c3c(cccc3F)F)N)C#N)c4cccc(c4)Cl)C(=O)C1)C,5.04,5.0
121,COc1cc(cc(c1OC)OC)c2cc(n3c(n2)c(cn3)C(=O)OC)C(F)(F)F,4.08,5.0
122,CC1=CC(C(=C(N1c2ccc(cc2)C(=O)N)N)C#N)(C(F)(F)F)C(F)(F)F,4.41,5.0
123,COC(=O)c1c2c(sc1NC(C(F)(F)F)(C(F)(F)F)NC(=O)c3cccnc3)CCCCC2,5.75,6.5
124,CC1(CC2=C([C@@H](C(=C(O2)N)C#N)c3c4ccccc4cc5c3cccc5)C(=O)C1)C,4.99,10.5
125,COc1ccccc1Nc2nc(nc(n2)OCC(F)(F)F)OCC(F)(F)F,5.27,5.0
126,CC[C@@H](c1ccccc1)C(=O)N2CCCN(CC2)C(=O)[C@@H](CC)c3ccccc3,4.93,5.0
127,CCC(=O)N1[C@H](CC(=N1)c2ccc(cc2)C3=NN([C@H](C3)c4cccc(c4OC)OC)C(=O)CC)c5cccc(c5OC)OC,6.65,7.3
128,Cc1cc(nc(n1)S[C@@H]2CC(=O)N(C2=O)c3ccc(c(c3)OC)OC)C,2.95,10.5
129,Cc1ccc(cc1)S(=O)(=O)N(CCO)Cc2ccccc2,3.69,5.0
130,Cc1ccc(cc1C)n2c(=O)c3cc4c(cc3c2=O)c(=O)n(c4=O)c5ccc(c(c5)C)C,4.83,5.0
131,Cc1ccc(cc1)c2cc(n3c(n2)c(cn3)C(=O)N4CCSCC4)C(F)F,4.55,5.0
132,c1ccc2c(c1)C(=O)N(C2=O)c3ccccc3C(F)(F)F,3.55,5.0
133,CC(=O)N[C@@H](C(Cl)(Cl)Cl)Nc1c(c2c(s1)CCCC2)C(=O)OC,5.04,8.0
134,CCCS(=O)(=O)c1c2c3ccccc3ccn2c(c1S(=O)(=O)CCC)C(=O)c4ccccc4,4.48,5.0
135,c1ccc2c(c1)C(c3ccccc3O2)C(=O)NC4CCCC4,3.95,5.0
136,Cc1c(c(n(n1)CC(=O)Nc2c(c3c(s2)C[C@H](CC3)C(C)(C)C)C(=O)OC)C)[N+](=O)[O‐],6.53,5.0
137,CCc1ccc(cc1)OCC(=O)NCCc2ccc(c(c2)OC)OC,4.22,5.0
138,COc1ccc(cc1)[C@@H]2CC3=C([C@H](c4c5ccccc5ccc4N3)c6ccc7c(c6)OCO7)C(=O)C2,5.77,5.0
139,c1cc2c(cc1/C=C/C(=O)Nc3ccc4c(c3)OCO4)OCO2,3.72,2.0
140,CC(=O)Oc1cccc(c1)N2C(=O)c3ccc(cc3C2=O)C(=O)c4ccc5c(c4)C(=O)N(C5=O)c6cccc(c6)OC(=O)C,5.13,5.0
141,Cc1ccc(cc1Cl)NC(=O)CSc2nnc(o2)Cc3ccccc3,4.85,5.0
142,CCOc1ccc(cc1)NC=C(S(=O)(=O)c2ccc(cc2)C)S(=O)(=O)c3ccc(cc3)C,5.64,5.0
143,c1ccc(cc1)c2cc(n(n2)c3ccc(cc3)/C=N/n4cnnc4)c5ccccc5,5.58,10.0
144,N1C(=O)C(CC(=O)Nc2c(cccc2)NC(=O)CC2C(=O)Nc3ccccc3N2)Nc2c1cccc2,3.42,6.5
145,Cc1c(sc2c1c(=O)n(c(n2)SCC(=O)N3CCCC3)C4CCCCC4)C,5.16,5.0
146,COc1cccc(c1)Cn2cc(cn2)N,1.55,7.3
147,Cc1c(c(=O)n(n1C)c2ccccc2)NC(=O)[C@@H]3CCCCN3S(=O)(=O)c4ccc(cc4)Cl,3.89,5.0
148,CS(=O)(=O)c1ccc(c(c1)[N+](=O)[O‐])SCC(=O)Oc2ccc(cc2)C3CCCCC3,6.08,5.0
149,Cc1ccccc1C(=O)N2CCN(CC2)c3ccc(cc3)NC(=O)c4c(cccc4OC)OC,4.16,7.3
150,Cc1cccc(c1)C(=O)Nc2ccc(c(c2)C)NC(=O)c3ccccc3,4.14,5.0
151,CC/C(=N\N=C/1\N(C(=O)[C@@H](S1)C)Cc2ccco2)/c3ccccc3,5.07,6.5
152,Cn1c(c(cn1)Cl)c2nc(no2)c3c(non3)N,2.77,5.0
153,C1[C@@H]2C=C[C@H]1[C@H]3[C@@H]2[C@@H]4CO[C@H](C3=O)O4,1.48,5.0
154,Cc1c(c2ccccc2n1CC=C)C=C3C(=O)OC4(CCCCC4)OC3=O,4.62,5.0
155,CC1(CC2=C(C(C3=C(N2c4ccc(cc4)OC)CC(CC3=O)(C)C)c5ccc6c(c5)OCO6)C(=O)C1)C,5.72,5.0
156,CCn1cc(c(n1)C)C2C3=C(CC(CC3=O)(C)C)N(C4=C2C(=O)CC(C4)(C)C)c5ccc(cc5)C,5.35,10.5
157,c1ccc(cc1)Oc2ccc(cc2)NC(=S)N3CCN(CC3)C(=O)[C@H]4CCCO4,4.18,6.5
158,COC(=O)CC1=C([C@@]2(c3ccccc3NC2=O)C(=C(O1)N)C(=O)OCc4ccccc4)C(=O)OC,4.25,10.5
159,C[C@@H]1C=CC[C@H]2[C@@H]1C(=O)N(C2=O)c3cccc(c3)C(=O)OCC(=O)c4ccc(cc4)Br,5.29,5.0
160,COc1ccc(cc1COCC(F)(F)F)[C@@H]2[C@@H]3CCCC=C3C(=C(C2(C#N)C#N)N)C#N,5.5,5.0
161,CCN(CC)C(=O)c1c(c(c(s1)NC(=O)c2cc(cc(c2)OC)OC)C(=O)OC)C,5.47,6.5
162,c1cc(sc1)[C@@H]2C[C@H](n3c(c(c(n3)C(=O)N4CCCC4)Br)N2)C(F)(F)F,4.47,5.0
163,N1(c2ccccc2)C(=O)C(Sc2c(c(c(c(n2)N)C#N)c2ccc(cc2)C)C#N)C(=N1)C,4.99,10.5
164,CCc1c(c(=O)n2c(c(sc2n1)C#N)N)C#N,2.09,5.0
165,CSc1ccc(cc1)[C@@H]2[C@H]3[C@@H](C(=O)N(C3=O)c4cccc(c4)C(F)(F)F)ON2c5ccccc5,5.98,10.0
166,C#Cc1cccc(c1)NC(=O)c2cc(cc(c2)N3C(=O)c4ccccc4C3=O)C(=O)Nc5cccc(c5)C#C,6.85,5.0
167,Cc1ccc(c(c1)NC(=O)[C@H]2CC3c4ccccc4C2c5c3cccc5)C,5.26,5.0
168,c1cc(c(c(c1)F)C(=O)N2CCCC2)F,1.88,5.0
169,C[C@H](C(=O)N)OC(=O)c1cccc(c1)C(F)(F)F,2.75,5.0
170,CCOC(=O)c1cnn(c1N)C(=O)c2cnn(c2C(F)(F)F)c3ccc(cc3)[N+](=O)[O‐],3.53,5.0
171,O=C(N3CCCN(c4ncc(C(F)(F)F)cc4)CC3)c1sc(cccc2)c2c1,4.92,10.5
172,c1ccc2c(c1)CC(C2)n3c(nnc3SCC(=O)c4ccc5c(c4)OCCO5)OCC(=O)c6ccc(cc6)F,5.47,6.5
173,Cc1ccc(cc1)N2CC(=O)N(CC2=O)/N=C/c3cn(nc3c4ccc(cc4)Cl)c5ccccc5,6.14,6.5
174,CSc1c(c(n2c(n1)c(c(n2)SC)C#N)c3ccc(cc3)Cl)C#N,5.51,5.0
175,CN1c2ccccc2‐c3c(c(sc3C(=O)N4CCOCC4)SC)S1(=O)=O,3.11,5.0
176,Cc1cccc(c1C)NC(=O)CSc2ccccn2,3.19,7.3
177,CSc1c‐2c(c(s1)C(=O)Nc3ccc(cc3)Cl)CCc4c2nc(nc4)SC,5.87,7.3
178,CCOC(=O)C1=C(C(=O)N(C1)C(C)(C)C)Nc2ccc(cc2)OC(=O)Nc3ccc(cc3)OC(F)(F)F,6.72,5.0
179,Cn1c(nnc1SCc2cc(cc(c2)F)F)c3ccc4c(c3)non4,3.68,7.3
180,C[C@]12c3cc(c(cc3CCN1C(=O)OC24CCCCC4)OC)OC,3.47,5.0
181,CC1=C(C[C@H]2[C@H](C1)C(=O)N(C2=O)c3cccc(c3)Br)C,3.93,5.0
182,c1ccc(cc1)S(=O)(=O)N2CCN(CC2)C(=O)c3cccnc3,2.3,7.3
183,CCc1ccc2c(c1)cc3c(n2)c4c(n(c(=O)n(c4=O)C)C)n(c3=O)c5ccccc5,4.31,10.5
184,CCOC(=O)C1=C(NC(=O)N[C@H]1c2ccc(o2)c3cc(cc(c3)C(F)(F)F)C(F)(F)F)C,6.04,5.0
185,c1cc(ccc1c2nc(on2)C(F)(F)F)c3nc(on3)C(F)(F)F,6.06,5.0
186,Cc1c(c(n(n1)c2ccccc2)C)c3nnc(o3)c4c(nn(c4C)c5ccccc5)C,5.56,6.5
187,Cc1cc(n(n1)c2ccc(cc2)n3cccc3/C=C(\C#N)/S(=O)(=O)C)C,4.25,7.3
188,c1cc(sc1)/C=C/C(=O)Nc2ccc(cc2)I,4.67,2.0
189,CC(C)(C)c1cc(n(n1)Cc2ccccc2)c3nc(no3)c4ccc(cn4)C(F)(F)F,6.58,10.5
190,c1ccc2c(c1)cn(n2)c3ccc(cc3)C(F)(F)F,4.42,5.0
191,CCCN(CCC)S(=O)(=O)c1ccc(cc1)C(=O)N2CC[C@@H]3c4ccccc4C(=O)N3C2,4.55,5.0
192,C[C@H]1CN(C(NS(=O)(c2cc(C(F)(F)F)cc(C(F)(F)F)c2)=O)=N)C[C@@H](C)O1,4.43,5.0
193,Cc1cc(n(n1)C2=NCCN2S(=O)(=O)c3cc(cc(c3)C(F)(F)F)C(F)(F)F)C,4.7,10.5
194,CN1c2ccc(c3c2c(ccc3)C1=O)S(=O)(=O)N(c4ccc(cc4)OC)C(=O)C5CCCCC5,5.26,5.0
195,c12c(non1)NC3C(N2)Nc4c(non4)N3,0.3,7.3
196,CC(=O)Oc1ccc(cc1OC)/C=C(/C(=O)Nc2cccc(c2)CO)\NC(=O)c3ccccc3,4.04,6.5
197,COc1cccc(c1)NC(=O)CSc2nnc3n2cccc3,2.45,7.3
198,c1ccc(c(c1)[C@H]2[C@@H]3CSCC=C3C(=C(C2(C#N)C#N)N)C#N)Cl,4.5,5.0
199,CC[C@@H]1CCCCN1C(=O)[C@H]2CC(=NO2)c3cc(c(cc3OC)OC)Cl,4.55,10.0
200,CCc1ccc(cc1)N2[C@H]3CS(=O)(=O)C[C@@H]3N(C2=S)CC=C,2.86,5.0
201,c1ccc2c(c1)C3c4ccccc4C2[C@@H]5[C@H]3C(=O)N(C5=O)c6nccs6,3.83,10.0
202,c1ccc(cc1)C(=O)c2ccc(c(c2)F)N3CCN(CC3)C(=O)c4c(cccc4F)F,5.14,7.3
203,Cc1cccc(c1NC(=O)CSc2nnnn2c3ccc(cc3)OC(F)(F)F)C,4.82,5.0
204,CC(C)CC(=O)N1c2c(cccc2OC)‐c3c(ssc3=S)C1(C)C,5.09,5.0
205,Cc1nc2c(c(n1)N(C)C)sc(=S)n2c3ccccc3,3.62,10.5
206,CCOC(=O)C1=C(N2C(=O)[C@@H](SC2=C([C@H]1c3ccc(cc3Cl)Cl)C(=O)OCC)C)N,5.49,10.0
207,Cn1c2c(c(=O)n(c1=O)C)n(c(n2)SCC(=O)NCCc3ccc(c(c3)OC)OC)Cc4ccccc4F,4.0,5.0
208,CCOC(=O)C1CCN(CC1)S(=O)(=O)c2nc3nc(cc(n3n2)C)C,2.71,7.3
209,Cc1ccc(cc1Br)N[C@@H]2[C@@H]([C@@H]([C@H]([C@@H](O2)CO)O)O)O,2.28,7.0
210,COc1ccc(cc1)S(=O)(=O)n2c3ccccc3n(c2=O)S(=O)(=O)c4ccc(cc4)OC,5.22,5.0
211,BrC1=CC=C(/C=C3\SC2=NC(N(C)C(N4C)=O)(C6=CC=CC=C6)C4(C5=CC=CC=C5)NN2C3=O)C=C1,5.72,10.5
212,c1ccc(cc1)n2c(=O)n(n(c2=O)CC(=O)N3CCCCC3)CC(=O)N4CCCCC4,2.78,5.0
213,c1ccc(cc1)Sc2c(c(=O)n3ccccc3n2)/C=C\4/C(=O)N(C(=S)S4)C[C@H]5CCCO5,5.87,5.0
214,CC(=O)OC([C@@]12C=C[C@@H](O1)[C@@H]3[C@H]2C(=O)N(C3=O)c4ccc(c(c4)C(=O)OC)Cl)OC(=O)C,3.77,6.5
215,CC[C@H](C(=O)Oc1ccc2c(c1)oc(=O)c3c2CCCC3)NS(=O)(=O)c4ccc(cc4)C,3.08,2.0
216,Cc1cc2c(cc1C)NC3=C([C@@H](N2)c4cc(c(c(c4)OC)OC(=O)C)OC)C(=O)CC(C3)(C)C,4.21,10.0
217,CC1=CC(N2c3c1cc(cc3/C(=C/4\C(=O)N=C(S4)NC(=O)C)/C2=O)OC)(C)C,4.62,7.0
218,CC4=C(C(c2cccs2)C3=C(CCCC3=N4)O)C(N1CCCCC1)=O,3.37,6.0
219,CC(=O)Nc1ccc(cc1)OCc2cc(ccc2OC)[C@@H]3Nc4ccccc4C(=O)N3c5ccccc5,4.65,8.0
220,CCCCC(=O)NC1C2CC3CC(C2)CC1C3,3.8,5.0
221,CC1=NC2=C([C@@H](C1C(=O)OCCc3ccccc3)c4ccc(cc4)Cl)C(=O)CCC2,5.48,7.3
222,Cc1ccc(cc1)C(=C2[C@@H]3C=C[C@H]2[C@@H]4[C@H]3C(=O)N(C4=O)c5cccc(c5)C(=O)C)c6ccc(cc6)C,6.25,5.0
223,c1ccc(c(c1)NC(=O)COc2ccc(cc2[N+](=O)[O‐])C(F)(F)F)Br,5.16,5.0
224,CCOC(=O)c1c(nc(c(c1c2ccccc2)C#N)SC[C@]3(CCCC[C@@H]3SC)O)C,6.01,5.0
225,Cc1c2cc(ccc2oc1C(=O)Nc3ccc(cc3)S(=O)(=O)N4CCCCCC4)F,5.68,5.0
226,COC(=O)c1ccc(cc1)[C@@H]2C3=C(C[C@@H](CC3=O)c4ccco4)Nc5ccccc5N2C(=O)C6CC6,4.44,5.0
227,c1ccc‐2c(c1)CC3(CCCCC3)c4c2nc(n(c4=O)Cc5ccco5)SCC(=O)N,5.45,7.3
228,c1ccc2c(c1)C(=O)N(C2=O)c3cccc(c3)C(=O)OCC(=O)c4ccc(cc4)F,4.68,5.0
229,Cc1nccn1S(=O)(=O)c2ccc(cc2)Cl,2.93,7.3
230,c1cc(c(cc1N2C(=O)[C@H]3CC=CC[C@@H]3C2=O)C(=O)N)N4CCCCC4,3.68,10.0
231,CC(=O)Oc1ccc(cc1)C(=O)Nc2cccc(c2)C(=O)c3cccc(c3)NC(=O)c4ccc(cc4)OC(=O)C,5.34,5.0
232,Cc1ccc(cc1)N2[C@@H](Nc3ccccc3C2=O)c4cccc(c4)[N+](=O)[O‐],4.18,5.0
233,O=C(N2/N=C/c3c(Cl)ccc([N+]([O‐])=O)c3)c1ccccc1C2=O,4.03,5.0
234,Cc1ccc(c(c1)C(=O)c2ccccc2)NC(=O)c3ccc(cc3)S(=O)(=O)N4CCOCC4,4.54,5.0
235,CC1=C([C@H](C(=C(N1)SCC(=O)c2ccc(cc2Cl)Cl)C#N)c3cccs3)C(=O)C,5.25,10.5
236,CC1=NC2=C([C@H](C1C(=O)OC[C@@H]3CCCO3)c4cccc(c4)OC)C(=O)CCC2,3.62,7.3
237,c1c(cc(cc1C(=O)N)NC(=O)c2cc(cc(c2)C(F)(F)F)C(F)(F)F)C(=O)N,3.87,5.0
238,COc1ccccc1N2C(=O)c3ccc(cc3C2=O)C(=O)Nc4ccc(cc4)c5nnc(o5)c6ccccc6,6.17,6.5
239,CC1=C([C@@H](C2=C(N1)CC(CC2=O)(C)C)c3cc(ccc3Cl)[N+](=O)[O‐])C(=O)OC[C@@H]4CCCO4,4.53,10.0
240,CC[C@H](C(=O)c1ccccc1)OC(=O)CNC(=O)c2ccc(cc2)N3C(=O)c4ccccc4C3=O,4.15,2.0
241,CCC(=O)N1c2ccccc2NC3=C([C@H]1c4ccc(o4)c5ccc(cc5Cl)[N+](=O)[O‐])C(=O)CC(C3)(C)C,5.55,5.0
242,CC1=C([C@@H](C(=C(N1)SCC(=O)Nc2ccccc2)C#N)c3ccccc3Cl)C(=O)C,4.97,10.5
243,c1cc2c(cc1c3ccc4c(c3)C(=O)N(C4=O)CCO)C(=O)N(C2=O)CCO,3.19,5.0
244,COc1ccc(cc1)NC(=O)c2cc(cc(c2)NC(=O)c3ccccc3)C(=O)Nc4ccc(cc4)OC,5.59,5.0
245,Cc1ccccc1N2[C@@H]([C@@H]3[C@@H](O2)C(=O)N(C3=O)c4c(c5c(s4)CCCC5)C#N)c6ccc(cc6)OC,5.83,5.0
246,CC[C@@H]1CCc2c(sc(c2C(=O)OCC)NC=C3C(=O)N(C(=O)N(C3=O)C)C)C1,5.76,5.0
247,CCOc1cc(ccc1OC(C)C)[C@H]2[C@@H]3CN(CC=C3C(=C(C2(C#N)C#N)N)C#N)C(=O)OC(C)(C)C,5.83,5.0
248,Cc1ccc(cc1)S(=O)(=O)/N=C\2/N(C(=O)C(=CN(C)C)S2)C3CCCCC3,4.75,6.5
249,CCOc1ccc(cc1OCC)C[C@H]2c3cc(c(cc3CCN2C(=O)c4c(ncs4)C)OCC)OCC,4.98,5.0
250,CC1(OC[C@@H](O1)COc2c(c(nc(c2Cl)F)N3CCOCC3)F)C,4.07,5.0
251,COc1cccc(c1)C2=NN=C3[C@@H]2[C@H](C(=C(O3)N)C#N)c4cc(c(cc4Br)OC)OC,4.52,10.5
252,CCNC(=O)/C(=C/c1cn(nc1c2cccs2)c3ccccc3)/NC(=O)c4ccccc4,4.64,5.0
253,COC(=O)c1ccc(cc1)N([C@H]2CS(=O)(=O)C=C2)C(=O)C(F)(F)F,2.05,5.0
254,Cc1cccn2c1nc(c(c2=O)C=O)NC,2.68,7.3
255,CC(NC(SC1=C2)=NC1=CC3=C2N=C(S3)NC(C)=O)=O,3.13,6.5
256,O=C(C(F)(F)F)N2C(c3occc3)C(C(CC(c5cc([N+]([O‐])=O)ccc5)C4)=O)=C4Nc1ccccc12,4.68,5.0
257,COc1ccc(C5CC3=C(C(C5)=O)C(c4cc(OC)c(OC)c(OC)c4)N(C(C(F)(F)F)=O)c2c(N3)cccc2)cc1,4.87,7.3
258,Cc1ccc(cc1N2C(=O)[C@H]3[C@H]4C=CC=NN4[C@@H]([C@@H]3C2=O)C(=O)C(C)(C)C)[N+](=O)[O‐],3.85,5.0
259,c1ccc2c(c1)nc3c(n2)n(c(n3)c4ccc(cc4)[N+](=O)[O‐])C[C@@H]5CCCO5,3.75,10.5
260,CCOC(=O)c1c(c2c([nH]1)CCC(=C2Cl)C=O)C,3.92,5.0
261,c1ccc(cc1)S(=O)(=O)c2c3c(nc(c(n3)C#N)C#N)n(c2N)Cc4ccc(cc4)F,4.86,5.0
262,CCOCCOC(=O)[C@H](C)n1cnc2c(c1=O)c3c(s2)C[C@H](CC3)C,4.25,10.0
263,Cc(nnc12)n1c(cc(Cl)cc3)c3n(CCNc4ncc(C(F)(F)F)cc4Cl)c2=O,4.57,10.5
264,Cc1ccc(n1c2ccc(cc2)c3ccnc4n3ncn4)C,3.5,10.0
265,COc1ccc(cc1OC)C(=O)/C=C/Nc2ccc(c(c2)C(F)(F)F)Cl,5.31,5.0
266,COC(=O)/C=C/CN1C(=O)c2ccccc2C1=O,2.46,5.0
267,C[C@H](c1ccccc1)NC(=O)C2CCN(CC2)C(=O)c3ccc(cc3)F,3.48,5.0
268,C[C@@]1([C@H]2NC(=S)N(N2C(=S)N1)c3ccc(cc3)Cl)c4ccc(cc4)Cl,4.94,5.0
269,CN(C)C(=C(C#N)C#N)/C=C/Nc1cc(cc(c1)Cl)Cl,1.59,6.5
270,O=C(Nc(cc4c(CCCC4=O)n2CCNc3ncc(C(F)(F)F)cc3Cl)c2=O)c1ccc(Cl)cc1,5.83,7.3
271,c1cc(sc1)C[C@H](C#N)c2c(cc(cn2)C(F)(F)F)Cl,4.09,5.0
272,C[C@H](C(=O)c1cn(nn1)c2ccc(cc2)OC(F)(F)F)Oc3ccc(cc3F)F,5.83,5.0
273,CCO[C@@]([C@@H]1[C@@H]4[C@@H](C(N(N(c5ncc(C(F)(F)F)cc5Cl)C)[C@]4=O)=O)[C@](C3=C(O)c2c(C3=O)cccc2)=N1)=O,4.38,10.0
274,Cc1c(c(=O)ccn1Cc2ccc(cc2)Cl)OCc3c(cccc3Cl)F,5.63,10.5
275,CC1(CC2=C([C@@H](C(=C(O2)N)C#N)c3ccc(cc3)C(F)(F)F)C(=O)C1)C,4.55,5.0
276,CCOc1ccc(cc1OCC)CC(=O)C2=C(CCCC2=O)N3CCCC3,3.3,6.5
277,Cc1c(c2c(s1)[C@H](C(=C(O2)N)C#N)c3cc(cs3)Br)C(=O)OC,5.06,10.5
278,COc1cc(c(cc1OC)NC(=O)COc2c(non2)N3CCOCC3)C(=O)OC,4.49,6.5
279,CN(C)c1nc(nc(n1)N)COC(=O)c2ccc(cc2)n3cnnc3,2.74,10.5
280,COc1ccc(c(c1)OC)[C@@H]2CC(=O)N(C3=C2C(=O)CCC3)c4c(c5c(s4)CCCC5)C#N,4.55,5.0
281,COc1cccc(c1)OCCn2c(=O)c3cc4c(cc3c2=O)c(=O)n(c4=O)CCOc5cccc(c5)OC,5.43,5.0
282,CC(C)(C)C(=O)[C@H]1[C@@H](C([C@@H]2N1c3ccccc3C=C2)(C#N)C#N)c4ccsc4,3.37,10.0
283,CC1=C([C@H](C2=C(N1)C[C@@H](CC2=O)c3cccs3)c4ccc5c(c4)OCO5)C(=O)OCCc6ccccc6,5.44,10.0
284,CC1=C([C@H](C2=C(N1)C[C@H](CC2=O)c3ccccc3OC)c4ccc(cc4)OC(=O)C)C(=O)OC5CCCC5,5.81,10.0
285,CCOc1cc(c(cc1OCC)NC(=O)c2cc(c(cc2Cl)Cl)S(=O)(=O)N3CCOCC3)C#N,4.31,5.0
286,O=c1cc(CO)oc2c1OC(N)=C(C#N)C2c3c(OCc4ccccc4Cl)cccc3,4.34,6.5
287,CC(C)CNc1nc(nc(n1)SCC(=O)OC)N2CCOCC2,3.75,8.0
288,Cc1ccccc1C(=O)N[C@H](C(Cl)(Cl)Cl)NC(=S)Nc2ccccc2OC,3.95,2.0
289,CC1=C(C(C(=C(N1)C)C(=O)OC)c2cn(nc2c3cccc(c3)[N+](=O)[O‐])c4ccccc4)C(=O)OC,5.04,5.0
290,Cc1c(c(=O)n(n1C)c2ccccc2)N[C@H](C(Cl)(Cl)Cl)NC(=O)c3cccc(c3)[N+](=O)[O‐],3.99,5.0
291,C[C@H]1CN(C[C@@H](O1)C)C(=O)c2cc(nc3c2cccc3)c4ccc5c(c4)OCO5,4.19,10.0
292,Cc1ccc(cc1C)n2c(cc(=O)cc2C)C,2.95,10.5
293,CCc1cccc(c1N([C@@H](C)COC)C(=O)Cn2c3ccccc3nc2[C@@H](C)O)C,4.48,8.0
294,Cc(cc2c1C(c3cc(OC)c(OC)c(OC)c3)C(C#N)=C(N)O2)[nH]c1=O,2.55,10.5
295,c1ccc(cc1)C(=O)N2CCCC[C@H](C2=O)Sc3nnc4n3cccc4,3.14,10.5
296,N1(C(=O)C2C3c4c(cccc4)C(C2C1=O)c1c3cccc1)CCOC(=O)c1ccc(cc1)S(=O)(=O)N(CCC)CCC,4.17,5.0
297,Cc1ccc(c(c1)C)NC(=O)c2c(ccc(c2OC)Cl)Cl,4.0,5.0
298,CCOC(=O)c1c(sc(n1)N)C,1.74,8.0
299,c1ccc(cc1)C(=O)Oc2ccc3cc(c(=O)oc3c2)c4nc5ccccc5s4,5.7,10.0
300,CC(C)CCn1c2c(nc1NCCO)n(c(=O)n(c2=O)C)C,2.93,7.3
301,O=C(OC)C1=CC=C(C2C(C(OCC)=O)=C(N)N(C(/C(S4)=C/C3=CC=C(C(OC)=O)C=C3)=O)C4=C2C(OC)=O)C=C1,6.95,7.3
302,c1cc(ccc1CON2[C@H]3CCCC[C@@H]3N(C(=O)C2=O)OCc4ccc(cc4)Br)Br,5.49,7.3
303,Cc1cc(c(n1CCOC)C)C(=O)CSc2c3c(c(sc3ncn2)C)C,4.59,6.5
304,C[C@@H]1CCc2c(sc3c2c(ncn3)SCC(=O)Nc4cc(ccc4C(=O)OC)C(=O)OC)C1,5.79,6.5
305,Cc1ccc(cc1C)NC(=O)[C@@H]2CCCN2C(=O)OC(C)(C)C,3.9,5.0
306,CC(=O)[C@@]1(CC[C@@H]2[C@]1(CC[C@H]3[C@@H]2CCC4=CC(=CC[C@@]34C)NOCC(=O)N[C@@H](c5ccccc5)C(=O)OC)C)O,6.27,7.3
307,CCCC[C@]1(NC(=S)N(N1)c2ccc(cc2)C)c3ccccc3,5.1,10.0
308,C1CCc2c(c3c(nc(nc3s2)SCC(=O)N(CCO)CCO)N)C1,3.2,10.5
309,Cc1cc2c(c(c1C)[N+](=O)[O‐])nsn2,2.64,5.0
310,CCOP(=O)(Cc1ccc(o1)CP(=O)(OCC)OCC)OCC,3.25,7.3
311,COc1ccc(cc1)/N=C/c2ccc(cc2)/C=N/c3ccc(cc3)OC,5.24,10.0
312,CCCc1c2c(n[nH]1)OC(=C([C@@]23c4ccccc4N(C3=O)CC(=O)N)C(=O)OC)N,4.48,8.0
313,c1ccc2c(c1)ncc(n2)c3cccc(c3)NC(=O)c4cccs4,4.34,7.3
314,c1ccc(cc1)N2[C@@H]([C@@H]3[C@H](O2)C(=O)N(C3=O)c4ccc(cc4)Cl)c5ccccc5OS(=O)(=O)c6ccccc6,6.47,7.3
315,CCCC(=O)OCC(=O)Nc1ccc(cc1Cl)F,3.02,5.0
316,c1ccc2c(c1)/C(=C/3\C(=O)N(C(=S)S3)Cc4ccco4)/C(=O)N2CC(=O)Nc5ccc(cc5)F,6.36,6.5
317,Cc1ccccc1c2nc(on2)CCl,3.3,5.0
318,c1ccc(cc1)CSC[C@@H]2C(=O)N(C(=S)N2)C3CCCCC3,4.58,2.0
319,CCOC(=O)N1CCN(CC1)C(=O)c2ccc(cc2)N3C(=O)[C@H]4CCCC[C@@H]4C3=O,3.74,5.0
320,CC(C)CCn1c2c(nc1NCCO)n(c(=O)n(c2=O)C)C,5.36,5.0
321,COc1ccc(c(c1)NC(=O)c2ccc(cc2)NC3=C(C(=O)N(C3=O)C4CCCCC4)Cl)OC,5.96,5.0
322,N1(C(=CC=CC(=O)C(F)(F)F)C(c2c1cccc2)(C)C)C,4.41,6.5
323,C[C@H]1CCc2c(sc(n2)NC(=O)c3ccc(c(c3)F)F)C1,4.79,6.5
324,CC1(C(=NC(=S)N1c2ccc(cc2)OC)N[C@@H]([C@H](n3cncn3)Oc4ccc(cc4)Cl)C(C)(C)C)C,5.56,6.5
325,C1(=C(NC(=C(C1c1sccc1)C#N)SCCCCCC)C)C(Nc1c(cccc1)OC)=O,6.28,5.0
326,C1C=C[C@@H]2[C@H]1[C@@]3(C(=C([C@]2(C3(Cl)Cl)Cl)Cl)Cl)Cl,5.69,5.0
327,Cc1c(c(=O)n(n1C)c2ccccc2)N/C=C\3/c4ccc(cc4C(=O)N(C3=O)Cc5ccco5)OC,4.66,10.0
328,CCCCC(=O)Nc1ccc(c(c1)[N+](=O)[O‐])F,3.04,5.0
329,CCO/C(O)=C/c2nc1nonc1nc2O,1.61,10.0
330,CCC(=O)N1c2ccccc2‐c3c(nc(nn3)SC)O[C@H]1c4ccc(c(c4)OC)OCC,3.95,7.3
331,c1c(cc2c(c1)OCO2)/C=C/C(=O)NCCCCNC(=O)/C=C/c3cc4c(cc3)OCO4,4.59,5.0
332,COc1cc(cc(c1)OC)C(=O)Oc2ccc(cc2)C(=O)OC,4.64,5.0
333,COc1ccc(cc1CSc2ccccn2)[C@H]3C(=C(N(C4=C3C(=O)CCC4)c5ccccc5C(F)(F)F)N)C#N,5.45,10.5
334,CC(C)C(=O)N[C@@H](C(Cl)(Cl)Cl)Oc1ccc(cc1)C=O,3.68,5.0
335,CC(C)[C@@H](C(=O)Nc1nc(cs1)c2ccc(cc2)S(=O)(=O)N3CCOCC3)N4C(=O)c5ccccc5C4=O,5.32,7.3
336,CC(C)OC(=O)C1=C(OC(=C([C@@H]1c2ccncc2)C#N)N)CSc3c(cc4c(n3)CCCCC4)C#N,5.43,10.0
337,Cc1ccccc1OCC(=O)NCCNC(=O)COc2ccccc2C,4.25,6.5
338,CC(=O)N1CC(=O)N(C1=S)CC(=O)N(Cc2ccccc2)c3nc(cs3)c4ccccc4,4.43,6.5
339,COc1cc(cc(c1OC)OC)[C@@H]2C3=C(CCCC3=O)N(C(=C2C(=O)c4ccccc4)N)c5ccccc5C(F)(F)F,4.51,5.0
340,Cc1nnc(s1)N2[C@@H](c3c(=O)c4ccccc4oc3C2=O)c5cccc(c5)OCC=C,4.52,6.5
341,CCOc1cc(cc(c1OCC#C)I)C=C2C(=O)N(C(=S)N(C2=O)C)C,3.72,5.0
342,COc1nc(nc(n1)Cl)Nc2ccccc2,2.89,5.0
343,c1cc(cc(c1)Oc2ccc3c(c2)C(=O)N(C3=O)CCO)Oc4ccc5c(c4)C(=O)N(C5=O)CCO,4.61,5.0
344,Cc1cccc(c1)n2c(cn3c2nc4c3c(=O)n(c(=O)n4C)C)c5cccc(c5)OC,4.16,5.0
345,CCc1ccc(cc1)c2csc(n2)/C(=C/Nc3ccc4c(c3)OCO4)/C#N,6.59,5.0
346,CCN(c1nnc(s1)c2ccc(cc2)Cl)C(=O)CN3C(=O)[C@@H]4CCCC[C@@H]4C3=O,4.91,6.5
347,Cc1c2c(n(c(c2c(nn1)C)C)[C@H](C)c3ccc(cc3)OC)C,3.43,8.0
348,C[C@@H]1CCCN(C1)c2nc3c(n2CCSc4nc5ccccc5s4)c(=O)n(c(=O)n3C)C,5.05,6.5
349,c1ccc(cc1)COC(=O)CSc2c(c(sn2)SCC(=O)OCc3ccccc3)C#N,5.6,5.0
350,c1cc(sc1)/C=C/2\C(=O)N(C(=S)S2)CCCCCC(=O)N3CCOCC3,4.92,6.5
351,Cc1c(c(=O)c2ccc(cc2o1)OCC(=O)OCC=C)c3ccc(cc3)Cl,4.84,5.0
352,CCc1cc2c3c(c1)[C@@]4(C(=C(OC5=C4C(=O)CC(C5)(C)C)N)C#N)C(=O)N3C(C=C2C)(C)C,5.39,10.5
353,CCCSc1nc2c(c(=O)n1c3ccc(cc3)Br)SCC2,4.61,10.0
354,CCCCCC(=O)NC1(CCCC1)CCC,4.28,5.0
355,CCOC(=O)C1=C(OC(=C([C@H]1c2cccc(c2)I)C#N)N)C,4.48,5.0
356,CCCCN1[C@H]2[C@@H](N(C1=O)C)N(C(=O)N2C)CCCC,2.69,5.0
357,Cc1c(sc(n1)SCCOc2ccccc2)C(=O)C,3.86,2.0
358,c1ccc(cc1)[C@H]2[C@@H]3[C@@H](C(=O)N(C3=O)c4ccccc4)C5(O2)C(=O)c6ccccc6C5=O,4.0,5.0
359,CCc1ccc(cc1)[C@@H]2C(=C(N=C3N2C(=O)CCS3)C)C(=O)OC(C)C,4.75,10.0
360,Cc1cc2c(c(=O)o1)[C@H](C(=C(O2)N)C#N)c3cccc(c3F)F,3.1,10.5
361,c1(c(c(nc(c1F)F)F)F)NN,0.86,7.0
362,c1ccc(cc1)/C=C/C(=O)Nc2ccc(cc2)N3CCN(CC3)C(=O)c4cccs4,4.94,7.0
363,CCOc1cc(ccc1OCc2ccc(cc2)Cl)[C@@H]3C(=C(NC(=S)N3)C)C(=O)OCC,5.31,5.0
364,Cc1cc(c(n1C[C@@H]2CCCO2)C)C(=O)COC(=O)c3ccc(cc3OC)OC,4.18,5.0
365,Cc1c2c(nc3n(c2=O)CCCCC3)sc1C(=O)N4CCN(CC4)S(=O)(=O)c5ccccc5,4.13,10.5
366,CC(=C)CSc1nnc(n1C2CCCC2)c3cccc(c3)S(=O)(=O)N4CCOCC4,4.73,10.5
367,c1cc(sc1)c2nnc(o2)SCC(=O)NCCN3C(=O)CSC3=O,2.31,5.0
368,Cn1c2ccccc2nc1[C@@H](C#N)C(=O)[C@H](c3ccccc3)Sc4ccccc4,5.28,7.0
369,c1cc(ccc1NC(=O)c2ccc(o2)COc3ccc(cc3)I)OC(F)F,5.99,5.0
370,Cc1ccc(cc1)CN2C(=O)/C(=C/[C@H]3CCC=CC3)/SC2=S,6.26,6.5
371,c1ccc(cc1)CCNC(=O)c2ccc(cc2)Cl,3.71,5.0
372,c1cc(cc(c1)S(=O)(=O)N2CCOCC2)C(=O)N3CCN(CC3)c4cccc(c4)Cl,4.34,7.3
373,CC(=O)c1ccc(cc1)NC(=O)CNC(=O)CNC(=O)[C@H]2[C@H]3[C@@H]([C@@H]4[C@H](O2)OC(O4)(C)C)OC(O3)(C)C,3.39,5.0
374,Cc1cccc(c1NC(=O)Cn2cc(c3c2cccc3)C(=O)C4CC4)C,3.47,2.0
375,CCOC(=O)c1c2c(sc1NC(=O)CSc3nnc(s3)C)CCCCC2,5.03,7.3
376,Cc1ccc(c(c1)C)N(C[C@@H](Cn2c3ccccc3c4c2cccc4)O)S(=O)(=O)C,5.56,6.5
377,CC1CCC2(CC1)N=C(C(=O)N2CC(=O)Nc3ccc4c(c3)OCCO4)c5ccccc5,5.07,6.5
378,CC(C)CN1C(=O)/C(=C/[C@H]2CCC=CC2)/SC1=S,6.66,5.0
379,C[C@@]12CC[C@H]3[C@@]1(CO[C@@]2(C3)C(=O)NCC(F)(F)F)C,3.11,5.0
380,Cc1c(c(cc(c1C)Br)C(=O)NCCCOC)C,2.93,10.5
381,C=CCN2C1=C(OC)C=CC=C1S/C2=N\C(C3=CC(OC)=C(OC)C(OC)=C3)=O,5.14,10.5
382,CC[C@@H]1CCCCN1C(=O)COc2cccc3c2CCN(C3=O)Cc4ccc(cc4)Cl,5.23,6.5
383,O=C(C3=CC=C(S(=O)(N(C4=CC=CC=C4)C)=O)C=C3)\N=C2N(C)C1=CC=C([N+]([O‐])=O)C=C1S/2,5.84,6.5
384,Cc1c(c(n(n1)c2ccccc2)N)c3ccccc3,3.27,7.3
385,c12n(nc(n2)SCc2c(cccc2)F)C(C(=C(N1)C)C(Nc1c(cccc1)OC)=O)c1ccncc1,4.66,7.3
386,Cc1cc(=O)oc2c1ccc(c2)OC[C@H]3c4cc(c(cc4CCN3C(=O)C5CCCCC5)OC)OC,5.07,5.0
387,c1cc(oc1)C(=O)N2CCN(CC2)c3ccc(cc3Cl)NC(=O)c4c(c(c(c(c4F)F)F)F)F,5.85,6.5
388,CCCOc1ccc(cc1)NC(=O)C[C@H]2C(=O)N(C(=S)N2C3CC3)c4ccc(cc4)Cl,5.41,5.0
389,Cc1c(cn(n1)C)c2cc(nc(c2C#N)SCC(=O)NCC=C)C(F)F,3.74,6.5
390,c1cc(c(c(c1)Cl)Cn2ccc(n2)Nc3nnc(s3)Cc4ccc(cc4)n5cnnn5)C,4.99,10.0
391,Cc1cc(nn1[C@@H](C)c2nnc(s2)Nc3ccn(n3)Cc4ccccc4)C(F)(F)F,5.34,10.0
392,Cn1c(c(cn1)Br)C(=O)N2CCCCCC2,2.63,5.0
393,Cn1cnnc1SCC(=O)Nc2cc(c(cc2C(=O)OC)OC)OC,2.78,7.3
394,CC1=C([C@H](NC(=O)N1)c2ccc(c(c2)OC)OC(F)F)C(=O)OC(C)C,3.75,5.0
395,CC1=NN([C@@](C1)(c2ccc(cc2)Cl)O)C(=O)c3ccccc3Cl,3.73,5.0
396,Cc1cc(n(c(=O)c1C#N)/N=C/c2ccccc2OC)C,3.08,5.0
397,c1cc(cc(c1)C(=O)N2CC[C@H](n3c2ccn3)C(F)(F)F)COCC(C(F)F)(F)F,4.27,5.0
398,c1c(nc2cc(nn2c1C(F)(F)F)C(=O)NC[C@H]3CCCO3)C4CC4,3.33,5.0
399,CCn1cc(c(n1)C)CN(C)C(=O)c2cc3cc(ccc3oc2=O)Br,3.27,5.0
400,C[C@@H]1CCCCN1C(=O)CCCCC(=O)N2CCCC[C@H]2C,3.42,5.0
401,CCCn1c2ccccc2c3c1nc(nn3)SCC(=O)N[C@H](C)c4ccccc4,4.36,7.3
402,CCCC1=C([C@@H](NC(=O)N1)c2ccc3c(c2)OCO3)C(=O)OCC,3.59,5.0
403,Cc1c2c([nH]n1)OC(=C([C@H]2c3ccc(c(c3)OC)OCc4cccc(c4)F)C#N)N,4.42,10.5
404,Cc1oc(cc1)/C=C/C(=O)NCCNC(=O)/C=C/c2oc(cc2)C,3.97,5.0
405,C[C@@H]1CCC[C@H](N1C(=S)NCCCOC)C,2.8,5.0
406,CCSCCOC(=O)C1=C(NC2=C([C@H]1c3ccc4c(c3)OCO4)C(=O)C[C@H](C2)c5cccs5)C,5.0,10.0
407,c1cc(c(cc1NC(=S)NC[C@@H]2CCCO2)Cl)OC(F)F,3.74,5.0
408,Cc1c(c(n(n1)C)C)CN(C)C(=O)c2ccc(o2)Cn3c(c(c(n3)C)[N+](=O)[O‐])C,3.27,10.0
409,Cc1c(cnn1C)CN(C)C(=O)[C@@H](C)n2c(c(c(n2)C(F)F)Br)C,3.12,5.0
410,c1cc2c(cc1Cl)sc(c2Cl)C(=O)N3CCN(CC3)C(=S)NC[C@H]4CCCO4,4.83,5.0
411,Cc1c(cn(n1)C)c2cc(n3c(n2)cc(n3)C(=O)N4C[C@H](O[C@H](C4)C)C)C(F)(F)F,4.11,10.0
412,Cc1c(cn(n1)C)c2cc(n3c(n2)c(cn3)C(=O)N(C4CCCCC4)C5CCCCC5)C(F)(F)F,5.81,10.5
413,C[C@@H](C(=O)Nc1ccc2c(cc(=O)oc2c1)C(F)(F)F)n3c(c(c(n3)C(F)(F)F)Cl)C4CC4,6.63,5.0
414,Cc1c(c(nn1[C@@H](C)C(=O)N2CCOCC2)C(F)(F)F)Cl,3.08,5.0
415,c1ccc(cc1)NC(=O)CN2[C@@H]3[C@@H](C(=O)N(C3=O)c4ccc(cc4Cl)Cl)N=N2,4.3,6.5
416,CCn1ccc(n1)CN(C)C(=O)c2ccccc2COc3ccc(cc3F)F,4.43,5.0
417,Cc1ccc(c(c1)OCc2ccc(o2)c3[n‐]n4cnc‐5n[nH+]cc5c4n3)Cl,4.4,10.0
418,c1ccc(cc1)OCc2nnc(n2N)SC(F)F,1.85,7.3
419,CCn1c(nnc1SCC(=O)NCC=C)CCn2c(c(c(n2)C)Br)C,3.53,10.5
420,c1cc(oc1COc2c(c(cc(c2F)F)F)F)C(=O)NC3CC3,3.54,5.0
421,CCOCCOC(=O)C1=C(NC2=C([C@@H]1c3ccc(cc3)C)C(=O)CCC2)C,3.89,10.0
422,C[C@@H](c1nc2c3cnn(c3ncn2n1)c4ccccc4)n5cc(cn5)[N+](=O)[O‐],3.73,10.5
423,CCn1c(nnc1SCc2nc3c4cnn(c4ncn3n2)C)c5cc(n(n5)C)C(F)(F)F,3.85,7.3
424,CCOC(=O)N1CCN(CC1)C(=O)c2c3c(on2)CC[C@@H](C3)C(C)(C)C,4.52,5.0
425,Cc1cc(n2c(n1)cc(n2)c3nnc(o3)c4cccc(c4)C(F)(F)F)C(F)(F)F,4.92,10.0
426,CCCOC(=O)c1c(c(sc1NC(=O)C2CCN(CC2)S(=O)(=O)C)C(=O)N)C,3.9,6.5
427,CC(C)COc1ccc(cc1)C(=O)N2[C@@](CC(=N2)C(F)F)(C(F)F)O,5.16,5.0
428,CC(C)(C)c1cc(nc(n1)SCCNC(=O)C2CCCCC2)C(F)(F)F,5.77,6.5
429,CCn1cc(cn1)c2nc3c4c(c(sc4ncn3n2)C)C,3.77,5.0
430,CCCNC(=O)N1CCN(CC1)C(=O)NCCC,1.04,10.5
431,c1ccc(cc1)C(=O)[C@H](NC(=O)c2ccccc2)Sc3ncccn3,3.62,5.0
432,Cc1cc(n2c(n1)nnc2SCc3ccc(cc3)C(=O)c4ccccc4)C,4.43,10.5
433,CC(=O)N[C@@H]1[C@H]([C@H]2[C@@H](COC(O2)(C)C)O[C@@H]1Oc3cccc4c3cccc4)O,3.8,6.5
434,CC1=C(C(OCC)=O)C(C2=CC=CS2)N(C(/C(S4)=C/C3=CC=C(OC(C)=O)C=C3)=O)C4=N1,4.77,10.5
435,CCOC(=O)c1c(nc(s1)NCCNc2nc(c(s2)C(=O)OCC)C)C,4.66,10.5
436,CC(C)(C)N(C)C(=O)c1c(c(c(c(c1F)F)F)F)F,3.45,5.0
437,CCCC[C@H](CC)Cn1c2c(nc1SCC(=O)Nc3ccc(cc3)OC)n(c(=O)n(c2=O)C)C,5.51,5.0
438,c1cc2c(cc1Br)c(cn2CC(=O)N3CCCCCC3)C(=O)C(F)(F)F,4.62,5.0
439,c1ccc(cc1)S/C=C/C=C/S(=O)(=O)c2ccccc2,4.03,2.0
440,Cc1cc(c(s1)C)c2c3c([nH]n2)OC(=C([C@H]3c4ccc(cc4)NC(=O)C)C#N)N,4.26,9.0
441,Cc1c2c(n(n1)c3cccc(c3)Cl)OC(=C([C@@H]2c4ccc(cc4)NC(=O)C)C#N)N,4.93,7.0
442,c1cc(c(cc1)[N+](=O)[O‐])/C=N/c2ccc(cc2)/N=C/c3c(cccc3)[N+](=O)[O‐],2.95,10.0
443,c1ccc(cc1)C(=O)[C@@H]2[C@H](C([C@@H]3N2c4ccccc4C=C3)(C#N)C#N)c5ccc(s5)Br,5.05,6.5
444,CN(CCO)S(=O)(=O)c1ccc2c3ccc(cc3oc(=O)c2c1)S(=O)(=O)N(C)CCO,3.2,5.0
445,CCOCc1c(cc(c(c1C)[C@H]2c3c(n[nH]c3OC(=C2C#N)N)C)C)C,4.09,10.0
446,Cc1ccccc1O[C@H]2[C@@H](N(C2=O)Cc3ccc4c(c3)OCO4)c5ccc6c(c5)OCO6,4.37,2.0
447,Cc1ccc(cc1Cl)NC(=O)CSC2=C([C@@H](C(=C(N2)C)C(=O)Nc3ccccc3OC)c4ccco4)C#N,6.27,5.0
448,c1cc(sc1)S(=O)(=O)/N=C\c2ccc(cc2)Br,2.14,5.0
449,Cc1ccc(cc1)SCC(=O)NCc2cccc(c2)CNC(=O)CSc3ccc(cc3)C,5.08,5.0
450,c1ccc2c(c1)C(=O)N(S2(=O)=O)CC(=O)Nc3ccc(cc3)S(=O)(=O)N4CCCCCC4,4.73,5.0
451,Cc1ccc(cc1)c2nc3n(n2)C(=O)C[C@@H](S3)c4cccc(c4)[N+](=O)[O‐],4.49,5.0
452,CC(C)c1ccc(cc1)CNC(=O)C(=O)NCCCOC(C)C,4.57,5.0
453,COc1cc(cc(c1OC)OC)C(=O)Nc2cccc(c2)C#N,3.44,5.0
454,O=C(/C(S4)=C/C3=C([N+]([O‐])=O)C=C(OC)C(OC)=C3)N(C4=NC2)CN2C1=CC=C(OCC)C=C1,4.93,10.5
455,Cc1ccccc1N[C@@H](c2ccccc2F)P(=O)(OC(C)C)OC(C)C,5.63,5.0
456,CCn1c(nnc1SCC(=O)Nc2ccc(cc2)C(=O)OC)c3ccccc3,4.24,7.3
457,CC1(CC2=C([C@H](C(=C(N2c3ccc(cc3)Cl)N)C#N)c4ccc(c(c4)OC)OC)C(=O)C1)C,4.34,5.0
458,c1ccc(cc1)CSCC(=O)Nc2ccc(cc2)c3ccc(cc3)[N+](=O)[O‐],5.38,5.0
459,CCOc1ccc(cc1[C@H]2C3=C(CC(CC3=O)(C)C)Nc4n2ncn4)Br,3.85,7.3
460,CCOC(=O)CSc1nnnn1c2cccc3c2cccc3,3.8,5.0
461,C[C@@]12CC[C@@H](C1(C)C)C(=O)N(C2=O)CC#C,2.28,5.0
462,c1ccc(cc1)n2c(nnn2)OCCOc3nnnn3c4ccccc4,3.72,5.0
463,CS(=O)(=O)N(CC(=O)N1CCc2ccccc2C1)c3ccc(cc3)OCc4ccccc4,4.91,5.0
464,CCCOc1ccc(cc1)N2C(=O)C[C@@H](C2=O)N3CCNC3=S,2.68,6.5
465,CS(=O)(=O)N(CC(=O)Nc1c(cccc1F)F)c2cc(c(cc2Cl)Cl)Cl,4.34,6.5
466,CC(C)N(Cc1nc(no1)c2ccccc2)C(=O)c3ccccc3CCc4ccccc4,5.98,5.0
467,c1ccc(c(c1)CN(C(=O)c2cccc(c2)[N+](=O)[O‐])N3C(=O)c4ccccc4C3=O)F,4.47,6.5
468,c1cc(ccc1C(=O)N(Cc2ccc(c(c2)Cl)Cl)N3C(=O)[C@@H]4CCCC[C@H]4C3=O)Cl,5.51,6.5
469,C[C@H](C(=O)NC1CCCC1)N(c2ccc(cc2)Cl)S(=O)(=O)C,3.48,5.0
470,CC(=O)c1ccc(cc1NC(=O)c2ccccc2)C(C)(C)C,5.13,5.0
471,Cc1ccc(cc1)[C@@H](O)P(=O)(OCC(C)C)OCC(C)C,4.44,5.0
472,CCCCOC(=O)C1=C(NC2=C([C@H]1c3ccccc3OC)C(=O)CCC2)C,4.21,7.3
473,Cc1ccc2c(c1)c3c([nH]2)nc(nn3)N/N=C/C=C/c4ccco4,2.18,6.5
474,C1COCCN1P(=O)(OCC(F)(F)F)OCC(F)(F)F,2.69,5.0
475,c1cc(c(cc1)NC(=O)/C=C/c2occc2)NC(=O)/C=C/c3occc3,3.79,2.0
476,C/C(=C\c1ccco1)/[C@@H]2c3c([nH]nc3OC(=C2C#N)N)c4ccccc4,4.82,10.5
477,Cc1ccc(cc1)C(=O)Nc2cccc(c2)C(=O)OC,3.72,5.0
478,c12n(ncn2)C(C2=C(N1)CCCC2=O)c1c(cc(c(c1)OC)OC)OC,2.19,7.3
479,COc1ccc(cc1)[C@H]2C[C@H](Nc3n2ncn3)c4ccc(cc4)c5ccccc5,5.42,7.3
480,CCCCSC1=C([C@@H](C(=C(N1)C)C(=O)C)c2cccc(c2)[N+](=O)[O‐])C#N,4.44,10.0
481,c1ccc(cc1)OP(=O)(Oc2ccccc2)O[C@H]3CS(=O)(=O)C=C3,2.48,6.5
482,c1cc2c(cc1C(=O)c3ccc4c(c3)C(=O)N(C4=O)c5nccs5)C(=O)N(C2=O)c6nccs6,3.25,10.0
483,Cn1c(cc2c1nc3ccccn3c2=O)C(=O)N4CCC5(CC4)OCCO5,2.87,7.3
484,CCOC(=O)C1=C(NC2=C([C@H]1c3ccccc3OC)C(=O)C[C@@H](C2)c4ccc(c(c4)OC)OC)C,3.79,10.0
485,c1cc(sc1)C(=O)Nc2ccc(cc2)S(=O)(=O)c3ccc(cc3)NC(=O)c4cccs4,4.46,5.0
486,COc1ccc(cc1)N2C(=O)Cc3ccccc3C2=O,2.56,5.0
487,COc1ccc(cc1)[C@@H]2C3=C(C[C@@H](CC3=O)c4ccco4)Nc5ccccc5N2C(=O)C(F)(F)F,4.62,5.0
488,CCc1c(c(on1)c2c(c3ccccc3[nH]2)C(=O)C(=O)N(C)C)C,2.68,10.0
489,CCCC(=O)NC[C@@H](C)NC(=O)CCC,1.43,5.0
490,[C@]12([C@]3(OC4(CC(OC4)=O)CC3)[C@@H](CCC1[C@]1([C@@H](OC(OC1)(C)C)CC2)C)C)C,4.24,5.0
491,C[C@@H](c1ccccc1)NC(=O)C2CC2,1.85,5.0
492,CCOC(=O)C1CCN(CC1)C(=O)c2ccc(c(c2)/N=C\3/N[C@@H]4CS(=O)(=O)C[C@@H]4S3)Cl,2.96,10.5
493,Cc1cccc(c1C)NC(=O)Cc2ccc(cc2)Br,4.05,5.0
494,CC[C@H](C(=O)N1CCOCC1)SC2=Nc3ccccc3C4=N[C@H](C(=O)N42)Cc5ccccc5,3.95,10.0
495,CC[C@H](C(=O)Nc1ccc2c(c1)OCO2)SC3=Nc4ccccc4C5=N[C@H](C(=O)N53)CC(C)C,4.85,7.3
496,c1cc(cc(c1)N2C(=O)/C(=C/c3ccsc3)/SC2=S)C(F)(F)F,5.8,5.0
497,c1cc(ccc1/C=N/Oc2nc(nc(n2)N3CCOCC3)N)[N+](=O)[O‐],3.18,10.5
498,Cc1c(c(=O)n(n1C)c2ccccc2)Nc3c(nc4ccccc4n3)Nc5cccc(c5)C,5.96,5.0
499,c1ccc(cc1)C(=O)CSc2nc3cc(ccc3c(=O)n2Cc4ccco4)C(=O)N5CCC(CC5)C(=O)N,5.31,5.0
500,Cc1cc(nc2c1cccc2)SCC(=O)NCc3ccc4c(c3)OCO4,4.15,8.0
501,CCOc1cc(cc(c1OCC)OCC)C(=O)Nc2ccc(c(c2)OC)OC,4.11,5.0
502,COc1ccc(cc1COc2c(c(cc(c2F)F)F)F)C=O,4.24,5.0
503,CC[C@H](C)NC(=O)NC(C(F)(F)F)C(F)(F)F,2.84,5.0
504,CCc1ccccc1NC(=O)[C@@]23CC[C@@](C2(C)C)(C(=O)O3)C,3.31,5.0
505,Cc1ccc(cc1[N+](=O)[O‐])N2C(=O)[C@H]3[C@H](C2=O)C4(c5ccccc5C3c6c4cccc6)C(=O)C,4.74,5.0
506,CC1(Cc2c(cc(c(=O)n2c3ccccc3)C(=O)N[C@@H](CCSC)C(=O)OC)C(=O)C1)C,3.97,5.0
507,Cc1ccc(cc1C)C(=O)COc2cccc(c2)N3C(=O)[C@H]4[C@@H]5CC[C@@H](C5)[C@H]4C3=O,4.71,5.0
508,CCOc1cc(ccc1OCC#C)C2C3=C(CC(CC3=O)(C)C)OC4=C2C(=O)CC(C4)(C)C,4.93,5.0
509,C[C@@H](CCc1ccccc1)NC(=O)C(=O)NC[C@@H]2COc3ccccc3O2,4.8,6.5
510,C[C@H](c1ccccc1)NC(=O)CN(C2CCCCC2)S(=O)(=O)c3ccccc3,4.9,5.0
511,CCN1C(=O)/C(=C/c2cc(n(c2C)c3ccc4c(c3)OCO4)C)/SC1=S,2.52,6.5
512,COc1cc2c(cc1OC)[C@H](N(CC2)C(=O)/C=C/c3ccccc3)COc4ccc(cc4)F,5.45,5.0
513,CCN(c1ccccc1)C(=O)C(=O)c2cn(c3c2cccc3)CC(=O)N4CCOCC4,2.05,2.0
514,Cc1c(sc2c1c(=O)n(cn2)CC(=O)N[C@@H]3CCC[C@H]([C@H]3C)C)C,4.34,8.0
515,c1ccc2c(c1)c(c(s2)C(=O)NC[C@@H]3CCCO3)Cl,3.56,5.0
516,Cc1ccc(cc1)N(CC(=O)NC[C@@H]2CCCO2)S(=O)(=O)c3ccc(cc3)SC,4.3,5.0
517,CCOC(=O)C(C)(C)N(CCC(C)C)S(=O)(=O)c1ccc(cc1)[N+](=O)[O‐],4.75,5.0
518,c1ccc(cc1)n2c(=O)c3ccccc3c(n2)C(=O)N4CCOCC4,2.47,7.3
519,CCCc1ccc(c(c1)OC)OCc2ccc(o2)C(=O)Nc3ccccc3C(=O)OC,5.89,5.0
520,c1cc(cc(c1)Br)[C@@H]2C(=O)N(CC(=O)N2CCC3=CCCCC3)C4CCCCC4,5.6,5.0
521,CC1CCN(CC1)S(=O)(=O)N2CCC(CC2)C(=O)N[C@@H](C)c3ccccc3,4.92,5.0
522,c1ccc(cc1)CNC(=O)/C(=C/c2ccc(cc2)Cl)/NC(=O)c3ccccc3,4.41,5.0
523,c1ccc(c(c1)C(F)(F)F)NC(=O)C2CCC2,2.55,5.0
524,CC(=O)N1CC(=O)N([C@@H]1c2ccc(cc2Cl)Cl)OCOC,1.98,2.0
525,CCCCOc1ccc(cc1)C(=O)N(CCN2C(=O)c3ccccc3C2=O)c4cccc(c4)OC,5.35,5.0
526,COc1cc(ccc1OCc2ccccc2)/C=N\n3cnc4c(c3=O)c5c(s4)CCCC5,5.68,5.0
527,C[C@]12CC[C@@H]3[C@]1(CN([C@]2(C3)C#N)C(=O)c4cccc(c4)[N+](=O)[O‐])C,3.25,5.0
528,Cc1ccc(cc1)N2[C@H]3CS(=O)(=O)C[C@H]3N(C2=O)c4cccc(c4)Cl,3.56,5.0
529,Cc1cc(nc(n1)n2c3c(c(n2)C)[C@H]([C@@H]4C(=O)CC(C=C4N3)(C)C)c5ccco5)C,4.34,7.3
530,C[C@@H]1CCC[C@@H](N1C(=O)COC(=O)c2ccc3c(c2)S(=O)(=O)c4ccccc4C3=O)C,4.39,5.0
531,c1ccc(cc1)CC2CCN(CC2)C(=O)COC(=O)C3CCCCC3,4.98,5.0
532,Cn1c(c(c(=O)n(c1=O)C)C(=O)CSc2c(nc3ccccc3n2)SCC(=O)c4c(n(c(=O)n(c4=O)C)C)N)N,2.59,10.5
533,COc1cc(ccc1OS(=O)(=O)c2ccc(c(c2)F)F)C=O,3.68,6.5
534,COc1ccc(cc1)S(=O)(=O)N(CC(=O)OC)c2ccccc2,3.43,5.0
535,c1ccc2c(c1)CCN2S(=O)(=O)c3cccc(c3)C(=O)OCC(=O)Nc4ccc(c(c4F)F)F,5.31,5.0
536,CC1(c2ccccc2N(C1=CC(=O)COC(=O)C(c3ccccc3)c4ccccc4)C)C,6.27,5.0
537,c1cc(cc(c1)[N+](=O)[O‐])c2nc(on2)CC3CCCCC3,5.17,5.0
538,Cc1ccc(cc1)S(=O)(=O)N(C)c2ccc(cc2)OCC(=O)N3CCN(CC3)c4ncccn4,4.46,10.5
539,C[C@H]1CCCN(C1)C(=O)COC(=O)COc2cc(c(cc2Cl)Cl)Cl,4.97,6.5
540,COc1cc(cc(c1OC)OC)C(=O)COC(=O)CCCOc2ccc(cc2Cl)Cl,5.59,6.5
541,C[C@@H](COC)NC(=O)CCl,0.61,6.5
542,Cc1c(c2ccccc2[nH]1)C3=CN4CCS(=O)(=O)N=C4S3,1.56,2.0
543,Cc1c(c(no1)c2c(cccc2Cl)F)C(=O)OCC(=O)N3[C@@H](CCC[C@H]3C)C,4.38,5.0
544,CC[C@H]1CS/C(=N\c2cccc(c2)C)/N1C(=O)CCN3C(=O)c4ccccc4C3=O,4.96,8.0
545,N#CC(=Cc1cc2c(cc1)OCO2)C(=O)NCc1cccc(c1)CNC(=O)C(=Cc1cc2c(cc1)OCO2)C#N,4.92,6.5
546,CCc1cc2c(s1)nc(n(c2=O)CC=C)SCC(=O)N3C[C@]4(C[C@@H]3CC(C4)(C)C)C,6.04,10.5
547,CCOC(=O)c1c([nH]c(c1C(=O)COC(=O)c2ccc(c(c2)S(=O)(=O)N3CCOCC3)F)C)C,3.63,5.0
548,COc1cc(ccc1OC(F)F)/C=C/C(=O)Nc2ccc(cc2)N3CCCCC3,5.36,8.0
549,CC[C@@H]1CCCCN1C(=O)CSc2nc(cc(n2)C)C,3.61,10.5
550,Cn1c(c(c(=O)n(c1=O)C)C(=O)COC(=O)c2cc(ccc2OC)S(=O)(=O)N3CCCCCC3)N,4.59,10.5
551,c1ccc\2c(c1)CN(/C2=N\C(=O)/C(=C/c3ccc4c(c3)OCO4)/C#N)c5cccc(c5)[N+](=O)[O‐],5.4,10.5
552,Cc1ccc(s1)C(=O)NCC(=O)O[C@H](c2ccccc2)C(=O)Nc3ccc(c(c3)Cl)OC,4.54,2.0
553,CCN(CC)S(=O)(=O)c1ccc(cc1)C(=O)N2CCNC(=O)[C@H]2CC(=O)OC,1.14,2.0
554,Cc1c(sc(n1)N)C(=O)OC,1.48,7.3
555,CCOC(=O)c1c(c(c([nH]1)C)C(=O)OCC(=O)N2CCc3c2cccc3)C,4.47,6.5
556,CCCCNC(=S)N(C)/N=C/c1ccc(c(c1)OC)OCc2ccc(cc2)Cl,6.8,6.5
557,CCCN(CC1CC1)C(=S)Nc2cc(ccc2Cl)[N+](=O)[O‐],4.1,5.0
558,c1ccc2c(c1)c(cc(n2)c3ccccc3Cl)C(=O)N4C(=O)c5cccc(c5C4=O)N,4.63,10.5
559,C[C@H]1Cc2ccccc2N1S(=O)(=O)c3cccc(c3)C(=O)OCc4cc(cc5c4OCOC5)[N+](=O)[O‐],6.01,5.0
560,Cc1ccccc1N2C(=O)c3ccc(cc3C2=O)C(=O)OCC(=O)c4c(n(c(=O)n(c4=O)C)C)N,4.55,10.5
561,Cc1cc(ccc1NC(=S)NCCc2c[nH]c3c2cccc3)Cl,4.34,5.0
562,c1ccc(cc1)c2csc3c2c(ncn3)N4CCC[C@@H](C4)CO,3.9,8.0
563,c1cc(ncc1C(=O)OCC(=O)N(C2CCCCC2)C3CCCCC3)Cl,4.99,5.0
564,CC(=O)N1Cc2ccccc2C[C@H]1C(=O)OCc3ccc(cc3)C#N,2.41,2.0
565,COc1cc2c3ccccc3oc2cc1NC(=O)COC(=O)c4cc(c(cc4[N+](=O)[O‐])OC)OC,5.04,5.0
566,Cc1ccc(c(c1)S(=O)(=O)N(C)c2ccc(cc2)OC(=O)c3ccc4c(c3)OCO4)C,5.87,5.0
567,c1cc(ccc1/C=C/C(=O)C(=C2SCS2)C(=O)N)Cl,3.64,6.5
568,Cc1ccc(c(c1)n2c(nnn2)SCC(=O)Nc3cc(cc(c3)C(=O)N)C(=O)N)OC,4.15,5.0
569,CC(C)NC(N2CCN(CC2)S(=O)(c1cccc(C(F)(F)F)c1)=O)=S,3.9,5.0
570,c1ccc2c(c1)C(=O)N(C2=O)CCOC(=O)[C@@H]3C[C@@H](CN3S(=O)(=O)c4ccc(cc4)Cl)O,3.65,5.0
571,COC(=O)C(=O)C1=C(NC(=O)N[C@@H]1c2ccc(cc2)Cl)c3ccc(cc3)Cl,3.56,2.0
572,N1(N=NN=C1)CC(=O)N(CC1=CC=CS1)CC1=CC=CO1,4.33,5.0
573,CN(c1ccccc1)S(=O)(=O)c2ccc(cc2)C(=O)N3CCN(CC3)c4ccccc4C,5.31,10.5
574,CCOC(=O)c1c(c(c([nH]1)C)C(=O)OCC(=O)N(C)[C@@H]2CCS(=O)(=O)C2)C,3.35,5.0
575,CC(=O)c1ccc(cc1)c2ccc(o2)[C@@H]3[C@H](C(=C)NC(=S)N3)C(=O)OC(C)(C)C,4.53,5.0
576,Cn1c(c(c(=O)n(c1=O)C)C(=O)CSc2nnc(n2c3cccc(c3)C(F)(F)F)c4ccc(cc4)OC)N,4.89,10.5
577,CC(=O)NCCc1ccc(cc1)S(=O)(=O)N2CCOCC2,2.0,5.0
578,CCN([C@@H]1CCS(=O)(=O)C1)C(=O)COC(=O)/C(=C/c2ccc(cc2)Cl)/c3ccc(cc3)F,4.95,5.0
579,Cc1ccc(c(c1)C)NC(=O)COC(=O)/C(=C/c2cccs2)/c3cccs3,3.83,6.5
580,CN(C)S(=O)(=O)c1cccc(c1)Cn2c3cc(ccc3n(c(=O)c2=O)Cc4ccccc4)C,3.37,2.0
581,COC(=O)CCNc1c2c3c(sc2nc(n1)c4cccnc4)CCCC3,4.69,10.5
582,CCCn1c(nnc1SCc2cc(=O)n3cc(ccc3n2)Br)c4cccc(c4)C,4.43,6.5
583,C[C@@H](C(=O)OCC(=O)/C=C/1\C(c2ccccc2N1C)(C)C)NC3=NS(=O)(=O)c4c3cccc4,4.21,2.0
584,CCOc1cc(cc(c1OCC(=O)N)Br)/C=N/n2cnc3c(c2=O)c(c(s3)C)C,4.98,10.5
585,Cn1c(c(c(=O)n(c1=O)C)C(=O)COC(=O)C2CC2)N,2.17,10.0
586,c1ccc2c(c1)cc3ccccc3c2C(=O)OCC(=O)N4CCCC4,4.09,5.0
587,c1cc(cc(c1)N/C=C/C(=O)c2ccc(cc2)Br)C(F)(F)F,5.65,5.0
588,C1(=C(NC(=C(C1c1occc1)C(=O)OC)C)C)C(=O)OCC,3.67,10.0
589,c1cc(ccc1/C=C/C(=O)OCC(=O)Nc2cc(ccc2N3CCOCC3)C(F)(F)F)F,5.08,2.0
590,N1(C2=C(N(C)N(C2=O)c2ccccc2)C)C(=C(C(=O)COC(=O)C2=C(c3c(cccc3)O2)COC(C)C)C=C1C)C,5.39,5.0
591,c1ccc2c(c1)OC[C@H](O2)C(=O)Nc3ccc4c(c3)OCO4,3.28,5.0
592,COc1ccc(cc1)c2nnc(n2N)SCc3cc(=O)oc4c3c5ccccc5cc4,4.24,5.0
593,Cn1c(c(c(=O)n(c1=O)C)C(=O)CSc2nc3c(c4c(s3)CCC4)c(=O)n2Cc5ccccc5)N,5.21,10.5
594,CS(=O)(=O)N(CC(=O)Nc1ccccc1C(=O)NCc2ccco2)c3ccc(cc3)C,4.32,5.0
595,CCOC(/C=c(n(CC(N(C)C)=O)c2=O)/[S]/c2=C/c1c(F)cccc1F)=O,3.17,2.0
596,C[C@@]12CC[C@@](C1(C)C)(c3c2nc4ccccc4n3)C(=O)Nc5ccccc5C(F)(F)F,6.01,7.3
597,Cc1cc(c(n1Cc2ccc3c(c2)OCO3)C)C(=O)CN4C(=O)[C@@H]5CC=CC[C@H]5C4=O,4.38,5.0
598,Cc1cc(c(n1c2cc(on2)C)C)C(=O)COC(=O)/C=C/c3cccc(c3)OC,5.2,6.5
599,Cc1cccc(c1)n2c(nnc2S[C@@H](C)C(=O)N)c3cccc(c3)S(=O)(=O)N(C)C,3.81,10.5
600,COc1cc(cc(c1OC)OC)/C=C/C(=O)N[C@H]2CCCc3c2cccc3,4.27,5.0
601,C[C@H]1CN(/C(=N/c2ccc(cc2)Cl)/S1)C(=O)c3csc4c3CCCC4,5.53,5.0
602,S(=O)(=O)(N1CCCCC1)c1cccc(c1)C(=O)N1Cc2cc(c(cc2CC1)OC)OC,4.2,5.0
603,COc1ccc(cc1)N(CC(=O)N[C@@H]2CCS(=O)(=O)C2)S(=O)(=O)c3ccc(c(c3)Cl)C,3.32,2.0
604,CC1=NC(=C([C@H](C1C(=O)OC)c2cccc(c2)Cl)C(=O)OC)C,4.22,10.0
605,CC(C)[C@H](C(=O)NC(=O)N)Sc1nnc(n1C)C(F)(F)F,2.12,7.3
606,CC(C)N(Cc1nnc(o1)c2ccc(cc2)Cl)C(=O)[C@@H]3COc4ccccc4O3,4.09,2.0
607,COc1ccc(cc1)C(=O)CSc2nnc(o2)c3ccccc3,4.15,5.0
608,Cc1cc(n2c(n1)nc(n2)SCC(=O)NCCNC(=O)CSc3nc4nc(cc(n4n3)C)C)C,0.82,10.5
609,Cn1c(=O)c(c(n(c1=O)Cc2ccccc2)N)C(=O)CN3CCSc4c3cccc4,4.71,10.5
610,COc1c([N+]([O‐])=O)cc(C(OCC(NC2CCCCCCC2)=O)=O)cc1,4.28,5.0
611,c1c2c(cc3c1c(co3)CC(=O)O[C@H]4CCCCC4=O)CCC2,4.43,5.0
612,c1ccc2c(c1)C(=NS2(=O)=O)NCCCC(=O)OCc3cc(cc4c3OCOC4)[N+](=O)[O‐],3.52,6.5
613,CCN(CC)S(=O)(=O)c1ccc2c(c1)n(nn2)OCC(=O)NC(c3ccccc3)c4ccccc4,4.49,5.0
614,CC(=CC(=O)OCC(=O)Nc1ccc(cc1)S(=O)(=O)N(C)C)C,2.26,2.0
615,Cc1c(cccc1n2cnnn2)NC(=O)CC(c3ccccc3)c4ccccc4,3.2,2.0
616,Cc1c(c(=O)n(n1C)c2ccccc2)NC(=O)COC(=O)c3cccnc3SC,3.63,8.0
617,Cc1ccc(cc1NC(=O)c2ccco2)C(=O)N3C(=O)c4cccc(c4C3=O)N,3.55,7.0
618,CC(C)NC(=O)COC(=O)c1ccc(cc1)S(=O)(=O)N2CCCCCC2,3.78,5.0
619,CC(=O)N(c1ccccc1)c2nc(cs2)/C=C/C(=O)Nc3ccc4c(c3)OCO4,4.37,8.0
620,CC(=O)Nc1cccc(c1)C(=O)OCC(=O)c2c(n(c(=O)n(c2=O)C)C)N,3.57,5.0
621,COc1cccc(c1)C(=O)N2CCC[C@@H](C2)c3ccccc3,4.04,5.0
622,O=C(CSc2n(Cc3ccccc3)c(c4occc4)nn2)N1C(C)CCCC1C,4.49,7.3
623,Cc1cc(n2c(n1)nc(n2)S[C@@H](C)C(=O)NCC(=O)Nc3ccc(c(c3F)F)F)C,2.18,2.0
624,c1cc(oc1)C(=O)N2CCN(CC2)C(=O)Cn3cc(cc(c3=O)Cl)C(F)(F)F,2.27,5.0
625,COc1cccc(c1)NC(=O)[C@@H](c2ccccc2)OC(=O)C3=COCCO3,3.81,5.0
626,CCOC(=O)c1ccc(cc1)CNC(=O)CSc2nc3c(c(c(s3)C)C)c(=O)n2CC=C,4.83,7.3
627,c1ccc2c(c1)c(=O)n(c(n2)SCC(=O)NC3CCCCC3)c4ccc(cc4)Cl,4.92,6.5
628,Cc1cccc(c1NC(=O)CNC(=O)C2CCN(CC2)S(=O)(=O)c3cccc(c3Cl)Cl)C,3.41,2.0
629,Cc1c(c([nH]c1C(=O)COC(=O)c2ccccc2NC(=O)c3ccco3)C)C(=O)C,4.73,5.0
630,C[C@H](C(=O)NCC(=O)Nc1ccc(c(c1F)F)F)Sc2nnnn2c3ccc(cc3)Cl,4.52,5.0
631,Cc1ccc(o1)/C=C/C(=O)N2CCN(CC2)c3ccc(cc3)C(=O)C,4.3,10.0
632,COc1ccc(cc1)C(=O)/C=C/C=C(Cl)Cl,4.4,5.0
633,CCC(CC)NC(=O)c1ccc(c(c1)S(=O)(=O)N2CCCC2)Cl,3.6,5.0
634,Cn1c(nnc1SCC(=O)NC2CCCCCC2)c3ccc(cc3)Cl,4.21,7.3
635,O=C(NCc2cc(OCO3)c3cc2)C(C)SC4=Nc1c(C(N4c5ccc(F)cc5)=O)cccc1,4.63,5.0
636,CCOC(=O)C1=C(NC(=O)C[C@@H]1c2cc(c(cc2Br)OC)OC)C,3.93,5.0
637,Cc1ccc(cc1NC(=O)Cc2coc3c2cc4c(c3)CCC4)C(=O)OC,4.78,5.0
638,CCN(CC)S(=O)(=O)c1ccc(cc1)/C=C/C(=O)NC2CCCCC2,4.34,5.0
639,c1ccc(cc1)NC(=O)COC(=O)c2ccccc2F,3.18,5.0
640,CCCCNc1ccccc1C(=O)OCC(=O)N[C@@H]2CCS(=O)(=O)C2,4.09,8.0
641,Cc1cc(c(n1CCOC)C)C(=O)CSc2nnc3n2c4ccccc4[nH]3,3.45,10.5
642,c1ccc(c(c1)C(=O)OCC#N)SCC(=O)N2CCCC2,2.57,6.5
643,COC(=O)c1ccc(c(c1)S(=O)(=O)N2CCCCC2)Br,3.66,5.0
644,CCOc1ccc(cc1OCC)NC(=O)CN(C)C(=O)c2ccc(o2)C,2.09,10.5
645,Cc1ccc(cc1F)NC(=O)CSc2nnc(n2CC=C)c3cccs3,4.48,7.3
646,c1ccc(cc1)c2ccccc2NC(=O)CSc3nnc(n3N)c4ccc(cc4)OC(F)F,4.85,5.0
647,C[C@@H](c1ccccc1)NC(=O)CSc2c3cnn(c3ncn2)c4ccccc4,4.73,10.5
648,CCOC(=O)N1CCN(CC1)C(=O)/C=C/c2ccc(c(c2)Cl)Cl,4.34,5.0
649,C[C@H]1C[C@@H](CN(C1)C(=O)CSc2nnc(n2C)c3ccccc3)C,3.68,10.0
650,COc1cccc(c1)n2c(=O)c3ccccc3nc2SCc4cc(=O)n5ccsc5n4,3.56,2.0
651,CCc1ccccc1Nc2nc(nc(n2)N)CSc3nnc(n3N)c4ccc(cc4)OC(F)F,4.35,7.3
652,COc1ccc(cc1S(=O)(=O)N2CCOCC2)C(=O)Nc3cccc(c3)F,3.64,5.0
653,CCCCN1C(=O)c2ccc(cc2C1=O)C(=O)OCC(=O)N[C@H](C)C(C)C,3.62,5.0
654,CCCCOc1ccc(cc1OC)C(=O)Oc2ccc3c(c2)OCO3,4.77,5.0
655,Cc1ccc(cc1)CNC(=O)C2CCN(CC2)S(=O)(=O)c3ccc4c(c3)OCCCO4,4.01,5.0
656,CCN(c1ccccc1)C(=O)[C@@H](C)OC(=O)c2cc(c(c(c2)OC)OC)OC,3.4,10.5
657,n1(c(nnc1c1ccc(cc1)F)SC(C(=O)N)C)c1ccccc1,3.38,7.3
658,c1ccc2cc(ccc2c1)OCC(=O)N3CCN(CC3)S(=O)(=O)c4ccc5c(c4)OCCO5,4.47,5.0
659,Cc1ccc(cc1[N+](=O)[O‐])C(=O)NCCc2ccc3c(c2)OCCO3,3.28,2.0
660,C[C@H](C(=O)Nc1ccc(cc1)OC(F)(F)F)Oc2ccccc2,4.77,5.0
661,CCOc1ccc(cc1)n2c(=O)c3c4c(sc3nc2SCC(=O)NC5CC5)CCC4,4.64,5.0
662,COCCCNC(=O)c1ccccc1C(F)(F)F,2.0,5.0
663,c1ccc2c(c1)c(=O)n(c(n2)SCC#N)c3ccc(cc3)OC(F)F,4.17,5.0
664,Cc1c(c(on1)C)C(=O)O[C@@H](C)C(=O)Nc2ccc3c(c2)OCCO3,2.78,5.0
665,CC(=O)c1ccc(c(c1)COC(=O)c2cc(ccc2Cl)Cl)OC,4.45,5.0
666,Cc1cc(c(c(c1)C)NC(=O)CSc2nnc(n2N)c3ccc(cc3)OC(F)F)C,4.41,10.0
667,COC(=O)c1cccc(c1)NC(=O)CCN2C(=O)c3ccccc3C2=O,3.39,5.0
668,C[C@H]1CCCC[C@@H]1NC(=O)COc2c3ccccc3ncn2,3.11,6.5
669,C[C@@H]1CCCC[C@H]1NC(=O)COC(=O)C2=COCCO2,2.48,5.0
670,CN(Cc1ccccc1)S(=O)(=O)c2ccc(cc2)NC(=O)Cc3ccc(cc3)F,5.14,5.0
671,CN(c1ccc(cc1)OC(=O)c2ccccc2)C3=NS(=O)(=O)c4c3cccc4,4.26,5.0
672,Cc1c(c([nH]c1C(=O)COC(=O)c2cc(cc(c2)[N+](=O)[O‐])C(=O)OC)C)C(=O)C,3.82,5.0
673,CC(C)N(C(C)C)C(=O)CSc1nnc(s1)NCc2ccccc2,4.09,7.3
674,c1ccc(cc1)/C=C\2/C(=O)Nc3cc(ccc3S2)C(=O)NC4CC4,4.32,5.0
675,COc1ccc(cc1Cl)S(=O)(=O)N(CC(=O)Nc2cccc(c2)[N+](=O)[O‐])C3CCCCC3,5.48,5.0
676,c1ccc(cc1)CCn2c(nnc2SCC(=O)N3CCOCC3)c4ccccc4F,3.79,7.3
677,CCOC(=O)c1ccc(cc1)NCc2c(c([nH]c2C)C(=O)OCC)C,5.09,5.0
678,c1nc(c2c3c(sc2n1)CCCC3)NC4CCCC4,4.17,10.0
679,CCC[C@@H](C)NC(=O)COc1c2c3c(sc2ncn1)C[C@@H](CC3)C,4.55,10.0
680,c1cc(ccc1NC(=O)CSc2c3c4c(sc3ncn2)CCC4)F,4.69,7.3
681,Cc1cc(ccc1NC(=O)CSc2nnc(s2)N)Br,2.69,7.3
682,Cc1cc(c(n1c2ccc(cc2)C(=O)OC)C)C(=O)COc3cccc(c3)n4cnnn4,4.77,5.0
683,Cc1ccc(cc1)OCCC(=O)N2CCN(CC2)S(=O)(=O)c3cccs3,2.98,2.0
684,CN([C@@H](c1ccc(cc1)OC)C(=O)Nc2ccc3c(c2)OCCO3)C(=O)Cc4c[nH]c5c4cccc5,3.76,2.0
685,CN(C)S(=O)(=O)c1cccc(c1)C(=O)NCCc2ccc(cc2Cl)Cl,4.48,10.0
686,Cc1cc2ccccc2c(=O)n1CC(=O)NCC(=O)N3CCN(CC3)c4cccc(c4)Cl,4.45,7.3
687,c1cc(cc(c1)S(=O)(=O)N2CCCC2)C(=O)OCc3c(cccc3Cl)F,4.22,2.0
688,Cn1c2c(c(=O)n(c1=O)C)n(c(n2)N3CCCCCC3)CC(=O)c4ccc(cc4)OC,4.42,10.0
689,COc1cc(ccc1OC(=O)/C=C/c2cccc(c2)F)C#N,4.46,5.0
690,CN1[C@H]([C@@H](c2cc(c(cc2C1=O)OC)OC)C(=O)Nc3ccc(cc3F)F)c4ccc(c(c4)OC)OC,3.66,5.0
691,COc1ccc(cc1OC)NC(=O)c2c(c3c(c(sc3s2)C(=O)Nc4ccc(c(c4)OC)OC)N)N,4.88,10.0
692,CC1=C([C@H](C2=C(N1)C[C@H](CC2=O)c3cccs3)c4ccc(c(c4)OC)OC)C(=O)OCCOC(C)C,4.45,10.0
693,Cc2cc1c(=O)c(C5C3=C(NC(C)=C5C(OCCOC)=O)CC(c4cc(OC)ccc4)CC3=O)coc1cc2,5.23,10.5
694,CCSCCOC(=O)C1=C(NC2=C([C@@H]1c3ccc(cc3)C(=O)OC)C(=O)C[C@H](C2)c4cccs4)C,5.24,10.0
695,CCc1c(c(nc2c1C(=O)CC(C2)(C)C)SCC(=O)N3CCc4cc(c(cc4C3)OC)OC)C#N,4.89,5.0
696,CN(C)S(=O)(=O)c1ccc(cc1)C(=O)OC2CCCCC2,4.27,5.0
697,CC(=O)Nc1ccc(cc1)/N=C/c2c(=O)c3ccccc3oc2[O‐],3.64,5.0
698,COc1ccc(cc1)[C@@H]2[C@@H](c3ccccc3C(=O)N2Cc4ccc(cc4)F)C(=O)N5CCCCCC5,5.01,5.0
699,Cc1cccc(c1)NC(=O)C[C@H]2C(=O)N(/C(=N/c3c(cccc3C)C)/S2)C,4.75,6.5
700,CCOc1ccccc1OCC(=O)Nc2ccc3ccccc3c2,4.73,5.0
701,CCOc1ccc(cc1)NC(=O)CSc2nc3ccsc3c(=O)n2c4ccccc4,4.33,5.0
702,OCC#CC(c2ccc(F)cc2)(O)c1ccc(F)cc1,3.61,5.0
703,CC/N=C\1/N(C(=O)/C(=C/c2cn(c3c2cccc3)CC(=O)Nc4cccc(c4)C)/S1)CC,5.8,10.0
704,c1ccc2c(c1)nc(n2C[C@@H](CO)O)SCCSc3nc4ccccc4n3C[C@@H](CO)O,3.29,10.5
705,CCOC(=O)c1ccc(cc1)C#N,1.87,5.0
706,C=CCn(c2=O)c(SCc3ccccc3)nc1c2cccc1,5.11,7.3
