,smiles,logP
0,CC1=CC(=O)C=CC1=O,0.72
9,c1ccc(P(c2ccccc2)c2ccccc2)cc1,5.69
54,O=S(Cc1ccccc1)Cc1ccccc1,1.99
95,COc1ccc(CC#N)cc1,1.7
96,CN(Cc1ccccc1)c1ccccc1,4.22
100,CCN(CC)C(C)=O,0.34
106,C[Si](C)(C)Cc1ccccc1,4.13
110,CC(=O)c1ccncc1,0.48
131,CCN(CC)N=O,0.48
132,CCCN(CCC)N=O,1.36
133,CC(C)CN(CC(C)C)N=O,2.34
137,O=NN1CCCCC1,0.36
138,O=NN1CCOCC1,-0.44
140,O=C(O)CBr,0.41
141,O=C(O)CCl,0.22
143,Nc1ccccc1C(=O)O,1.21
144,O=P(O)(O)c1ccccc1,0.54
148,O=C(O)c1ccccc1,1.87
149,O=C(O)c1ccc([N+](=O)[O-])cc1Cl,2.03
165,O=C(O)CO,-1.11
170,O=C(O)c1ccccn1,0.72
171,CC(Br)C(=O)O,0.92
173,O=C(O)CCCl,0.41
179,O=C(O)c1ccccc1O,2.26
180,O=C(O)c1cc([N+](=O)[O-])cc([N+](=O)[O-])c1O,1.71
182,O=C(O)c1cc([N+](=O)[O-])ccc1O,2.34
184,CC1CC(C)C(=O)C(C(O)CC2CC(=O)NC(=O)C2)C1,0.55
186,CCCCOC(N)=O,0.85
199,CC(=O)Nc1cc(C)cc(C)c1,2.17
202,O=[N+]([O-])c1ccccc1SSc1ccccc1[N+](=O)[O-],3.37
216,CC(=O)Nc1ccc(S(N)(=O)=O)cc1,-0.04
246,Nc1ccc(Cl)c(Cl)c1,2.69
266,NC(=S)N/N=C/c1ccccc1,1.86
283,Nc1cc([N+](=O)[O-])cc([N+](=O)[O-])c1,1.89
294,O=C(O)CCCc1ccccc1,2.42
300,O=C(O)Cc1ccc2ccccc2c1,2.81
310,O=C(CCl)Nc1ccccc1,1.63
312,Cc1ccc(S(=O)(=O)N(C)N=O)cc1,0.58
335,CC(C)N(N=O)C(C)C,1.38
338,O=NN1CCN(N=O)CC1,-0.85
345,O=[N+]([O-])c1cccc2cccnc12,1.4
396,O=P(c1ccccc1)(c1ccccc1)c1ccccc1,2.83
399,O=C(O)Cc1ccccc1F,1.5
400,O=C(O)Cc1ccc(F)cc1,1.55
425,Oc1ccc(O)c(Cl)c1,1.4
426,C[N+](=O)[O-],-0.35
428,O=C(O)COc1cc(Cl)c(Cl)cc1Cl,3.31
429,Nc1ccccn1,0.48
433,ClC(c1ccccc1)(c1ccccc1)c1ccccc1,5.25
435,O=C(O)CCS,0.43
437,c1ccc2c(c1)Sc1ccccc1S2,4.47
440,CC/C(C)=N/O,0.63
442,CC(=O)Nc1ccc(Cl)cc1,2.09
446,O=C1C=CC(=NCl)C=C1,1.26
449,OCC(F)(F)F,0.41
450,O=C(O)C1CCCCC1,1.96
456,Nc1cccc2c1C(=O)c1ccccc1C2=O,3.74
458,Cc1cc(C)nc(C)c1,1.88
462,c1ccc2c(c1)Oc1ccccc1S2,4.54
472,C1CNCCN1,-1.5
473,Cc1cc2ccccc2cn1,2.68
521,C#CC(C)(C)O,0.28
574,Nc1ccc(F)cc1,1.15
580,O=NN(c1ccccc1)c1ccccc1,3.13
588,Clc1ccc2c(Cl)ccnc2c1,3.57
613,Cc1cccc2cc[nH]c12,2.56
618,O=C(c1ccccc1)c1ccccc1O,3.52
624,C1OC1C1CO1,-0.28
632,c1ccc(C2CO2)cc1,1.61
637,NNC(=O)c1ccccc1N,-0.18
638,NNS(=O)(=O)c1ccccc1,-0.14
639,NNC(=O)c1ccccc1,0.19
647,NNC(=O)c1ccccc1O,0.6
664,O=C(OOC(=O)c1ccccc1)c1ccccc1,3.46
728,C(=N/c1ccccc1)\c1ccccc1,2.82
732,CN(Cc1cnc2nc(N)nc(N)c2n1)c1ccc(C(=O)NC(CCC(=O)O)C(=O)O)cc1,-1.85
733,CC(=O)OCC(=O)C1(O)CCC2C3CCC4=CC(=O)CCC4(C)C3C(O)CC21C,2.19
738,CCOC(N)=O,-0.15
739,CNC(C)=O,-1.05
740,NC=O,-1.51
742,CS(=O)(=O)OCCCCOS(C)(=O)=O,-0.52
745,c1ncc2nc[nH]c2n1,-0.37
747,Sc1ncnc2[nH]cnc12,0.01
749,COc1cc2c(c(OC)c1OC)-c1ccc(OC)c(=O)cc1C(NC(C)=O)CC2,1.03
751,c1ccc2[nH]cnc2c1,1.32
753,CC(=O)c1cccnc1,0.43
754,CN(CCCl)CCCl,0.91
755,CS(C)=O,-1.35
814,CCc1ccncc1,1.65
828,CC(C)(C(=O)O)C(=O)O,0.39
830,c1ccn2nnnc2c1,-0.09
836,C=C(C)C1CC=C(C)CC1,4.57
840,CC(C)(C)C(=O)C(C)(C)C,3.0
850,CCc1ccc([N+](=O)[O-])cc1,3.03
882,CC(C)(C)C#N,1.08
927,CC(=O)C(C)(C)C,1.2
931,CC(O)C(C)(C)C,1.48
956,CCc1ccccn1,1.69
959,CCCc1ccncc1,2.1
968,OC/C=C/CO,-0.81
1018,NC1(C(=O)O)CCCC1,-2.28
1021,CC(C)CCO,1.16
1067,CCCCCC#N,1.66
1103,O=C(O)C1CC1,0.63
1132,Clc1ccc(-c2ccc(Cl)cc2)cc1,5.23
1140,CC(C)(Oc1ccc(Cl)cc1)C(=O)O,2.57
1144,ClC(Cl)=C(c1ccc(Cl)cc1)c1ccc(Cl)cc1,6.51
1155,CCC(CC)C(=O)O,1.68
1164,Nc1ccccc1CO,-0.05
1249,COCCO,-0.77
1250,CC(C)OCCO,0.05
1303,O=[N+]([O-])c1ccc2c3c(cccc13)CC2,3.85
1304,CC(=O)Nc1ccccc1[N+](=O)[O-],1.0
1305,CC(=O)Nc1cccc([N+](=O)[O-])c1,1.47
1306,CC(=O)Nc1ccc([N+](=O)[O-])cc1,1.66
1308,O=[N+]([O-])c1ccc(O)cc1,1.91
1315,O=[N+]([O-])c1ccc(-c2ccccc2)cc1,3.82
1318,COC(=O)c1cccc([N+](=O)[O-])c1,1.89
1344,CC(=O)OCC1OC(OC(C)=O)C(OC(C)=O)C(OC(C)=O)C1OC(C)=O,0.63
1378,Oc1ncnc2[nH]ncc12,-0.55
1457,O=C1OCc2ccccc21,0.8
1466,CCCCSC#N,2.03
1471,O=C(O)c1ccncc1,0.32
1477,Cc1ccc(N)nc1,1.02
1480,Nc1cc(Cl)ccc1Cl,2.75
1482,Cc1ccc(N)cc1N,0.14
1483,Cc1ccc(N)c(N)c1,0.66
1486,CCCCCC(=O)Nc1ccccc1,3.28
1499,CCCCOC(=O)c1ccccc1O,4.63
1500,ClCC(Br)CBr,2.96
1520,O=[N+]([O-])c1ccc(O)c([N+](=O)[O-])c1,1.67
1521,c1ccc2nc(-c3ccc4ccccc4n3)ccc2c1,4.31
1522,Nc1ccccc1O,0.62
1530,O=[N+]([O-])c1c(O)cccc1O,1.56
1531,Oc1ccc(Nc2ccccc2)cc1,2.82
1533,Nc1ccc(O)cc1,0.04
1534,Nc1cccc(O)c1,0.21
1535,Oc1ccccc1-c1ccccc1,3.09
1537,Cc1ccc(O)cc1C,2.23
1538,c1ccc(-c2ccccn2)nc1,1.5
1539,O=[N+]([O-])c1cccc(O)c1,2.0
1540,O=[N+]([O-])c1ccccc1O,1.79
1545,Oc1c(Cl)cc(Cl)c(Cl)c1Cl,4.45
1554,Oc1c(Cl)c(Cl)c(Cl)c(Cl)c1Cl,5.12
1557,Oc1ccc(Cl)c(O)c1,1.8
1558,CCCCCCc1ccc(O)cc1O,3.45
1559,Oc1cccc(O)c1,0.8
1560,Oc1cc(O)cc(O)c1,0.16
1561,Oc1ccccc1O,0.88
1579,NC(=O)N/N=C/c1ccccc1,1.27
1604,CC(=O)C1CCC2C3CC=C4CC(O)CCC4(C)C3CCC12C,4.22
1689,CC(=O)Nc1ccc(C=O)cc1,1.25
1754,CC(C)(c1ccc(O)cc1)c1ccc(O)cc1,3.32
1759,Cc1cccc(C(=O)O)c1O,2.86
1765,O=C(O)/C=C/C=C/c1ccccc1,3.15
1771,Cc1ccccc1N(C)C,2.85
1772,Cc1ccc(N(C)C)cc1,2.81
1775,Cc1cccc(N(C)C)c1,2.8
1790,CCOc1cc(C=O)ccc1O,1.58
1795,CC(C)NC(C)C,1.4
1796,CCOc1ccccc1O,1.68
1840,N#CCCCc1ccccc1,2.21
1844,Clc1cc(Cl)c(Cl)c(Cl)c1Cl,5.17
1845,Oc1ccc(-c2ccccc2)cc1,3.2
1851,OCCOc1ccccc1,1.16
1852,NC(=O)COc1ccccc1,0.76
1863,CC(=O)COc1ccccc1,1.04
1864,NC(=O)Cc1ccccc1,0.45
1870,COc1cc([N+](=O)[O-])c2ncccc2c1,1.87
1874,O=C(c1ccccc1)c1ccc(O)cc1,3.07
1875,CC(C)c1ccc(O)cc1,2.9
1876,Cc1cc(C)c(C)c(C)c1C,4.56
1881,O=C(O)CS,0.09
1894,CC(C)c1ccc(C(=O)O)cc1,3.4
1900,CC1COC(=O)O1,-0.41
1925,S=C1NCCN1,-0.66
1927,CC(=O)C1CC1,0.49
1929,O=c1cc(CO)occ1O,-0.64
1931,OCC(O)C(O)C(O)C(O)CO,-3.1
1951,c1ccc2[nH]ccc2c1,2.14
1952,O=C1c2ccccc2Cc2ccccc21,3.66
1953,O=C(O)c1ccccc1-c1ccccc1C(=O)O,2.07
1966,NC(CC(=O)O)c1ccccc1,-1.4
1968,Nc1cc2ccccc2c2ccccc12,3.56
1979,O=C(c1ccccc1)N1CCCCC1,2.2
1981,N#Cc1ccccc1[N+](=O)[O-],1.02
2000,C=CCCCCCCCCC(=O)O,3.86
2001,C/C(=C\c1ccccc1)[N+](=O)[O-],2.52
2007,N=C(N)c1ccccc1,0.65
2019,Nc1ccc(/N=N/c2ccccc2)cc1,3.41
2024,c1ccc2c(c1)Nc1ccccc1S2,4.15
2026,Oc1cccc2cccnc12,1.85
2029,CC/C=C/C/C=C/C/C=C/CCCCCCCC(=O)O,6.46
2031,Oc1ccc2ccccc2c1,2.7
2038,ClC(Cl)=Nc1ccccc1,2.54
2053,Cn1c(=O)c2nc[nH]c2n(C)c1=O,-0.02
2054,O=C(O)/C=C/c1ccc([N+](=O)[O-])cc1,2.12
2055,CC1=C(C)C(=O)C(C)=C(C)C1=O,2.23
2056,C(=C/c1ccccc1)\c1ccccc1,4.81
2057,O=C(O)COc1ccc2ccccc2c1,2.53
2061,CCCCCCCN,2.57
2065,O=Cc1ccc(Cl)cc1,2.1
2069,Cc1cc([N+](=O)[O-])cc([N+](=O)[O-])c1O,2.12
2070,Nc1ccc(C(=O)O)c(O)c1,0.89
2077,CCN1CCCCC1,1.75
2079,O=C(O)CCC(=O)c1ccccc1,1.3
2085,Brc1ccc(-c2ccc(Br)cc2)cc1,5.72
2089,c1ccc(/N=N/c2ccccc2)cc1,3.82
2092,CC(C)OC(=O)Nc1ccccc1,2.6
2096,O=C(O)Cc1ccc(C(=O)O)cc1,1.24
2101,Nc1c(Cl)cc(Cl)cc1Cl,3.52
2107,CC(N)=S,-0.26
2109,NN,-2.07
2110,Cc1cccc(C)c1O,2.36
2114,O=Cc1ccc(O)cc1,1.35
2116,COc1cc(C(=O)O)cc(OC)c1O,1.04
2117,Nc1nc(N)nc(N)n1,-1.37
2122,CC(=O)Nc1ccc(N)cc1,0.08
2123,Oc1c(Br)cc(Br)cc1Br,4.13
2127,CC(=O)N(C)c1ccccc1,1.12
2131,OCCc1ccccn1,0.12
2137,COc1cccc(C=O)c1O,1.37
2138,COc1ccc(CO)cc1,1.1
2142,Cc1cccc(C)n1,1.68
2148,CC(=O)Nc1ccc(I)cc1,2.71
2150,Cc1ccc(C(N)=O)cc1,1.18
2151,CC(O)C(C)O,-0.92
2152,Oc1c(Cl)cc(Cl)cc1Cl,3.69
2156,Cc1ccccc1C(N)=O,0.76
2157,Cc1cccc(C(N)=O)c1,1.18
2164,Cc1cccc(NC(N)=O)c1,1.29
2171,O=C(O)c1ccccc1S,2.39
2172,Cc1ccccc1S(N)(=O)=O,0.84
2176,OCC(Br)(Br)Br,2.1
2179,CCCCCCC(=O)O,2.42
2180,Cc1ccccc1C(=O)O,2.46
2194,COCC(C)OC(C)=O,0.56
2197,CCC(C)c1ccc(O)cc1,3.08
2201,Cc1cccc(C(=O)O)c1,2.37
2202,Cc1ccc(C(=O)O)cc1,2.27
2205,COc1c(Br)cc(Br)cc1Br,4.48
2207,CCCCCC(C)O,2.31
2210,CNS(=O)(=O)c1ccc(C)cc1,1.28
2215,CC1=CC(=O)C(C(C)C)=CC1=O,2.2
2251,Oc1cc(Cl)c(Cl)cc1Cl,3.72
2256,CC(=O)NN,-1.58
2290,O=C1CCCCN1,-0.46
2335,Cc1cc(Cl)ccc1OCC(=O)O,3.25
2343,O=C1CCC(=O)N1c1ccccc1,0.06
2423,CC(=O)c1cccc(O)c1,1.39
2463,CN1CCCCC1,1.3
2529,O=[N+]([O-])/C=C/c1ccc(Cl)cc1,2.44
2555,O=CC(O)C(O)C(O)C(O)CO,-1.88
2562,S=C(Nc1ccccc1)c1ccccc1,3.03
2565,C=CCC#N,0.4
2567,O=[N+]([O-])c1cc(Br)c(O)c(Br)c1,3.57
2568,CCCCC(O)CC,2.24
2570,N#CCCCl,0.18
2572,CCCCCCN,2.06
2578,CCCCCC=O,1.78
2579,CCCCNC(N)=O,0.41
2581,Cc1ccc(C)c(O)c1,2.33
2601,Nc1ccc(S(=O)(=O)Nc2ccccc2)cc1,1.55
2604,c1ccc(Nc2cccc3ccccc23)cc1,4.2
2608,CCCOC(=O)c1cc(O)c(O)c(O)c1,1.8
2610,c1ccc(N2CCOCC2)cc1,1.36
2615,CC(=O)Oc1ccc([N+](=O)[O-])cc1,1.5
2636,O=C(O)C(Cl)Cl,0.92
2652,CCOP(=O)(CC)OCC,0.66
2658,CCOP(=O)(OCC)OCC,0.8
2660,CC(=O)CC(C)=O,0.4
2670,c1ccc(SSc2ccccc2)cc1,4.41
2730,Cc1ccc(S(=O)(=O)F)cc1,2.74
2733,O=C(O)/C=C/C(=O)O,0.46
2744,NC(=O)NNc1ccccc1,0.13
2750,O=C1c2ccccc2C(=O)N1c1ccccc1,2.4
2762,NC(=O)Nc1ccccc1,0.83
2770,O=C(O)c1cc(I)ccc1O,3.34
2780,CC1(C(=O)O)CCC2(C)CCC3(C)C(=CC(=O)C4C5(C)CCC(OC6OC(C(=O)O)C(O)C(O)C6OC6OC(C(=O)O)C(O)C(O)C6O)C(C)(C)C5CCC43C)C2C1,2.8
2781,O=C1c2c(O)cc(O)cc2OC(c2ccc(O)c(O)c2)C1O,0.95
2786,O=C1C=CC(=O)C(c2ccccc2)=C1,1.95
2799,Oc1cc(O)c2c(c1)OC(c1ccc(O)c(O)c1)C(O)C2,0.51
2801,COc1cc(/C=C/C(=O)O)ccc1O,1.51
2809,Cc1occc(=O)c1O,0.09
2810,O=C(O)C(O)(c1ccccc1)c1ccccc1,2.3
2814,CCC(=O)c1ccc(O)cc1,2.03
2829,CC(CCl)OC(C)CCl,2.48
2831,Cc1cc(Cl)ccc1O,2.63
2849,OCCBr,0.23
2850,Oc1ccccc1Cl,2.15
2857,Oc1ccc(Cl)cc1,2.39
2858,Cc1cccc(Cl)c1O,2.8
2859,Oc1ccc(Cl)cc1Cl,3.06
2882,NC(=O)c1ccc([N+](=O)[O-])cc1,0.82
2896,NCC(=O)O,-3.21
2905,O=C(O)COc1ccc(Cl)cc1Cl,2.81
2997,c1ccc(C2CC2)cc1,3.27
3018,O=C(O)Cc1ccccc1,1.41
3030,CNC=O,-0.97
3033,COC(N)=O,-0.66
3034,COc1ccc(CC(N)C(=O)NC2C(CO)OC(n3cnc4c(N(C)C)ncnc43)C2O)cc1,0.03
3037,c1ccc2[nH]nnc2c1,1.44
3040,CCc1nc(N)nc(N)c1-c1ccc(Cl)cc1,2.69
3048,O=C(NC(CO)C(O)c1ccc([N+](=O)[O-])cc1)C(Cl)Cl,1.14
3049,CC/C(=C(\CC)c1ccc(O)cc1)c1ccc(O)cc1,5.07
3075,CNC1CCc2cc(OC)c(OC)c(OC)c2-c2ccc(OC)c(=O)cc21,1.37
3082,CC(=O)Nc1cccc(C)c1,1.68
3087,O=C1NC(=O)c2ccccc21,1.15
3088,COC(=O)c1ccccc1N,1.88
3092,COC(=O)CC#N,-0.47
3093,NC(=O)c1ccccc1,0.64
3094,NC(=O)c1ccccc1O,1.28
3095,CCOc1ccc(N)cc1,1.24
3099,O=C(O)c1cccc([N+](=O)[O-])c1C(=O)O,0.75
3101,COc1ccccc1N,1.18
3103,O=Nc1ccc(O)cc1,1.29
3109,O=C(O)CCCc1c[nH]c2ccccc12,2.3
3110,O=C(Nc1ccccc1)c1ccccc1,2.62
3112,CC(=O)N(c1ccccc1)c1ccccc1,2.02
3115,O=C(NO)c1ccccc1,0.26
3117,CC(=O)N(C)C,-0.77
3121,Cc1ccc([N+](=O)[O-])c(O)c1,2.31
3137,CC(=O)Nc1ccccc1-c1ccccc1,2.02
3147,COc1cc(-c2ccc(N)c(OC)c2)ccc1N,1.81
3167,CC(O)CN,-0.96
3188,OC(O)C(Cl)(Cl)Cl,0.99
3191,O=P(OCCCl)(OCCCl)OCCCl,1.44
3217,O=P(OCC(Br)CBr)(OCC(Br)CBr)OCC(Br)CBr,4.29
3219,CC(=O)c1ccc(N)cc1,0.83
3222,CCOC(=O)Nc1ccccc1,2.3
3228,CCC(N)C(=O)O,-2.54
3229,O=C(O)CCc1c[nH]c2ccccc12,1.75
3243,Nc1nc(N)nc(-c2ccccc2)n1,1.36
3263,NC(=S)Nc1cccc2ccccc12,1.65
3322,CC(=O)C1CCC2C3CCC4=CC(=O)CCC4(C)C3C(O)CC12C,2.36
3323,CC12CCC3C4CCC(=O)C=C4CCC3C1CCC2O,2.62
3336,CC(=O)Nc1ccccc1C,0.85
3362,c1ccc2cnccc2c1,2.08
3363,c1ccc2ncccc2c1,2.03
3364,Cc1ccc2ccccc2n1,2.59
3374,N#CCc1ccccc1,1.56
3375,c1ccc2nc3ccccc3cc2c1,3.4
3376,Cc1ccccn1,1.11
3378,Nc1cc(C(F)(F)F)cc(C(F)(F)F)c1,3.57
3379,Cc1ccnc2ccccc12,2.61
3405,O=[N+]([O-])Cc1ccccc1,1.75
3464,c1ccc2c(c1)[nH]c1ccccc12,3.72
3466,Nc1ccc(-c2ccc(N)cc2)cc1,1.34
3468,CNc1ccccc1,1.66
3469,COC(=O)c1ccc(C(=O)OC)cc1,2.25
3470,O=Cc1cccc(O)c1,1.38
3473,CCNC(=S)NCC,0.57
3476,c1ccc(NNc2ccccc2)cc1,2.94
3490,Nc1ccc(-c2ccc(N)c(Cl)c2)cc1Cl,3.51
3492,O=[N+]([O-])c1ccc(Br)cc1,2.55
3500,CCCCOCCOCCSC#N,1.68
3504,O=[N+]([O-])c1cccc(I)c1,2.94
3511,Nc1ccc(Cl)cc1[N+](=O)[O-],2.72
3523,NNC(=O)c1cccc([N+](=O)[O-])c1,0.23
3538,Cc1cccc2ccccc12,3.87
3539,Cc1ccc2ccccc2c1,3.86
3540,CCC(CO)(CO)CO,-1.48
3595,CC(C)(O)C(F)(F)F,1.04
3599,CC(O)C(F)(F)F,0.71
3603,CC(=O)c1ccccc1[N+](=O)[O-],1.28
3607,CCCCC[N+](=O)[O-],2.01
3610,CCCC[N+](=O)[O-],1.47
3613,CC(C)(C)[N+](=O)[O-],1.17
3622,CC(C)C[N+](=O)[O-],1.4
3657,Cc1ccc(O)cc1,1.94
3658,CC(C)(C)c1ccc(O)cc1,3.31
3659,CC(=O)c1ccc(O)cc1,1.35
3662,ClC(Cl)=C(Cl)C(Cl)=C(Cl)Cl,4.78
3664,CCCCCCCO,2.62
3667,CCCCC(C)O,1.76
3673,CCCCCCC(C)=O,2.37
3674,CCCCCCCCCC(=O)OC,4.41
3675,CC1CCC(O)CC1,1.79
3677,CC(=O)CCC(=O)O,-0.49
3680,O=C(O)c1cc2ccccc2cc1O,3.05
3682,CNc1cccc2c1C(=O)c1ccccc1C2=O,4.1
3685,CCCCCCCCCCCCO,5.13
3696,CCCCNC(=S)NCCCC,2.75
3730,N#CCC#N,-0.6
3733,O=C(O)c1ccccc1I,2.4
3734,O=C(O)c1ccc(I)cc1,3.02
3738,COc1ccc(C#N)cc1,1.7
3739,COc1ccccc1C(=O)O,1.59
3744,COC(=O)c1ccc(N)cc1,1.37
3746,CCC(=O)c1ccccc1O,2.54
3748,O=C(O)Cc1c[nH]c2ccccc12,1.41
3750,C=CC(C)(O)CCC=C(C)C,2.97
3751,CN(c1ccccc1)c1ccccc1,3.9
3758,COC(=O)c1ccccc1C(=O)c1ccccc1,2.7
3768,N#CCCCC#N,-0.72
3770,O=[N+]([O-])c1ccc([N+](=O)[O-])cc1,1.46
3773,O=c1[nH]c2ccccc2o1,1.16
3775,OCc1ccccc1O,0.73
3776,COc1ccccc1O,1.32
3777,CC1CCC(=O)CC1,1.38
3788,COC(=O)c1ccc(O)cc1,1.96
3789,CN(C=O)c1ccccc1,1.09
3790,Cc1ccc(O)c(C)c1,2.3
3792,COc1ccccc1OC(C)=O,1.38
3799,Cc1c(C)c(C)c(C)c(C)c1C,5.11
3812,Clc1nc(Cl)nc(Nc2ccccc2Cl)n1,3.88
3864,c1ccc(-c2cccc(-c3ccccn3)n2)nc1,1.96
3879,CCCCCCCCCCCC(=O)OCCCC,6.51
3929,NC(CC(=O)O)C(=O)O,-3.89
3930,Brc1cccnc1,1.6
3936,O=C(O)c1cccc(Br)c1,2.87
3937,O=C(O)c1cc(Br)ccc1O,3.23
3943,COc1cc(C(=O)O)ccc1O,1.43
3945,CC(=O)Nc1ccccc1O,0.72
3946,CC(=O)Nc1cccc(O)c1,0.73
3947,CC(=O)Nc1ccc(O)cc1,0.46
3948,Cc1ccc(CO)cc1,1.58
3956,CC(=O)Nc1ccccc1C(=O)O,1.88
3957,CC(=O)Nc1cccc(C(=O)O)c1,1.32
3958,CC(=O)Nc1ccc(C(=O)O)cc1,1.31
3960,COc1ccccc1NC(C)=O,0.67
3961,COc1cccc(NC(C)=O)c1,1.3
3984,CCCCCCCCCC(C)=O,4.09
3992,OCC1OC(Oc2ccc(O)cc2)C(O)C(O)C1O,-1.35
3997,O=C(C(=O)c1ccccc1)c1ccccc1,3.38
4006,OC(c1ccccc1)(c1ccccc1)c1ccccc1,3.68
4032,CCCNCCC,1.67
4034,NNc1ccc([N+](=O)[O-])cc1,1.41
4072,CCN,-0.13
4078,O=[N+]([O-])c1cc(Cl)c(O)c(Cl)c1,2.94
4084,COc1ccc(Cl)cc1,2.78
4091,COC(=O)c1ccccc1[N+](=O)[O-],1.66
4092,COC(=O)c1ccc([N+](=O)[O-])cc1,1.89
4093,COc1ccc(OC)c(N)c1,1.2
4094,CCCCC(CC)C(=O)O,2.64
4096,O=[N+]([O-])c1ccc2ncccc2c1,1.82
4101,CCOC(=O)c1ccccc1N,2.57
4106,O=Nc1c(O)ccc2ccccc12,2.28
4107,Cc1ccc2ncccc2c1,2.47
4108,Nc1ccc2ccccc2c1,2.28
4109,Nc1cccc2ccccc12,2.25
4114,CC(=O)Nc1c(C)cc(C)cc1[N+](=O)[O-],1.18
4117,Cc1ccc(C(C)C)cc1,4.1
4121,Cc1cc(O)ccc1Cl,3.1
4125,CC1=CC(=O)c2ccccc2C1=O,2.2
4126,COc1ccc2ccccc2c1,3.47
4151,CCCCCCCCCCCCCCCC(=O)OC,7.38
4174,Cc1c2ccccc2c(C)c2ccccc12,5.69
4209,COc1ccc(OCC(=O)O)cc1,1.23
4219,c1cnc2c(c1)ccc1cccnc12,2.05
4227,O=C(O)c1ccccc1Nc1ccccc1,4.36
4239,O=C1C(Cl)=C(Nc2ccccc2)C(=O)c2ccccc21,4.22
4341,Clc1cc(Cl)cc(Cl)c1,4.19
4451,CC(C)(O)C(=O)O,-0.36
4453,Cc1ccc(C)[nH]1,1.47
4469,O=C(/C=C/c1ccccc1)c1ccccc1,3.08
4486,Nc1cccc(C(F)(F)F)c1,2.29
4496,CC(=O)OCc1ccccc1,1.96
4513,c1ccc(Sc2ccccc2)cc1,4.45
4529,CCCCCCCCCCCCc1ccccc1,8.65
4537,O=C1CCCO1,-0.64
4538,O=C1CCCN1,-0.85
4539,CN1CCCC1=O,-0.38
4541,CC(C)(O)C(Cl)(Cl)Cl,2.03
4559,O=C(O)Cc1ccc(I)cc1,2.64
4574,Nc1ccc(Oc2ccccc2)cc1,2.96
4593,CC(C)(C)O,0.35
4594,Clc1ccccn1,1.22
4609,Nc1cc([N+](=O)[O-])ccc1O,1.26
4617,COc1ccc(F)cc1,2.26
4627,Clc1ccc2ncccc2c1,2.73
4632,COc1ccc(NC(C)=O)cc1,1.03
4633,CCOC(=O)c1ccc(N)cc1,1.86
4653,c1ccc(Cc2ccccc2)cc1,4.14
4654,Nc1ccc(Cc2ccc(N)cc2)cc1,1.59
4677,NNC(N)=O,-2.75
4682,CN1CSC(=S)N(C)C1,1.4
4683,Nc1ccccc1S,1.43
4685,O=C(O)c1ccc(O)cc1O,1.63
4691,C=CCOc1ccccc1,2.94
4698,Nc1ccc(S(=O)(=O)Nc2ccccn2)cc1,0.35
4699,O=[N+]([O-])c1ccccc1Nc1ccccc1,3.66
4709,C=CC(=O)O,0.35
4713,C=C(C)C(=O)OC,1.38
4718,ON=C1C=CC(=NO)C=C1,1.49
4720,Nc1cccc(N)c1,-0.33
4721,Nc1ccc(N)cc1,-0.3
4739,CC(=O)Oc1cccc(C)c1,2.09
4740,CC(=O)OCC(COC(C)=O)OC(C)=O,0.25
4746,CC(C)(C)c1ccc(C(=O)O)cc1,3.85
4776,CCCCOCCOP(=O)(OCCOCCCC)OCCOCCCC,3.75
4781,O=CO,-0.54
4787,N#CCCC#N,-0.99
4790,CCCOC(N)=O,0.36
4796,Nc1cc([N+](=O)[O-])cc([N+](=O)[O-])c1O,0.93
4800,CCCS(=O)(=O)CCC,0.39
4802,O=C1NS(=O)(=O)c2ccccc21,0.91
4810,CCOc1cccc(O)c1,1.98
4816,CC1=CC(=O)CC(C)(C)C1,1.7
4890,COc1cccc([N+](=O)[O-])c1,2.16
4891,C#Cc1ccccc1,2.53
4893,OCCNCCO,-1.43
4894,COc1ccc(O)cc1,1.58
4895,O=C(O)c1ccc(O)cc1,1.58
4896,Cc1cc(O)ccc1O,0.91
4897,CC(O)CNCC(C)O,-0.82
4898,Cc1cc(O)c(C(C)C)cc1Cl,3.92
4902,CC(=O)N(C)c1ccc(O)cc1,0.61
4904,Oc1ccc(Br)cc1,2.59
4908,C/C=N\O,-0.13
4927,Cc1c(N(C)C)c(=O)n(-c2ccccc2)n1C,1.0
4957,CCCCCCCC(=O)O,3.05
4958,CCCCCCCCCC(=O)O,4.09
4959,CCCCCCCCCCCC(=O)O,4.6
4960,CCCCCCCCCCCC(=O)OC,5.41
4961,CCCCCCCCCCCCCC(=O)O,6.11
4962,CCCCCCCCCCCCCC(=O)OC,6.41
4963,CCCCCCCCCCCCCCCC(=O)O,7.17
4966,NC(N)=S,-1.08
4967,O=Nc1ccc2ccccc2c1O,2.46
4969,Cn1c(=O)c2c(ncn2C)n(C)c1=O,-0.07
4972,Cn1cnc2c1c(=O)[nH]c(=O)n2C,-0.78
4983,O=NN(Cc1ccccc1)c1ccccc1,3.38
4998,CN1CCCC1c1cccnc1,1.17
5006,CC(=O)NO,-1.59
5009,Ic1cccnc1,1.8
5010,Fc1ccccn1,0.84
5011,Fc1cccnc1,0.77
5012,O=[N+]([O-])c1cc[n+]([O-])cc1,-0.55
5026,C1=C\C=C/C=C\C=C/1,3.08
5028,CCc1ccccc1[N+](=O)[O-],2.58
5031,Cc1ccc(CN)cc1,1.46
5036,CC(C)c1ccccc1O,2.88
5038,CC(C)c1cccc(C(C)C)c1O,3.79
5047,CC1(C)OC(=O)c2ccccc21,1.73
5086,COC(=O)/C=C/C(=O)OC,0.74
5088,C=CC(=O)OCCCC,2.36
5089,C1CCCCCC1,4.0
5090,COc1ccccc1OCC(=O)O,0.98
5092,Cc1cccc(C)c1C,3.66
5097,OC1CCCc2ccccc21,1.98
5106,O=C1c2ccccc2-c2ccccc21,3.58
5107,O=[N+]([O-])c1ccc2c(c1)Cc1ccccc1-2,3.37
5110,C(#Cc1ccccc1)c1ccccc1,4.78
5114,O=C1c2ccccc2-c2cccc3cccc1c23,4.81
5169,Oc1ccc(C2CCCCC2)cc1,4.22
5210,OCc1ccc(Cl)cc1,1.96
5213,CCOC(OCC)OCC,1.2
5216,c1ccc2c(c1)CCC2,3.18
5217,Cc1ccccc1OCC(=O)O,1.98
5227,COc1ccc(/C=C/C(=O)O)cc1,2.68
5231,CCOC(=O)C(O)c1ccccc1,1.53
5245,O=C(O)C1c2ccccc2-c2ccccc21,2.8
5247,Cc1ccc(C(O)c2ccccc2)cc1,3.13
5263,NS(=O)(=O)c1ccccc1,0.31
5264,CN(C)Cc1ccccc1,1.98
5270,O=C(O)c1ccccc1C(=O)O,0.73
5272,CCCC(C)=O,0.91
5275,Cc1cc(C)c(O)c(C)c1,2.73
5276,Nc1ccccc1N,0.15
5278,CN(C)C=O,-1.01
5286,C=CC1CN2CCC1CC2C(O)c1ccnc2ccccc12,2.82
5287,O=C1CC2OCC=C3CN4CCC56c7ccccc7N1C5C2C3CC46,1.93
5291,CC(C)[N+](=O)[O-],0.93
5300,Nc1ccc([N+](=O)[O-])cc1N,0.88
5304,N#Cc1cccc([N+](=O)[O-])c1,1.17
5305,N#Cc1ccc([N+](=O)[O-])cc1,1.19
5308,Cc1ccc(Cl)cc1[N+](=O)[O-],3.05
5309,Cc1ccc(O)c([N+](=O)[O-])c1,2.37
5310,O=[N+]([O-])c1cccc(CO)c1,1.21
5311,O=[N+]([O-])c1ccc(CO)cc1,1.26
5312,CNc1ccc([N+](=O)[O-])cc1,2.04
5314,N#CCCCCCC#N,0.05
5318,N#CCc1ccc([N+](=O)[O-])cc1,1.37
5319,CC(=O)Oc1ccccc1[N+](=O)[O-],1.55
5320,O=C(O)Cc1ccc([N+](=O)[O-])cc1,1.39
5324,Cc1cccc([N+](=O)[O-])c1C,2.83
5342,O=[N+]([O-])c1ccc(Oc2ccccc2)cc1,3.92
5423,O=[N+]([O-])c1cccc(Cl)c1,2.46
5425,O=Cc1cccc([N+](=O)[O-])c1,1.47
5427,COc1ccccc1[N+](=O)[O-],1.73
5428,COc1ccc([N+](=O)[O-])cc1,2.03
5430,COc1ccc(N)c([N+](=O)[O-])c1,1.94
5431,COc1ccc([N+](=O)[O-])cc1N,1.47
5432,CC(=O)c1cccc([N+](=O)[O-])c1,1.42
5433,NC(=O)c1ccccc1C(N)=O,-1.73
5434,CCCCCCCC#N,2.75
5437,COc1ccc(NC(C)=O)c([N+](=O)[O-])c1,1.09
5438,CN(C)c1ccc(C=O)cc1,1.81
5442,CCCCCCCCCO,3.77
5444,Nc1ccc2ccccc2c1S(=O)(=O)O,-1.16
5491,N#CCC(=O)O,-0.76
5497,O=[N+]([O-])c1cc(Cl)c(Cl)c(Cl)c1Cl,3.93
5503,S=C=Nc1ccccc1,3.28
5510,COc1ccc(C=O)cc1,1.76
5521,COc1ccc(C(C)=O)cc1,1.74
5525,CC(=O)/C=C/c1ccccc1,2.07
5526,CCOC(=O)C(=O)Nc1ccccc1,1.48
5626,CCCCCO,1.51
5627,CC(C)CO,0.76
5628,NNc1ccc([N+](=O)[O-])cc1[N+](=O)[O-],1.47
5629,NNc1ccccc1,1.25
5630,O=C1CCCCC1,0.81
5631,CC(=O)CC(C)C,1.31
5632,O=Cc1ccccc1[N+](=O)[O-],1.74
5642,Oc1ccc(Br)cc1Br,3.22
5648,C1CCc2nnnn2CC1,0.14
5654,CC(C)c1cc([N+](=O)[O-])cc([N+](=O)[O-])c1O,3.1
5655,Oc1c(Cl)cc(Cl)c2ccccc12,4.23
5659,CCCOC(=O)c1ccc(O)cc1,3.04
5665,CCC1C(=O)OCC1Cc1cncn1C,0.12
5670,OCc1ccccc1OC1OC(CO)C(O)C(O)C1O,-1.22
5696,NC(=S)Nc1ccccc1,0.71
5763,NCCCCN,-0.7
5775,Cn1c(=O)ccc2ccccc21,1.45
5791,CC(=O)c1c(O)c(C)c(O)c2c1OC1=CC(=O)C(C(C)=O)C(=O)C12C,2.88
5833,c1ccc(COCc2ccccc2)cc1,3.31
5837,NNc1ccc(Br)cc1,1.39
5839,NN(c1ccccc1)c1ccccc1,2.8
5982,Nc1cccc2cccc(N)c12,1.78
5985,CNC(C)Cc1ccccc1,2.07
5992,Nc1ccc(S(=O)(=O)c2ccc(N)cc2)cc1,0.97
5998,O=C(Cc1ccccc1)c1ccccc1,3.18
6004,O=Cc1ccc([N+](=O)[O-])cc1,1.56
6010,CC(C)CCC#N,1.54
6012,N#Cc1ccc(Cl)cc1,2.47
6016,CC(=O)c1ccc(Cl)cc1,2.32
6017,CC(=O)Nc1cccc(Cl)c1,2.15
6021,CC(C)=NNc1ccc([N+](=O)[O-])cc1[N+](=O)[O-],3.05
6024,CCCC(=O)Nc1ccccc1,2.05
6036,CC(CCC(=O)O)C1CCC2C3C(O)CC4CC(O)CCC4(C)C3CC(O)C12C,2.02
6050,Cl/C=C/Cl,2.09
6054,CC(Cl)[N+](=O)[O-],1.1
6057,Nc1ccc(Cl)cc1N,1.28
6062,COc1ccc(C)cc1N,1.74
6063,Clc1ccc2ccccc2n1,2.71
6066,Clc1cccc2ccccc12,3.9
6071,CC12CCC(CC1)C(C)(C)O2,2.5
6075,c1ccc2c(c1)ccc1c3ccccc3ccc21,5.5
6078,BrC(Br)(Br)Br,3.42
6079,N#CCCl,0.45
6082,Nc1ccccc1Cl,1.9
6090,Nc1ccc(Sc2ccc(N)cc2)cc1,2.18
6103,ClCCCCl,2.0
6113,Oc1c(Br)cccc1Br,3.36
6114,O=[N+]([O-])c1cccc([N+](=O)[O-])c1O,1.37
6134,CN(C)c1ccc(/N=N/c2ccccc2)cc1,4.58
6145,O=C1CCCCO1,-0.35
6151,COc1ccccc1C,2.74
6152,COc1ccc(C)cc1,2.66
6153,COc1cccc(C)c1,2.66
6155,CC(=O)Oc1ccccc1C,1.93
6187,OCCSCCO,-0.63
6190,O=[N+]([O-])c1ccc(Cl)c([N+](=O)[O-])c1,2.17
6192,O=[N+]([O-])c1cc(Cl)ccc1Cl,3.09
6193,O=[N+]([O-])c1ccc(Cl)c(Cl)c1,3.12
6194,Oc1cc(Cl)ccc1Cl,3.06
6195,Ic1ccc(I)cc1,4.11
6198,ON=C1CCCCC1,0.84
6201,O=C(O)c1cc(I)cc(I)c1O,4.56
6203,N#Cc1ccc(C(=O)O)cc1,1.56
6209,O=C1CC(=O)c2ccccc21,0.61
6220,O=[N+]([O-])c1cccc2cccc([N+](=O)[O-])c12,2.58
6225,COc1ccc(CCN)cc1OC,0.77
6244,Cc1cc(C(C)(C)C)c(O)c(C(C)(C)C)c1,5.1
6246,CCCCOC(=O)c1ccc(C(=O)OCCCC)cc1,5.53
6259,C=CC#N,0.25
6260,CCC[N+](=O)[O-],0.87
6265,CC(C)C(O)C(C)(C)CO,1.24
6267,CCCCOC(=O)c1ccccc1C(=O)OCCCC,4.72
6285,S=P(N1CC1)(N1CC1)N1CC1,0.53
6382,CCC=O,0.59
6389,Cc1nc2ccccc2[nH]1,1.43
6401,c1cc2cccc3c4cccc5cccc(c(c1)c23)c54,6.25
6412,CCOC(=O)CC(SP(=S)(OC)OC)C(=O)OCC,2.36
6413,C=CCO,0.17
6416,Brc1ccccc1,2.99
6418,Cc1ccc(Br)cc1,3.42
6437,CC(C)C(=O)c1ccccc1,2.73
6442,CC(C)(C)c1ccccc1,4.11
6474,Cc1ccc(C(C)(C)C)cc1,5.17
6622,COP(=O)(OC)OC=C(Cl)Cl,1.47
6631,ClCC1CO1,0.45
6638,CCOCOCC,0.84
6646,CCOC(=O)c1cccc([N+](=O)[O-])c1,2.35
6647,CCOC(=O)c1ccc([N+](=O)[O-])cc1,2.33
6654,Cc1cc(C)c(C)cc1C,4.0
6657,CCOC(=O)/C=C/c1ccccc1,2.99
6658,CCOC(=O)CC(=O)c1ccccc1,1.87
6663,O=S(c1ccccc1)c1ccccc1,2.06
6664,O=S(=O)(c1ccccc1)c1ccccc1,2.4
6667,c1ccc(Nc2ccccc2)cc1,3.5
6671,c1ccc2c(c1)Cc1ccccc1-2,4.18
6678,c1ccc(OCCOc2ccccc2)cc1,3.81
6687,c1ccc2c(c1)-c1cccc3cccc-2c13,5.16
6694,c1ccc(-c2ccc(-c3ccccc3)cc2)cc1,6.03
6713,CCCCN(CCCC)N=O,2.63
6736,CCOC(=O)c1ccncc1,1.43
6833,Sc1ccccc1,2.52
6850,Oc1ccccc1Br,2.35
6853,C=CCCC(C)=O,1.02
6856,O=C(O)c1ccccc1Br,2.2
6857,COc1ccccc1Br,2.86
6958,N#CN,-0.82
6959,CC(=O)OCCBr,1.11
6964,O=[N+]([O-])c1cccc(Br)c1,2.64
6965,Nc1ccc(Br)cc1,2.26
6966,Nc1ccccc1Br,2.11
6994,CCCCNc1ccccc1,3.58
7049,Nc1ccc(S(=O)(=O)O)cc1,-2.16
7056,CC(=O)NCCc1ccccc1,1.19
7067,O=[N+]([O-])c1cccc([N+](=O)[O-])c1,1.49
7072,Cc1ccc([N+](=O)[O-])cc1[N+](=O)[O-],1.98
7073,CN(C)c1ccccc1,2.31
7076,CC(C)c1ccc(N)cc1,2.49
7079,Oc1ccc2c(O)cccc2c1,1.94
7080,Oc1cccc2c(O)cccc12,1.94
7083,CCN(CC)c1ccccc1,3.31
7094,CCc1ccc2c(c1)C(=O)c1ccccc1C2=O,4.37
7170,BrCBr,1.7
7171,ClCBr,1.41
7178,CCNC,0.15
7181,CCC(C)C(=O)O,1.18
7190,CCCCCC(C)=O,1.98
7192,CCCCCCCBr,4.36
7197,COC(=O)c1ccccc1Cl,2.38
7201,COC(=O)c1ccc(OC)cc1,2.27
7236,Nc1ncnc2c1ncn2C1OC(CO)C(O)C1O,-1.05
7266,O=C1C(=O)c2ccccc2-c2ccccc21,2.52
7270,C=C(C)C(=O)O,0.93
7291,O=S(=O)(O)c1ccc2ccccc2c1,0.63
7358,COc1ccc(OC)cc1,2.04
7360,CCN(CCO)c1ccccc1,2.1
7364,CCCN,0.48
7387,CC1CCCC(C)N1,1.53
7388,Cc1cc2ccccc2[nH]1,2.53
7395,CC1OC(OC2C=C3CCC4C(CCC5(C)C(c6ccc(=O)oc6)CCC45O)C3(C)CC2)C(O)C(O)C1O,2.48
7396,COC1CC(OC2CCC3(C=O)C4CCC5(C)C(C6=CC(=O)OC6)CCC5(O)C4CCC3(O)C2)OC(C)C1O,0.64
7416,Nc1cccc(S(N)(=O)=O)c1,-0.38
7424,Nc1ccc(C(=O)NCC(=O)O)cc1,-0.89
7445,Nc1c2ccccc2nc2ccccc12,2.74
7457,C1CC2OC2CC1C1CO1,0.44
7467,CC#N,-0.34
7468,CC=O,-0.34
7470,C=CCBr,1.79
7474,C=CCN,0.03
7475,CC(C)=NO,0.12
7476,CC(N)C(=O)O,-2.96
7477,NCCC(=O)O,-3.05
7478,CC(C)O,0.05
7482,CNC(=O)NC(C)=O,-0.7
7486,C=CCOC(C)=O,0.97
7491,N#CCCCCC#N,-0.32
7492,Nc1ccc(S(N)(=O)=O)cc1,-0.62
7495,CC(=O)CCC(C)=O,-0.27
7496,O=C(O)CCCCC(=O)O,0.08
7498,CCOC(C)OCC,0.84
7501,Nc1ccc(C(=O)O)cc1,0.83
7504,Cc1ccc(O)c(N)c1,1.16
7505,COc1cccc(N)c1,0.93
7506,C=CC(OC(C)=O)OC(C)=O,0.78
7509,CC(=O)c1ccccc1,1.58
7510,CC(=O)Nc1ccccc1,1.16
7511,CC(=O)c1cccc(N)c1,0.83
7513,Cc1ccc(C)c(N)c1,1.83
7518,CC(=O)Nc1ccc(C)cc1,1.7
7520,CC(=O)Nc1cc(C)ccc1C,1.47
7523,CCOc1ccccc1NC(C)=O,1.49
7524,CCOc1cccc(NC(C)=O)c1,1.82
7525,CCOc1ccc(NC(C)=O)cc1,1.58
7530,O=C1C(=O)c2cccc3cccc1c23,1.95
7531,c1cc2c3c(cccc3c1)CC2,3.92
7534,Nc1ccc(-c2ccccc2)cc1,2.86
7535,Nc1ccccc1-c1ccccc1,2.84
7541,C=CCOC(=O)c1ccccc1C(=O)OCC=C,3.23
7573,O=C(O)CCC(=O)O,-0.59
7574,CCCC(=O)O,0.79
7575,CCCCC(=O)O,1.39
7578,O=C(O)CC(O)(CC(=O)O)C(=O)O,-1.72
7579,O=c1[nH]c2ccccc2s1,1.76
7580,O=C(O)c1ccc([N+](=O)[O-])cc1,1.89
7594,COc1ccc(C(=O)O)cc1OC,1.61
7600,CC1=CCC2CC1C2(C)C,4.83
7605,CC(=O)OC(OC(C)=O)c1ccccc1,1.62
7612,O=[N+]([O-])c1cc(C2CCCCC2)c(O)c([N+](=O)[O-])c1,4.12
7637,CC(O)C#N,-0.94
7638,CN(C)C#N,-0.15
7639,NCCCO,-1.12
7643,N#CCCNCCC#N,-1.34
7651,COc1ccc(C(=O)c2ccccc2)c(O)c1,3.79
7654,Cc1cc(Cc2cc(C)cc(C(C)(C)C)c2O)c(O)c(C(C)(C)C)c1,6.25
7658,C=CC(N)=O,-0.67
7662,Nc1cc([N+](=O)[O-])ccc1C(=O)O,1.91
7704,Nc1ccc(N)c2c1C(=O)c1ccccc1C2=O,3.0
7714,Cn1cnc2c(N)ncnc21,-0.03
7728,Cn1cnc2ncnc(N)c21,-0.03
7756,CCCCCCCCCCC(=O)O,4.42
7760,O=C1CC(=O)NC(=O)N1,-1.47
7762,NC(=O)CC(N)C(=O)O,-3.82
7766,CCCCCBr,3.37
7771,CCC(C)(C)Cl,2.52
7777,CCCCCN,1.49
7780,ClC1C(Cl)C(Cl)C(Cl)C(Cl)C1Cl,4.14
7781,Nc1ccccc1,0.9
7785,N=C(N)NCCCC(N)C(=O)O,-4.2
7788,O=Cc1ccccc1,1.48
7791,COc1ccccc1,2.11
7792,COc1ccc(N)cc1,0.95
7796,O=C(O)C(O)c1ccccc1,0.62
7797,COc1ccc(C(=O)O)cc1,1.96
7799,NC(C(=O)O)c1ccccc1,-1.7
7801,NCC(O)c1ccc(O)c(O)c1,-1.24
7804,Nc1cccc2cccnc12,1.16
7805,Nc1cnc2ccccc2c1,1.63
7816,Cc1cc(=O)n(-c2ccccc2)n1C,0.38
7828,O=C1c2ccccc2C(=O)c2ccccc21,3.39
7829,c1ccc2cc3ccccc3cc2c1,4.45
7835,CCC#N,0.16
7836,CN(C)P(=O)(N(C)C)N(C)C,0.28
7876,ClC(Cl)Br,2.0
7877,BrC(Br)Br,2.4
7882,CCC(Br)C(=O)O,1.42
7886,CC(C)CN,0.73
7887,CCCCN,0.97
7888,CCC(C)N,0.74
7889,Brc1ccccn1,1.42
7892,CCC(C)OC(C)=O,1.72
7893,CC(=O)OCC(C)C,1.78
7896,FC(F)(F)c1ccccc1,3.01
7897,N#Cc1ccccc1,1.56
7899,BrCc1ccccc1,2.92
7900,COc1ccc(Br)cc1,3.05
7901,ClCc1ccccc1,2.3
7902,OCc1ccccc1,1.1
7904,NCc1ccccc1,1.09
7906,CC(=O)Nc1ccc(Br)cc1,2.29
7916,COCc1ccccc1,1.92
7917,CNCc1ccccc1,1.52
7923,CC(=O)NCc1ccccc1,0.95
7924,CCOCc1ccccc1,2.16
7933,c1ccc(Cc2ccncc2)cc1,2.62
7935,O=C(c1ccccc1)c1ccccc1,3.18
7936,Oc1ccc(Cc2ccccc2)cc1,3.47
7938,O=C(OCc1ccccc1)c1ccc(O)cc1,3.56
7939,O=C(OCc1ccccc1)c1ccccc1,3.97
7949,Cc1cc(C)c(C)c(C)c1,4.1
7957,OCC(O)C(O)CO,-2.29
7958,OCC(CO)(CO)CO,-1.69
7975,O=C1OC(C(O)CO)C(O)=C1O,-1.64
7982,O=C(O)CC(=O)O,-0.81
7990,Cc1ccccc1OCC(O)CO,1.41
7991,COc1ccccc1/C=C/C(=O)O,2.54
8010,NCCCN,-1.43
8039,O=C1C=CC(=O)N1c1ccccc1,1.09
8042,Nc1ccccc1SSc1ccccc1N,3.05
8049,C#CC1(O)CCCCC1,1.73
8059,COC(=O)c1ccccc1O,2.55
8064,CCOC(=O)c1ccccc1O,2.95
8076,CCCOC(=O)c1ccccc1O,3.8
8118,C=CC(=O)OCC,1.32
8121,CCCCCC(=O)O,1.92
8220,COC(=O)c1ccc(Cl)cc1,2.87
8247,OCCNc1ccccc1,0.82
8255,CCCCOCCOCCOCc1cc2c(cc1CCC)OCO2,4.75
8258,C=COC(C)=O,0.73
8259,C=COCC,1.04
8260,CCCC(C)C(=O)O,1.8
8262,NC(=O)CCl,-0.53
8264,N#CCCCCl,0.56
8266,CCCC#N,0.53
8273,CCCCCl,2.64
8278,CCCC(N)=O,-0.21
8285,CCC(C)CO,1.29
8287,Clc1ccccc1,2.84
8297,O=C(O)c1cccc(Cl)c1,2.68
8298,O=C(O)c1ccc(Cl)cc1,2.65
8305,CCCC(=O)OCC(O)CO,-0.17
8308,O=C(O)COc1ccccc1Cl,1.86
8309,CC(=O)Nc1ccccc1Cl,1.28
8311,C=CCCCCCC,4.57
8313,CCCCOCCCC,3.21
8317,CCCC(=O)c1ccccc1,2.77
8319,CCCCc1ccccc1,4.38
8320,CCC(C)c1ccccc1,4.57
8328,CCCCOC(=O)c1ccccc1,3.84
8329,CCCCOC(=O)c1ccc(O)cc1,3.57
8338,CCCCOP(=O)(OCCCC)OCCCC,4.0
8339,O=C(Nc1ccccc1)Nc1ccccc1,3.0
8354,COc1ccc(C=O)cc1OC,1.22
8358,C=C(C)C1Cc2c(ccc3c2OC2COc4cc(OC)c(OC)cc4C2C3=O)O1,4.1
8362,CCOC(=O)c1ccc(O)cc1,2.47
8364,O=C(O)c1cc(O)ccc1O,1.74
8366,COc1cc(OC)cc(C(=O)O)c1,2.19
8462,O=C1C=C(O)C(=O)c2ccccc21,1.38
8463,O=S(=O)(O)c1cccc2cccc(O)c12,-0.17
8473,CCNc1cccc2ccccc12,3.45
8477,O=C1c2ccccc2C(=O)c2c(O)cccc21,3.52
8482,O=C1/C(=C2/Nc3ccccc3C2=O)Nc2ccccc21,3.72
8487,CNC,-0.38
8489,CC1(C)NC(=O)NC1=O,-0.48
8490,CCC(=O)CC,0.99
8491,CCC(O)CC,1.21
8494,CCOC(=O)CC(C)=O,0.25
8532,CCCC(O)CCC,2.22
8536,COc1cccc(OC)c1,2.21
8538,C=C(C)CC(C)(C)C,4.55
8542,CCOc1ccc(C(=O)O)cc1,2.39
8544,Oc1cc2ccccc2cc1O,2.24
8550,CN(C)c1cccc2ccccc12,3.46
8551,CCCCCCCCCCCC,6.1
8552,NC(=O)N(c1ccccc1)c1ccccc1,1.53
8557,CCOC(=O)C(Cc1ccccc1)C(=O)OCC,2.76
8559,O=C1NC(=O)C(c2ccccc2)(c2ccccc2)N1,2.47
8564,CNC(=S)NC,-0.24
8565,C1COCCO1,-0.27
8566,Cc1cc(C)[nH]n1,1.01
8569,O=C(O)c1cc([N+](=O)[O-])cc([N+](=O)[O-])c1,1.55
8572,Cc1cc(=O)cc(C)o1,0.1
8573,CCNc1ccccc1,2.16
8579,O=C(O)C(c1ccccc1)c1ccccc1,3.09
8580,O=[N+]([O-])C(Cl)(Cl)Cl,2.09
8583,NC(CS)C(=O)O,-2.49
8587,CC(=O)C(C)=O,-1.34
8591,Clc1cccc(Cl)c1,3.53
8593,Nc1ccc(Cl)cc1Cl,2.78
8601,Cc1ccc(Cl)cc1Cl,4.24
8603,Cc1ccccc1Cl,3.42
8604,Cc1cccc(Cl)c1,3.28
8605,Cc1cccc(O)c1,1.96
8606,O=C(O)COc1ccc(Cl)cc1,2.25
8610,CCCCNCCCC,2.83
8611,O=c1ccc2ccccc2o1,1.39
8612,OC/C=C/c1ccccc1,1.95
8613,CC(C)c1ccccc1,3.66
8618,CCCCCCCCCC,5.01
8626,c1ccc(CCc2ccccc2)cc1,4.79
8634,CC(CCC(=O)O)C1CCC2C3CCC4CC(O)CCC4(C)C3CC(O)C12C,3.5
8637,CC[N+](=O)[O-],0.18
8641,C#CCO,-0.38
8656,C=CC=O,-0.01
8657,CC(=O)c1ccccc1N,1.63
8661,CCBr,1.61
8662,CCI,2.0
8665,CCOC=O,0.23
8666,CCOC(=O)C(Cl)(Cl)Cl,2.39
8669,CCOC(=O)CBr,1.12
8673,CCOC(=O)NC,0.34
8674,CCOCCO,-0.32
8685,CCOC(=O)CC,1.21
8686,CCOC(=O)OCC,1.21
8688,CCOC(=O)C(=O)OCC,0.56
8697,Cc1cccc(F)c1,2.75
8698,Cc1ccc(F)cc1,2.58
8699,O=CNc1ccccc1,1.15
8701,CCOC(=O)CC(=O)OCC,0.96
8709,CCOC(=O)c1cccnc1,1.32
8710,CCc1cccc(O)c1,2.4
8712,CCOC(=O)CCC(=O)OCC,1.2
8714,CCOC(=O)CCCCC(=O)O,0.91
8715,CCOC(=O)C(O)C(O)C(=O)OCC,-0.29
8717,CCC1CCCCC1,4.56
8721,CCOC(=O)c1ccccc1,2.64
8724,CCOS(=O)(=O)c1ccc(C)cc1,1.81
8731,CCOC(=O)Cc1ccccc1,2.28
8732,C=CCc1ccc(O)c(OC)c1,2.27
8741,CCOC(=O)/C(C#N)=C/c1ccccc1,2.43
8742,CCOC(=O)c1ccccc1C(=O)OCC,2.47
8749,CCCCCCCCCCCC(=O)OCC,5.71
8759,COP(=O)(OC)C(O)C(Cl)(Cl)Cl,0.51
8762,COP(=S)(OC)Oc1cc(Cl)c(Cl)cc1Cl,4.88
8763,COP(=S)(OC)Oc1ccc([N+](=O)[O-])c(Cl)c1,3.45
8766,ClC1=C(Cl)C2(Cl)C3C(Cl)C=CC3C1(Cl)C2(Cl)Cl,6.1
8767,ClC1=C(Cl)C2(Cl)C3C(Cl)C(Cl)CC3C1(Cl)C2(Cl)Cl,6.16
8768,CCOP(=S)(OCC)Oc1ccc([N+](=O)[O-])cc1,3.83
8769,ClC1=C(Cl)C2(Cl)C3C4CC(C5OC45)C3C1(Cl)C2(Cl)Cl,5.2
8771,ClC1=C(Cl)C2(Cl)C3C4C=CC(C4)C3C1(Cl)C2(Cl)Cl,6.5
8773,CCOP(=S)(OCC)Oc1cc(C)nc(C(C)C)n1,3.81
8774,Clc1ccc(C(c2ccc(Cl)cc2)C(Cl)(Cl)Cl)cc1,6.91
8776,Clc1ccc(C(c2ccc(Cl)cc2)C(Cl)Cl)cc1,6.02
8778,CCOP(=S)(Oc1ccc([N+](=O)[O-])cc1)c1ccccc1,4.78
8779,CCOP(=S)(OCC)Oc1ccc2c(C)c(Cl)c(=O)oc2c1,4.13
8780,COc1ccc(C(c2ccc(OC)cc2)C(Cl)(Cl)Cl)cc1,5.08
8782,Cc1ccc([N+](=O)[O-])cc1N,1.87
8784,CN(C)C(=O)Nc1ccc(Cl)cc1,1.94
8785,CN(C)C(=O)Nc1ccc(Cl)c(Cl)c1,2.68
8786,O=Cc1ccccn1,0.44
8787,O=Cc1cccnc1,0.29
8788,O=Cc1ccncc1,0.43
8804,CNC(C)C(O)c1ccccc1,0.93
8952,CC12C=CC(=O)C=C1CCC1C2C(O)CC2(C)C1CCC2(O)C(=O)CO,1.62
8995,CC(=O)c1ccc(C(C)C)cc1,2.98
8999,CN(C)C1C(O)=C(C(N)=O)C(=O)C2(O)C(O)=C3C(=O)c4c(O)cccc4C(C)(O)C3C(O)C12,-0.9
9013,ClCCCBr,2.18
9019,O=C(O)/C=C/c1ccccc1,2.13
9054,ClC(Cl)(Cl)C(Cl)(Cl)Cl,4.14
9056,O=C1CNC(=O)N1,-1.69
9060,OCC(O)CO,-1.76
9065,ClC1=C(Cl)C(Cl)(Cl)C(Cl)=C1Cl,5.04
9067,C=CC(=C)C,2.42
9068,O=C(O)CCCC(=O)O,-0.29
9069,NC(CCC(=O)O)C(=O)O,-3.69
9071,CSCCC(N)C(=O)O,-1.87
9073,Clc1c(Cl)c(Cl)c(Cl)c(Cl)c1Cl,5.73
9074,Ic1ccccc1,3.25
9075,Oc1ccccc1I,2.65
9076,Nc1ccc(I)cc1,2.34
9077,Oc1ccc(O)cc1,0.59
9082,CC(C)CC(N)C(=O)O,-1.52
9083,NCCCCC(N)C(=O)O,-3.05
9084,CCCCCCO,2.03
9092,O=C1Nc2ccccc2C1=O,0.83
9093,CC(=O)c1ccccc1O,1.92
9094,COc1cccc(C(=O)O)c1,2.02
9098,Cc1cc(C)cc(O)c1,2.35
9100,C1=Cc2ccccc2C1,2.92
9102,O=C(O)CCc1ccccc1,1.84
9103,Cc1cc(C)cc(C)c1,3.42
9110,CC(C)CCOCCC(C)C,4.25
9113,CC(C)CCOC(=O)c1ccccc1,4.15
9127,CCCCOC(C)=O,1.78
9153,C=CCC1(CC=C)C(=O)NC(=O)NC1=O,1.15
9183,CC(=O)c1ccc(OCC(=O)O)cc1,0.87
9193,CI,1.51
9194,CC(Cl)(Cl)Cl,2.49
9197,CSSC,1.77
9201,COC(=O)C(=O)OC,-0.17
9202,CCC(=O)OC,0.84
9203,C1COCCN1,-0.86
9206,CC(=O)C(C)C,0.84
9207,CCCC(=O)OC,1.29
9209,CN1CCOCC1,-0.33
9210,Cn1ccccc1=O,-0.23
9218,CC1CCCCC1,3.61
9219,COC(=O)c1ccc(Br)cc1,2.95
9221,COC(=O)c1ccccc1,2.12
9222,CNc1ccccc1C,2.16
9223,CNc1cccc(C)c1,2.19
9224,Cc1cccc(CO)c1,1.6
9227,C=C(C)c1ccccc1,3.48
9228,CC(=O)c1ccc(C)cc1,2.1
9229,COC(=O)c1ccccc1C,2.75
9232,COC(=O)Cc1ccccc1,1.83
9235,Cc1cc(=O)oc2cc(O)ccc12,1.9
9236,Cc1cccc2cccnc12,2.6
9238,COC(=O)/C=C/c1ccccc1,2.62
9245,CCCCCCCCCCCCCCCCCC(=O)OC,8.35
9268,NC(=O)C(F)(F)F,0.12
9279,Fc1ccc(Br)cc1,3.08
9293,O=C(Nc1ccccc1)C(F)(F)F,2.21
9308,C(=C/c1ccccn1)\c1ccccn1,2.11
9368,CC12CCC3C(CCC4=CC(=O)CCC43C)C1CCC2=O,2.75
9369,C#CC1(O)CCC2C3CCC4=CC(=O)CCC4C3CCC21C,2.97
9370,C#CC1(O)CCC2C3CCC4=CC(=O)CCC4(C)C3CCC21C,3.11
9372,CC(=O)OCC(=O)C1CCC2C3CCC4=CC(=O)CCC4(C)C3CCC12C,3.08
9376,CC(C)(C)N,0.4
9378,O=[N+]([O-])c1ccccc1,1.85
9379,Nc1cccc([N+](=O)[O-])c1,1.37
9381,O=C(O)c1ccccc1[N+](=O)[O-],1.46
9382,Cc1ccccc1[N+](=O)[O-],2.3
9383,Cc1cccc([N+](=O)[O-])c1,2.45
9384,Cc1ccc([N+](=O)[O-])cc1,2.37
9386,NC(=O)CI,-0.19
9387,O=C(O)CSc1ccccc1,1.88
9388,O=C1C=CC(=O)c2ccccc21,1.71
9389,O=[N+]([O-])c1cccc2ccccc12,3.19
9391,Oc1cccc2ccccc12,2.85
9392,O=S(=O)(O)c1ccc(O)c2ccccc12,-0.44
9406,CN(C)c1ccc(C(=O)c2ccc(N(C)C)cc2)cc1,3.87
9460,NNC(=O)c1ccncc1,-0.7
9496,CC12CCC3c4ccc(O)cc4CCC3C1CCC2=O,3.13
9497,CC12CCC(=O)C=C1CCC1C2CCC2(C)C(O)CCC12,3.32
9498,CC12CCC(=O)C=C1CCC1C2CCC2(C)C1CCC2(C)O,3.36
9500,CC12CCC(=O)C=C1CCC1C2C(=O)CC2(C)C1CCC2(O)C(=O)CO,1.47
9501,CC(=O)C1CCC2C3CCC4=CC(=O)CCC4(C)C3CCC12C,3.87
9502,CC12CCC(=O)C=C1CCC1C2C(O)CC2(C)C(C(=O)CO)CCC12,1.94
9505,C#CCCCC,2.73
9513,O=P(N1CC1)(N1CC1)N1CC1,-0.62
9551,CC(C)C(N)C(=O)O,-2.26
9570,ClC(Cl)=C(Cl)Cl,3.4
9585,O=[N+]([O-])c1ccc(Cl)cc1,2.39
9589,Nc1ccccc1[N+](=O)[O-],1.85
9590,Nc1ccc([N+](=O)[O-])cc1,1.39
9592,CC1OC(C)OC(C)O1,0.67
9594,O=C(O)c1cccc([N+](=O)[O-])c1,1.83
9597,NNC(=O)c1ccc([N+](=O)[O-])cc1,0.35
9600,O=C(CBr)c1ccccc1,2.19
9602,O=[N+]([O-])/C=C/c1ccccc1,2.11
9603,O=C(O)COc1ccccc1,1.34
9604,Cc1cccc(C)c1[N+](=O)[O-],2.95
9605,CCOc1ccc([N+](=O)[O-])cc1,2.53
9607,CN(C)c1cccc([N+](=O)[O-])c1,2.16
9608,CN(C)c1ccc([N+](=O)[O-])cc1,2.27
9614,CCCCCCCCBr,4.89
9615,CCCCCCCC,5.18
9616,CCCCCCCCO,3.0
9617,CCCCCCCCN,2.9
9619,CC(=O)Nc1ccc(C)cc1[N+](=O)[O-],1.49
9620,CC(=O)Cc1ccccc1,1.44
9627,O=S(=O)(O)c1cccc2c(O)cccc12,-0.17
9639,CC(=O)Oc1cccc2ccccc12,2.78
9641,CCC1(c2ccccc2)C(=O)NC(=O)NC1=O,1.47
9643,c1ccc2c(c1)ccc1ncccc12,3.43
9649,CCCCCCCC/C=C/CCCCCCCC(=O)O,7.64
9674,Oc1cccc(C(F)(F)F)c1,2.95
9675,CCOc1ccc(O)cc1,1.81
9677,Oc1c(Cl)cc(Cl)c(Cl)c1Cc1c(O)c(Cl)cc(Cl)c1Cl,7.54
9683,CC12CCC3c4ccc(O)cc4CCC3C1CCC2O,4.01
9684,CC12CCC3C(CC=C4CC(O)CCC43C)C1CCC2=O,3.23
9686,CC12CCC3C(CCC4CC(O)CCC43C)C1CCC2=O,3.69
9695,Cc1ccc(S(N)(=O)=O)cc1,0.82
9696,CCc1ccc(S(N)(=O)=O)cc1,1.31
9700,NS(=O)(=O)c1ccc(Cl)cc1,1.15
9703,CCC(Br)(CC)C(=O)NC(N)=O,1.54
9745,CCC(C)C(N)C(=O)O,-1.7
9746,NC(Cc1ccccc1)C(=O)O,-1.44
9747,NC(CO)C(=O)O,-3.07
9760,NC(Cc1ccc(O)cc1)C(=O)O,-2.04
9769,O=C(O)CNC(=O)c1ccccc1,0.31
9786,NCCO,-1.31
9809,CC12C=CC(=O)C=C1CCC1C2C(=O)CC2(C)C1CCC2(O)C(=O)CO,1.46
9895,OC1CCCCC1O,0.23
9897,CCc1ccccc1O,2.47
9903,O=Cc1c[nH]c2ccccc12,1.68
9909,COc1cccc(OC)c1OC,1.53
9913,COC(=O)CCc1ccccc1,2.32
9924,O=C(O)CCCC(=O)c1ccccc1,1.49
10005,C=CN1CCCC1=O,0.37
10015,O=C(O)COc1ccccc1F,1.39
10018,O=[N+]([O-])c1c(Cl)c(Cl)cc(Cl)c1Cl,4.38
10046,Fc1ccc(F)c(F)c1,2.52
10050,Fc1cccc(Br)c1,2.92
10054,Fc1cccc(Cl)c1,2.76
10055,Fc1ccc(Cl)cc1,2.78
10058,Fc1ccccc1F,2.37
10064,O=[N+]([O-])c1ccc(F)cc1,1.8
10067,O=[N+]([O-])c1ccc(F)cc1O,1.91
10068,Fc1cccc(F)c1,2.21
10069,Fc1ccc(F)cc1,2.13
10073,Nc1ccc(F)c(Cl)c1,2.06
10077,Oc1ccccc1F,1.71
10078,Oc1ccc(F)cc1,1.77
10080,Nc1ccc(F)cc1F,1.54
10081,Nc1cccc(Br)c1,2.1
10082,Nc1ccccc1F,1.26
10083,Nc1cccc(F)c1,1.3
10090,FC(F)(F)c1ccccc1Cl,3.53
10096,O=[N+]([O-])c1cccc(C(F)(F)F)c1,2.62
10101,Nc1cc(C(F)(F)F)ccc1Cl,3.06
10102,O=C(O)c1ccccc1F,1.77
10103,O=C(O)c1cccc(F)c1,2.15
10104,O=C(O)c1ccc(F)cc1,2.07
10119,Nc1ccccc1C(F)(F)F,2.41
10120,Nc1ccc(C(F)(F)F)cc1,1.95
10122,COc1ccccc1F,2.14
10125,FC(F)(F)c1cccc(C(F)(F)F)c1,3.83
10131,CC(=O)Nc1cccc(F)c1,1.65
10132,CC(=O)Nc1ccc(F)cc1,1.47
10161,CCCCC(N)C(=O)O,-1.53
10166,O=c1[nH]c2ccccc2[nH]1,1.12
10214,O=C1OC(=O)c2ccccc21,1.6
10241,O=S1(=O)OC(c2ccc(O)cc2)(c2ccc(O)cc2)c2ccccc21,3.02
10242,N=C1C=CC(=C(c2ccc(N)cc2)c2ccc(N)cc2)C=C1,-0.21
10261,CNCC(=O)O,-2.78
10264,CC12CCC(=O)C=C1CCC1C2C(O)CC2(C)C1CCC2(O)C(=O)CO,1.61
10457,CC(=O)NS(=O)(=O)c1ccc(N)cc1,-0.96
10462,Cc1cc(C)nc(NS(=O)(=O)c2ccc(N)cc2)n1,0.89
10529,OC(c1ccccc1)C(O)c1ccccc1,1.91
10582,OCCCCCl,0.85
10583,NCCc1ccccc1,1.41
10584,CC(C)=CC=C(C)C,3.5
10587,CCC1(CCC(C)C)C(=O)NC(=O)NC1=O,2.07
10588,CCCC(C)C1(CC)C(=O)NC(=O)NC1=O,2.1
10589,CCCCCC1(CC)C(=O)NC(=O)NC1=O,2.24
10590,C=CCC1(C(C)CCC)C(=O)NC(=O)NC1=O,1.97
10625,CC(=O)NC(Cc1ccc(O)cc1)C(=O)O,1.32
10730,CC(=O)OCC(=O)C1(O)CCC2C3CCC4=CC(=O)C=CC4(C)C3C(O)CC21C,2.4
10736,CC12CCC3C(CCC4CC(=O)CCC43C)C1CCC2O,3.55
10737,C#CC1(O)CCC2C3CCc4cc(O)ccc4C3CCC21C,3.67
10753,CNC(=O)Nc1ccccc1,1.12
10760,CN(C)C(=O)c1ccccc1,0.62
10954,BrC1CCCCC1,3.2
10960,COC(=O)CCCCC(=O)OC,1.03
10962,Cc1ccc(C(C)C)c(O)c1,3.3
10970,Cc1cc(-c2ccc(N)c(C)c2)ccc1N,2.34
11018,OCCNCc1ccccc1,0.79
11065,CC12CCC(=O)C=C1CCC1C2CCC2(C)C(C(=O)CO)CCC12,2.88
11070,CN1C(=O)CCC1=O,-0.95
11075,CS(=O)(=O)Nc1ccccc1,0.95
11176,Nc1ccc2ccc3cccc4ccc1c2c34,4.31
11181,CN1CCc2cccc3c2C1Cc1ccc(O)c(O)c1-3,2.3
11417,c1ncncn1,-0.73
11485,CCC(C)C1(CC)C(=O)NC(=O)NC1=O,1.69
11489,C=CCC1=C(C)C(OC(=O)C2C(C=C(C)C)C2(C)C)CC1=O,4.78
11553,Cc1ccc2cc(C)c(C)cc2c1,4.73
11560,O=C1CC(c2ccc(O)cc2)Oc2cc(O)cc(O)c21,2.52
11602,CC1=C(O)C(=O)c2ccccc2C1=O,1.2
11855,CC12CCC3c4ccc(O)cc4CCC3C1CC(O)C2O,2.45
11941,OC(CCN1CCCCC1)(c1ccccc1)C1CCCCC1,4.49
11947,Nc1ccc2c(c1)Cc1ccccc1-2,3.14
11951,Nc1ccc2c(c1)Cc1cc([N+](=O)[O-])ccc1-2,3.06
12040,O=C1c2cc([N+](=O)[O-])ccc2-c2c1cc([N+](=O)[O-])cc2[N+](=O)[O-],2.42
12105,CC1(O)CCC2C3CCC4CC(=O)CCC4(C)C3(F)C(O)CC21C,2.38
12599,NC(=O)Nc1ccc(Cl)cc1,1.8
12605,CC(C)NC(=N)NC(=N)Nc1ccc(Cl)cc1,2.53
12696,c1ccc(CNc2ccccc2)cc1,3.13
12742,NC(Cc1c[nH]c2ccccc12)C(=O)O,-1.06
12747,CN1CC(=O)NC1=N,-1.76
12749,O=C(O)c1cccnc1,0.36
12750,COC(=O)c1cccnc1,0.83
12752,NC(=O)c1cccnc1,-0.37
12760,COc1ccc(CN(CCN(C)C)c2ccccn2)cc1,3.27
12781,c1ccc2nc3ccccc3nc2c1,2.84
12819,NC(CSSCC(N)C(=O)O)C(=O)O,-5.08
12864,CN(C)C1C(O)=C(C(N)=O)C(=O)C2(O)C(O)=C3C(=O)c4c(O)ccc(Cl)c4C(C)(O)C3CC12,-0.62
13008,CC12C=CC(=O)C=C1CCC1C3CC(O)C(O)(C(=O)CO)C3(C)CC(O)C12F,1.16
13285,O=C1C=CC(=O)N1,-0.29
13463,CN(C)c1nc(N(C)C)nc(N(C)C)n1,2.73
13476,CCNc1nc(Cl)nc(N(CC)CC)n1,3.34
13477,CCNc1nc(N)nc(Cl)n1,1.15
13516,CC(=O)Oc1c[nH]c2ccccc12,2.01
13577,CNCC(O)c1cccc(O)c1,-0.31
13589,N=C(N)NS(=O)(=O)c1ccc(N)cc1,-1.22
13633,Nc1ncnc2[nH]cnc12,-0.09
13636,CCOC(=O)N(C)C,0.89
13735,C=C1CC23CC1(O)CCC2C12C=CC(O)C(C)(C(=O)O1)C2C3C(=O)O,0.24
13816,CN(C)CC(=O)O,-2.91
13830,O=C(O)Cc1ccc(Cl)cc1,2.12
13900,O=C(O)Cc1ccc(Br)cc1,2.31
13902,O=C(O)Cc1cccc(O)c1,0.85
13986,CC(C)(C)C1=CC(=O)C=C(C(C)(C)C)C1=O,4.42
13997,CC(C)(C)c1cc(C(C)(C)C)c(O)c(C(C)(C)C)c1,6.06
14026,CC(C)c1ccc([N+](=O)[O-])cc1,3.45
14139,CC(C)C(=O)C(C)C,1.86
14236,CCCCCCC(C)O,2.9
14237,CCCCCCCC(C)=O,3.14
14318,Oc1ccccc1/C=N/c1ccccc1,3.09
14319,O=C(Nc1ccccc1)c1ccccc1O,3.27
14333,CNC(=O)NC,-0.49
14334,NC(=O)c1cnccn1,-0.6
14339,c1ccc(-c2ccccc2)cc1,3.98
14382,CN(C)CCCN1c2ccccc2Sc2ccc(C(F)(F)F)cc21,5.54
14400,O=c1c2ccccc2oc2ccccc12,3.39
14431,Nc1cccc(C(=O)O)c1,0.65
14456,Nc1cccnc1,0.11
14457,Nc1ccncc1,0.26
14458,O=C(O)c1ccccc1Cl,2.05
14459,CC(=O)c1ccccn1,0.85
14488,O=C(Cc1ccccc1)Nc1ccccc1,2.7
14546,CNCCc1ccccc1,1.91
14718,CC1=CC(=O)C(C)=CC1=O,1.28
14719,O=C(O)c1cccc(C(=O)O)c1,1.66
14720,c1ccc2c(c1)CCCN2,2.29
14723,CCCOC(=O)c1ccccc1C(=O)OCCC,3.27
14724,CC(C)OC(=O)c1ccccc1C(=O)OC(C)C,2.83
14725,CC(C)COC(=O)c1ccccc1C(=O)OCC(C)C,4.11
14727,CCCCCCCCOC(=O)c1ccccc1C(=O)OCCCCCCCC,8.06
14755,O=Cc1ccccc1Cl,2.33
14756,Cc1ccccc1N,1.32
14757,Cc1cccc(N)c1,1.4
14758,Cc1ccc(N)cc1,1.39
14759,COc1cc(C=O)ccc1O,1.21
14799,COC(=O)c1ccccc1C(=O)OC,1.56
14868,CC(=O)C1(O)CCC2C3CCC4=CC(=O)CCC4(C)C3CCC21C,3.17
14929,O=[As](O)(O)c1ccccc1,0.06
15120,C=CC1CC=CCC1,3.93
15132,O=C(O)Cc1cccc2ccccc12,2.24
15157,O=Cc1ccc(C(=O)O)cc1,1.76
15270,O=c1c2ccccc2sc2ccccc12,3.99
15344,c1ccc2c(c1)ccc1cccnc12,3.43
15356,CCC(C)(C)C(=O)O,1.9
15371,CCN(CC)C(=O)c1ccccc1,1.25
15451,O=[N+]([O-])CCO,-0.42
15526,CNCCNC,-0.62
15806,c1ccc(-n2cccc2)cc1,3.08
15814,CC(O)C(N)C(=O)O,-2.94
15821,CN(C)c1ccc(C(=O)O)cc1,1.28
15823,O=C(O)c1cc2ccccc2[nH]1,2.31
15824,NC(=O)C(Cl)(Cl)Cl,1.04
15856,O=C(O)c1ccc(O)c(O)c1,0.86
15859,Cc1ccc(C(=O)O)c(O)c1,2.99
15869,CC(=O)c1ccc(C(=O)O)cc1,1.61
15904,COc1cc(CC(=O)O)ccc1O,0.33
16128,COc1ccccc1OC,1.6
16129,O=C/C=C/c1ccccc1,1.9
16130,N#CCCc1ccccc1,1.72
16131,CCC(=O)c1ccccc1,2.19
16132,ClCCCc1ccccc1,3.55
16133,NC(Cc1ccc(O)c(O)c1)C(=O)O,-2.74
16134,CCCc1ccccc1,3.69
16135,OCCCc1ccccc1,1.88
16214,CCCCC(CC)COC(=O)c1ccccc1C(=O)OCC(CC)CCCC,7.6
16267,O=C(O)C1CCCCN1,-2.31
16283,CCOC(=O)C(N)Cc1ccc(O)cc1,0.72
16581,CN(C)CCCN1c2ccccc2Sc2ccccc21,4.55
16583,CN(C)CCCN1c2ccccc2S(=O)c2ccc(Cl)cc21,2.32
16587,CN1CCN(CCCN2c3ccccc3Sc3ccc(C(F)(F)F)cc32)CC1,5.03
16591,CN1CCN(CCCN2c3ccccc3Sc3ccc(Cl)cc32)CC1,4.88
16592,CN(C)CCCN1c2ccccc2Sc2ccc(Cl)cc21,5.19
16602,Cc1ccc(O)c(O)c1,1.37
16646,c1cc2ccc3cccc4ccc(c1)c2c34,4.88
16653,CC(=O)c1ccc(Br)cc1,2.43
16661,CC1=CC(=O)C=C(C)C1=O,1.22
16667,N#C/C=C/C#N,-0.25
16670,N#Cc1cccnc1,0.36
16674,N#Cc1ccccc1C#N,0.99
16692,Nc1cccc(Cl)c1,1.88
16693,O=C(O)c1ccc(Br)cc1,2.86
16694,O=C(O)c1ccc(Cl)c(Cl)c1,3.25
16698,Clc1ccc(Br)cc1,3.54
16699,Oc1cccc(-c2ccccc2)c1,3.23
16774,CCC(C)[N+](=O)[O-],1.2
16936,O=c1oc2ccccc2c(O)c1Cc1c(O)c2ccccc2oc1=O,2.07
17026,CCC(CC)=C(c1ccc(O)cc1)c1ccc(O)cc1,5.07
17091,CNC(=O)Oc1ccc(C(C)=O)cc1,1.01
17182,[O-][n+]1ccccc1,-1.2
17183,Cc1cccnc1,1.2
17184,Cc1ccncc1,1.22
17187,C=Cc1ccccn1,1.54
17242,CC12CCC(=O)C=C1CCC1C2CCC2(C)C1CCC2(O)C(=O)CO,3.08
17261,Cc1cc2nc3c(=O)[nH]c(=O)nc-3n(CC(O)C(O)C(O)CO)c2cc1C,-1.46
17331,ClCCN(CCCl)c1ccccc1,2.9
17369,Oc1cccnc1,0.48
17502,C=C(C)C(=O)OCC(C)C,2.66
17504,C=CCc1ccccc1,3.23
17545,CN(C)CC/C=C1\c2ccccc2Sc2ccc(Cl)cc21,5.18
17550,Cc1nn(-c2ccccc2)c(C)c1N=O,2.28
17610,CCCN(CCC)S(=O)(=O)c1ccc(C(=O)O)cc1,3.21
17621,O=NN1CCCC1,-0.19
17628,CC(C)c1cccc(=O)c(O)c1,1.89
17629,CC(C)c1ccc(O)c(=O)cc1,1.89
17823,O=c1cc(-c2ccccc2)oc2ccccc12,3.56
17838,CN1CCC23c4c5ccc(O)c4OC2C(=O)CCC3(O)C1C5,0.83
18014,c1ccc(Oc2ccccc2)cc1,4.21
18076,O=C(O)CCCCCCCC(=O)O,1.57
18092,COC(=O)C1C(O)CCC2CN3CCc4c([nH]c5ccccc45)C3CC21,2.73
18158,CCC(=O)C(CC(C)N(C)C)(c1ccccc1)c1ccccc1,3.93
18195,O=[N+]([O-])c1cc[n+]([O-])c2ccccc12,1.09
18225,CCN(CC)CCN,0.21
18335,O=c1c(O)c(-c2ccc(O)cc2O)oc2cc(O)cc(O)c12,1.54
18526,C[Hg]Cl,0.41
18532,COC(=O)c1cccc(C)c1,2.77
18631,O=C(O)c1cc(O)c(O)c(O)c1,0.7
18668,NC(CCCc1ccccc1)C(=O)O,-0.36
18723,S=C=Nc1ccc(Cl)cc1,3.91
18743,O=c1ccn(C2OC(CO)C(O)C2O)c(=O)[nH]1,-1.98
18749,OCC1OC(n2cnc3c(O)ncnc32)C(O)C1O,-2.1
18846,Nc1ccc(S)cc1,1.31
18861,O=[N+]([O-])c1cccc2c([N+](=O)[O-])cccc12,2.58
18926,C=C(C)C#N,0.68
18991,ON=C(c1ccccc1)c1ccccc1,3.2
19024,OCCn1nnc2ccccc21,0.5
19100,NNC(=O)Nc1ccccc1,0.16
19109,NS(=O)(=O)c1ccc(O)cc1,0.06
19146,O=C(c1ccccc1)c1ccccn1,1.88
19185,C=CCNCC=C,1.11
19186,C=CC(=O)OCC(C)C,2.22
19193,C=C(C)C(=O)OCCCC,2.88
19194,C=C(C)C(=O)OC(C)(C)C,2.54
19205,C=C(C)C(=O)OC1CCCCC1,3.13
19227,O=C(O)C(CO)c1ccccc1,0.77
19283,Cc1cccc2ccc3ccccc3c12,5.08
19304,Nc1cc(Cl)cc(Cl)c1,2.9
19472,Cc1ncc(CO)c(CN)c1O,-1.3
19496,CC(=O)CF,-0.39
19497,FCC1CO1,-0.16
19499,OC(CF)CF,-0.36
19510,S=C1NCCCN1,-0.68
19588,Cc1ncc[nH]1,0.24
19633,CC1=CCC(C(C)C)=CC1,4.5
19634,CC1=CCC(C(C)(C)O)CC1,2.98
19731,Cc1cn(C2CC(O)C(CO)O2)c(=O)[nH]c1=O,-0.93
19801,Oc1c(F)c(F)c(F)c(F)c1F,3.23
19802,Fc1c(F)c(F)c(F)c(F)c1F,2.55
19811,Cc1cc(N)nc(C)n1,0.39
19822,[O-][n+]1cccc2ccccc21,0.36
19893,COc1cccc(O)c1,1.34
20070,c1ccc2c(c1)cc1ccc3cccc4ccc2c1c34,5.97
20072,CC1(C)OC2CC3C4CCC5=CC(=O)C=CC5(C)C4(F)C(O)CC3(C)C2(C(=O)CO)O1,2.53
20126,Cc1ccc2cc3c(ccc4ccccc43)c3c2c1CC3,6.42
20445,CCCC[Sn](Cl)(CCCC)CCCC,3.68
20471,CCCOC(=O)c1ccc(C(=O)OCCC)nc1,3.57
20532,c1ccc2c(c1)ccc1cc3c(ccc4ccccc43)cc12,7.11
20881,Nc1nc(O)c2ncn(C3CC(O)C(CO)O3)c2n1,-1.3
20922,CC(=O)NC1CCSC1=O,-0.35
20924,CC(C)(S)C(N)C(=O)O,-1.78
20984,O=C(O)c1cc(O)cc(O)c1,0.86
21009,NS(=O)(=O)c1ccc(C(=O)O)cc1,0.5
21072,O=C(O)c1ccc(-c2ccccc2)cc1,3.75
21108,Cc1ccccc1O,1.95
21132,N=C(N)NC(=N)NCCc1ccccc1,-0.83
21257,CN(C)N=O,-0.57
21490,CC/C(=C\c1ccccc1)[N+](=O)[O-],2.86
21525,CCCOC(=O)c1ccc(N)cc1,2.43
21615,O=c1ccn(C2CC(O)C(CO)O2)c(=O)[nH]1,-1.51
21671,N#CCCN(CCC#N)N=O,0.08
21763,CCCCNC(=O)NS(=O)(=O)c1ccc(C)cc1,2.34
21805,O=[N+]([O-])/C=C/c1cccc([N+](=O)[O-])c1,1.82
21840,CN(N=O)C(N)=O,-0.03
21887,CCCCCCCCOC(=O)CCCCCCC,6.51
21992,O=C(OCCc1ccccc1)c1ccccc1,4.01
22033,C=CC(=O)OC,0.8
22039,C=C(C)C(=O)OCC,1.94
22060,C=C(C)C(=O)OCC(CC)CCCC,4.54
22067,C=C(C)C(=O)OCCO,0.47
22071,CCCCC/C=C/C/C=C/CCCCCCCC(=O)O,7.05
22132,CCCCCCC1CCC(=O)O1,2.72
22146,CCCCC1CO1,1.95
22192,COC1=CC(=O)C=C(OC)C1=O,-0.06
22376,COC(=O)c1ccc(C)cc1,2.7
22433,COc1cc(C2c3cc4c(cc3C(O)C3COC(=O)C23)OCO4)cc(OC)c1OC,2.01
22443,C1=CCCCC1,2.86
22444,CC1CCCC1,3.37
22445,CC(C)C(C)C,3.42
22456,CC(C)Cc1ccccc1,4.68
22469,c1ccc(-c2c3ccccc3c(-c3ccccc3)c3ccccc23)cc1,8.46
22482,COC(=O)CCC(C)=O,-0.13
22544,Cc1[nH]c2ccccc2c1C,3.05
22629,Oc1ccc(Oc2ccccc2)cc1,3.35
22648,O=C(O)Cc1ccc(O)cc1,0.75
22666,Fc1ccc(CCl)cc1,2.73
22704,CCCCC1C(=O)N(c2ccccc2)N(c2ccccc2)C1=O,3.16
22718,O=C(CCBr)N1CCN(C(=O)CCBr)CC1,0.42
22723,NCCCC(N)C(=O)O,-4.22
22804,COC(=O)C1C(OC(=O)c2ccccc2)CC2CCC1N2C,2.3
22857,NC(=O)OCc1ccccc1,1.2
23024,CC1OC(OC2CC(O)C3(CO)C4C(O)CC5(C)C(C6=CC(=O)OC6)CCC5(O)C4CCC3(O)C2)C(O)C(O)C1O,-2.0
23036,CCC(C)(C)O,0.89
23037,CCC(C)O,0.61
23039,CC(O)c1ccccc1,1.42
23276,Nc1ccc(C(=O)O)cc1F,1.41
23395,CC(N)=O,-1.26
23403,CCN(CC)C(=S)SSC(=S)N(CC)CC,3.88
23406,CCCCCCCCCCCCCCCCCC(=O)O,8.23
23428,CCNc1nc(Cl)nc(NCC)n1,2.18
23429,CC(C)Nc1nc(Cl)nc(NC(C)C)n1,2.93
23440,Cc1cccc(C#N)n1,0.84
23442,OCc1ccncc1,0.06
23549,OCc1ccc(Cl)c(Cl)c1,2.74
23565,NCCCCCC(=O)O,-2.95
23608,CC1CC2(C)C(CCC3C4CCC(O)C4(C)CCC32)CC1=O,3.99
23664,c1ccc2c(c1)ccc1ccccc12,4.46
23672,OCc1ccc2c(c1)OCO2,1.05
23678,O=P1(N(CCCl)CCCl)NCCCO1,0.63
23743,c1ccc2[nH]ncc2c1,1.77
23750,Oc1ccc2ncccc2c1,1.98
23754,C1OCOCO1,-0.43
23757,CC1(C)C2CCC1(C)C(O)C2,2.69
23953,O=C(O)CSCc1ccccc1,2.1
24027,O=C1C=CC(=O)c2c(O)ccc(O)c21,1.79
24123,O=c1cc(-c2ccccc2)oc2cccc(O)c12,4.3
24171,O=Cc1ccc2c(c1)OCO2,1.05
24306,COC12C(COC(N)=O)C3=C(C(=O)C(C)=C(N)C3=O)N1CC1NC12,-0.4
24323,N#Cc1c2ccccc2cc2ccccc12,4.26
24328,Brc1cc(Br)c(Br)cc1Br,5.13
24329,Clc1cc(Cl)c(Cl)cc1Cl,4.64
24437,CCC1(CC)C(=O)NC(=O)N(C)C1=O,1.15
24440,CC(N)Cc1ccccc1,1.76
24442,C1CCNCC1,0.84
24463,Nc1ccc(S(=O)(=O)c2ccc([N+](=O)[O-])cc2)cc1,2.04
24492,CC(=O)Oc1ccccc1C(=O)O,1.19
24518,Cc1ccnc(NS(=O)(=O)c2ccc(N)cc2)n1,0.14
24549,O=C1NC(=O)C(c2ccccc2)N1,0.46
24558,CNC(=O)Oc1cccc2ccccc12,2.36
24630,NCCCC(=O)O,-3.17
24633,NC(=O)CCC(N)C(=O)O,-3.64
24634,NC(Cc1c[nH]cn1)C(=O)O,-3.32
24637,NC(=O)NCCCC(N)C(=O)O,-3.19
24646,O=C(O)c1cccc(O)c1O,1.2
24647,O=C(O)c1ccc(O)c(O)c1O,1.05
24666,CCN(CC)CCNC(=O)c1ccc(N)cc1,0.88
24806,O=c1[nH]c(=O)n(C2CC(O)C(CO)O2)cc1F,-1.16
24884,CC(=O)Oc1ccccc1,1.49
24888,COc1ccc(CC(=O)O)cc1,1.42
24926,ClCCc1ccccc1,2.95
25021,Nc1cccc2ncccc12,1.16
25347,Nc1cc(Cl)ccc1O,1.81
25484,COc1cccc(OC)c1C(=O)O,0.66
25648,Oc1cccc2c1CCCC2,2.95
25682,CN(C)CCN(C)C,0.3
25812,Oc1c(O)c(Cl)c(Cl)c(Cl)c1Cl,4.29
26000,O=C1C=C(N2CC2)C(=O)C(N2CC2)=C1N1CC1,-0.13
26090,CC(Oc1cc(Cl)c(Cl)cc1Cl)C(=O)O,3.8
26095,CC(C)OC(=O)Nc1cccc(Cl)c1,3.51
26184,N#CC(C#N)=NNc1ccccc1,2.67
26254,CN(Cc1cnc2nc(N)nc(N)c2n1)c1c(Cl)cc(C(=O)NC(CCC(=O)O)C(=O)O)cc1Cl,-0.1
26322,CCCCOC(=O)Nc1ccccc1,3.3
26595,C1COC1,-0.14
26603,O=CNc1cccc(Cl)c1,1.9
26604,c1ccc2c(c1)OCO2,2.08
26620,O=C(O)c1cc(Cl)ccc1O,3.09
26621,O=C(O)CCCCCC(=O)O,0.61
26624,O=C(O)COc1cccc(Cl)c1,2.03
26674,O=S(=O)(Nc1ccccc1)c1ccccc1,2.58
26701,CNC(N)=S,-0.69
26768,CCCO,0.25
26773,O=C1CCN(c2ccccc2)N1,0.89
26783,CC(CN1c2ccccc2Sc2ccccc21)N(C)C,4.81
26802,O=[N+]([O-])c1ccncc1,0.33
26848,Cc1cnccn1,0.21
26853,CCCC(C)(COC(N)=O)COC(N)=O,0.7
26854,COc1cc(CCN)cc(OC)c1OC,0.78
26870,CCC1(CC)C(=O)NCC(C)C1=O,0.78
26967,CC(=O)Nc1cccc(C(F)(F)F)c1,2.56
26984,CCN(CC)CC,1.45
26986,CCNCC,0.58
26987,ClCC#CCCl,2.01
27006,C/C=C(\C)C(=O)OC1CCN2CC=C(COC(=O)C(O)(C(C)OC)C(C)(C)O)C12,1.28
27016,CC(=O)c1ccc(F)cc1,1.72
27017,CC(=O)Nc1ccc(S(=O)(=O)F)cc1,2.17
27081,C=CCOP(=O)(OCC=C)OCC=C,1.76
27155,CNC(=O)Oc1ccc2c(c1)C1(C)CCN(C)C1N2C,1.58
27176,c1ccc2c(c1)Cc1ccccc1C2,4.25
27248,c1ccc2c(c1)c1ccccc1c1c3ccccc3c3ccccc3c21,8.39
27326,c1ccc2cc3c(ccc4ccccc43)cc2c1,5.76
27405,NS(=O)(=O)c1ccc(Br)cc1,1.36
27540,CC(C)COC(N)=O,0.65
27642,CCC(=O)Nc1ccc(Cl)c(Cl)c1,3.07
27668,CCC1(CC)C(=O)NC(=O)NC1=O,0.65
27768,CCC(=O)c1ccncc1,0.77
27864,CC(O)C(=O)O,-0.72
27896,COC(=O)C1=CCCN(C)C1,0.35
27990,NC(=O)CF,-1.05
28007,CN(C)C(=S)Nc1ccccc1,1.04
28166,NC(=O)NO,-1.8
28172,O=c1cnn(C2OC(CO)C(O)C2O)c(=O)[nH]1,-2.14
28237,OC(c1ccccc1)c1ccccc1,2.67
28369,CCCCCCC1(CC)C(=O)NC(=O)NC1=O,2.46
28372,CCCCC1C(=O)NC(=O)NC1=O,0.77
28379,C=C(C)CC1(CC)C(=O)NC(=S)NC1=O,2.19
28418,COC(=O)COc1ccccc1,1.41
28485,CC(C)C(=O)Nc1ccc(Cl)c(Cl)c1,3.72
28556,C=CCOCCO,-0.1
28559,C=C(C)C(=O)OCC(F)(F)F,1.56
28577,C=CCN(CC=C)CC=C,2.59
28676,COc1ccc(CC(C)N)cc1,1.77
28708,Nc1ncnc2[nH]nnc12,-0.96
28764,OCCO,-1.36
28859,NC(=O)/C=C/c1ccccc1,1.43
28983,CCOC(=O)NC(O)C(Cl)(Cl)Cl,1.84
29140,CN(C)CCOC(c1ccccc1)c1ccccc1,3.27
29202,CCC1(c2ccccc2)NC(=O)NC1=O,1.53
29224,COc1cc2c(c(OC)c1OC)-c1ccc(O)c(=O)cc1C(NC(C)=O)CC2,1.2
29256,S=C(NC1CCCCC1)NC1CCCCC1,3.69
29417,O=c1cc(-c2ccccc2)ss1,3.01
29580,NCCc1c[nH]cn1,-0.7
29596,O=[N+]([O-])c1ccc(Nc2ccccc2)cc1,3.74
29598,CCN(CC)C(=O)c1cccc(C)c1,2.18
29621,CC(=O)Oc1cccc([N+](=O)[O-])c1,1.82
29630,BrCCc1ccccc1,3.09
29635,Brc1ccc(Br)cc1,3.79
29645,CCCCOC(=O)c1cc(O)c(O)c(O)c1,2.41
29714,ClCc1ccc(Cl)cc1,3.18
29892,O=C1C=CC(=O)c2c(O)cccc21,1.92
30000,NC(N)=O,-2.11
30140,CC1CC2C3CCC4=CC(=O)C=CC4(C)C3(F)C(O)CC2(C)C1(O)C(=O)CO,1.94
30145,COC1=CC(=O)CC(C)C12Oc1c(Cl)c(OC)cc(OC)c1C2=O,2.18
30155,Nc1ccccc1I,2.32
30156,Nc1cccc(I)c1,2.86
30248,COC(=O)c1ccccc1I,2.74
30261,CCC1(c2ccccc2)NC(=O)N(C)C1=O,1.69
30643,Oc1ccc(Cl)c2cccnc12,2.88
30647,c1ccc(CC2=NCCN2)cc1,2.65
30662,CC(=O)C(Cc1ccccc1)C(C)=O,1.89
30664,COc1c(Cl)cc(Cl)cc1Cl,4.11
30781,ClCC(Cl)CCl,2.27
30783,C/C=C/C=C/C(=O)O,1.33
30787,C=CC1CCC2OC2C1,2.08
30821,COc1ccc(Cc2nccc3cc(OC)c(OC)cc23)cc1OC,2.9
30975,Nc1ccc(S(=O)(=O)Nc2ncccn2)cc1,-0.24
30983,CC(CCC(=O)NCC(=O)O)C1CCC2C3C(O)CC4CC(O)CCC4(C)C3CC(O)C12C,1.65
31020,ICCCI,3.02
31043,CC(=O)O[Hg]c1ccccc1,0.71
31052,c1cnc2c(c1)ccc1ncccc12,2.05
31053,c1cnc2ccc3ncccc3c2c1,2.05
31156,ICI,2.3
31247,Cc1cccc(OCC(=O)O)c1,1.78
31404,Cc1nc(C)c(C)nc1C,1.28
31502,Cc1ncc(CO)c(CO)c1O,-0.77
31600,O=C1C=CC(=O)C=C1,0.2
31938,CCCCC(CC)CN1C(=O)C2C3C=CC(C3)C2C1=O,3.7
31972,c1nnn[nH]1,-0.6
31978,OCCN(CCO)CCO,-1.0
31986,O=C1C2CC=CCC2C(=O)N1SC(Cl)(Cl)Cl,2.35
32068,Oc1ccccc1,1.46
32110,Cc1cc2ccccc2cc1C,4.4
32111,Cc1ccc2ccc(C)cc2c1,4.31
32112,Cc1ccc2cc(C)ccc2c1,4.31
32191,O=[N+]([O-])c1cc([N+](=O)[O-])cc([N+](=O)[O-])c1,1.18
32194,O=[N+]([O-])c1ccccc1Cl,2.24
32195,Clc1ccc(Cl)cc1,3.44
32198,O=C1C=CC(=NO)C=C1,1.08
32201,Nc1ccc(Cl)cc1,1.83
32207,O=[N+]([O-])c1cc([N+](=O)[O-])c(O)c([N+](=O)[O-])c1,1.33
32209,Cc1c([N+](=O)[O-])cc([N+](=O)[O-])cc1[N+](=O)[O-],1.6
32233,O=C(O)c1ccc(C(=O)O)cc1,2.0
32244,CC(=S)Nc1ccccc1,1.71
32305,Nc1c(S(=O)(=O)O)ccc2ccccc12,-0.97
32326,Clc1ccc(-c2ccccc2)cc1,4.61
32345,O=C(Oc1ccccc1)c1ccccc1,3.59
32346,O=C(Oc1ccccc1)Oc1ccccc1,3.28
32375,O=C(OC(=O)c1ccccc1)c1ccccc1,2.26
32409,c1ccc(Nc2ccc3ccccc3c2)cc1,4.38
32470,CC(=O)CC(=O)Nc1ccc(-c2ccc(NC(=O)CC(C)=O)c(C)c2)cc1C,1.75
32575,NC(=O)c1cccc([N+](=O)[O-])c1,0.77
32641,Nc1ccc(Cl)c([N+](=O)[O-])c1,2.06
32653,O=C(O)COc1ccccc1[N+](=O)[O-],1.13
32789,O=[N+]([O-])c1ccc(O)c([N+](=O)[O-])c1O,2.1
32799,c1ccc2ccccc2c1,3.3
32801,CC(=O)Nc1ccc(C)cc1C,1.46
32803,O=C(O)c1cccc2ccccc12,3.1
33045,COc1cc(C(=O)NCc2ccc(OCCN(C)C)cc2)cc(OC)c1OC,2.29
33286,Cc1ccc(OCC(=O)O)cc1,1.86
33287,COc1cccc(OCC(=O)O)c1,1.38
33400,O=c1[nH]c(=O)n(C2CC(O)C(CO)O2)cc1Br,-0.29
33483,COC(=O)C(Cl)(Cl)Cl,2.03
33536,Cc1ccc(O)c(C(=O)O)c1,2.78
33589,Cn1cc[nH]c1=S,-0.34
33605,Oc1ccc(Cl)cc1Cc1cc(Cl)ccc1O,4.26
33641,CCC(N)=O,-0.66
33699,NC(=O)c1ccccc1N,0.35
33784,Cc1nc2cc([N+](=O)[O-])ccc2[nH]1,1.94
33830,c1ccc(N2CCNCC2)cc1,1.1
33906,O=C(O)COc1ccc(Cl)c(Cl)c1,2.81
33966,Cn1cnc([N+](=O)[O-])c1Sc1ncnc2[nH]cnc12,0.1
34255,NC(=O)NC(=O)Cc1ccccc1,0.87
34258,N#CCCCCCCCCC#N,1.75
34268,CC(=O)OCC(=O)C1(O)C(C)CC2C3CCC4=CC(=O)C=CC4(C)C3(F)C(O)CC21C,2.91
34380,CC(Oc1ccc(Cl)cc1Cl)C(=O)O,3.43
34412,O=c1[nH]c(=O)n(C2CC(O)C(CO)O2)cc1I,-0.96
34699,CCCNC(C)C(=O)Nc1ccccc1C,2.11
34701,CCN(CC)CC(=O)Nc1c(C)cccc1C,2.26
34814,Nc1ccc(C(=O)Oc2ccccc2)c(O)c1,3.15
35138,CCCN(CCC)C(=O)SCC,3.21
35163,CC(=O)Oc1cccc(O)c1,1.23
35201,O=CNc1ccc(F)cc1,1.27
35394,Cc1c[nH]cn1,0.23
35421,CSc1ncnc2c1ncn2C1OC(CO)C(O)C1O,0.09
35464,c1ccc(CNc2ncnc3[nH]cnc23)cc1,1.57
35466,Cc1cnc(C)c(Cl)n1,1.5
35555,O=C(O)CCc1ccc(O)cc1,1.16
35648,NCCC(N)C(=O)O,-4.64
35707,CN1CCN(C)CC1,-0.4
35732,Cc1ccc(O)cc1[N+](=O)[O-],2.18
35865,CCCCNC,1.33
36079,CS(=O)(=O)c1ccccc1,0.5
36082,CC(=O)c1ccc([N+](=O)[O-])cc1,1.53
36119,NCc1ccc(C(=O)O)cc1,1.03
36181,O=C1c2ccccc2C(=O)C1c1ccccc1,2.9
36189,CCC1(c2ccccc2)C(=O)NCNC1=O,0.91
36253,Nc1ccc(S(=O)(=O)Nc2cnc3ccccc3n2)cc1,1.68
36270,NC(=O)Nc1cccc(Cl)c1,1.82
36317,ClC(Cl)(Cl)c1ccc(C(Cl)(Cl)Cl)cc1,4.62
36323,O=C(O)c1cc(Cl)ccc1Cl,2.82
36359,O=C(O)Cc1c(Cl)ccc(Cl)c1Cl,3.2
36520,NC(=O)Nc1ccccc1Cl,1.27
36527,N#C/C=C/c1ccccc1,1.96
36580,O=[N+]([O-])c1cccc(SSc2cccc([N+](=O)[O-])c2)c1,4.06
36696,CC(C(O)c1ccccc1)N(C)C,1.7
36839,CN1C(=O)C(=O)c2ccccc21,0.58
37138,O=C(c1ccccc1)C(F)(F)F,2.15
37246,CC(=O)c1ccc[nH]1,0.93
37280,CN(C(=O)c1ccccc1)c1ccccc1,2.36
37304,CNC(=O)c1ccccc1,0.86
37385,O=C(O)c1cccc(C(F)(F)F)c1,2.95
37405,CC(C)(C)c1ccc(N)cc1,2.7
37507,COc1ccc(OC(C)=O)cc1,1.54
37533,O=[N+]([O-])c1ccc(Cl)cc1Cl,3.07
37579,CC(=O)NC(Cc1ccccc1)C(=O)O,0.93
37581,CC(=O)Oc1ccc(C)cc1,2.11
37682,C[Si](C)(C)O[Si](C)(C)C,4.2
37767,Clc1cccc(Cl)c1Cl,4.05
37862,Clc1ncccn1,0.36
38068,COc1cccc(C=O)c1,1.71
38302,CN1C(=O)c2ccccc2C1=O,1.31
38311,CC(C)(N)Cc1ccccc1,1.9
38537,Oc1ccc(Cl)c2ccccc12,3.94
38592,Cn1ccc(=O)[nH]c1=O,-1.2
38747,c1ccc(OP2OCCO2)cc1,1.42
38772,NS(=O)(=O)c1cc2c(cc1C(F)(F)F)NCNS2(=O)=O,0.36
38778,CCCNC(=O)NS(=O)(=O)c1ccc(Cl)cc1,2.27
38821,NC(=O)OCCCc1ccccc1,1.96
39008,c1ccc(-c2nc3ccccc3[nH]2)cc1,3.24
39293,O=S(=O)(NO)c1ccccc1,0.48
39324,CCN(N=O)C(N)=O,0.23
39331,c1cn[nH]c1,0.26
39517,CCCCN(N=O)C(N)=O,1.04
39870,O=C1CN=C(c2ccccc2)c2cc(Cl)ccc2N1,2.93
39888,OCC1CO1,-0.95
39916,CC(C)CC(=O)OCc1ccccc1,3.26
39951,O=C(/C=C/c1ccccc1)OC/C=C/c1ccccc1,4.45
40228,O=S1(=O)CCCC1,-0.77
40394,CC(=O)c1cccc(C)c1,2.15
40463,O=C(O)C1CCCN1,-2.54
40464,O=C(O)C1CC(O)CN1,-3.17
40467,NCC(=O)NCC(=O)NCC(=O)O,-2.68
40507,CCNC(=O)Nc1ccccc1,1.64
40515,CCCN(N=O)C(N)=O,0.3
40536,O=C(O)c1ccc([N+](=O)[O-])c(O)c1,1.98
40573,c1ccc2c(c1)Cc1ccccc1O2,4.23
40627,CN(C)C(=N)N(C)C,0.41
40766,O=[N+]([O-])c1c2ccccc2cc2ccccc12,4.78
40845,OCc1ccccn1,0.06
40897,CC12C=CC(=O)C=C1C(F)CC1C2C(O)CC2(C)C1CCC2(O)C(=O)CO,1.51
41371,O=C(O)c1ccc[nH]1,0.85
41372,COC(=O)c1ccc[nH]1,1.17
41622,C=NNc1ccc([N+](=O)[O-])cc1[N+](=O)[O-],2.33
41974,c1ccc2c(c1)ccc1nccnc12,2.51
42088,N#CCc1ccc(Cl)cc1,2.47
42115,Cc1cnc(C)cn1,0.63
42122,Cc1c(Cl)cccc1[N+](=O)[O-],3.09
42143,O=C1CCc2ccccc2N1,1.34
42145,O=C(O)c1c(O)cccc1O,2.2
42151,O=Cc1ccccc1O,1.81
42241,NCC(=O)NCC(=O)O,-2.92
42280,CC(=O)OCC(=O)C1(O)CCC2C3CCC4=CC(=O)CCC4(C)C3C(=O)CC21C,2.1
42413,Nc1c(Cl)c(Cl)c(Cl)c(Cl)c1Cl,4.82
42422,O=C(O)COc1ccc(F)cc1,1.64
42630,CC(=O)c1cccc(OCC(=O)O)c1,0.98
42975,CC(=O)N1CCCC1=O,-0.05
42995,Cc1ncc([N+](=O)[O-])n1CCO,-0.02
43016,O=C1CC(c2ccccc2)Oc2ccccc21,3.14
43149,O=[N+]([O-])c1cc(Cl)c(Cl)cc1Cl,3.48
43199,Clc1ccc(Cl)c(Cl)c1Cl,4.6
43477,c1ccnnc1,-0.72
43589,N#CCCCCCCC#N,0.59
43623,O=C1C=CCO1,-0.6
44042,CC(=O)Nc1ccccc1F,1.03
44045,Fc1cccc2cccnc12,2.19
44128,O=[N+]([O-])c1ccccc1F,1.69
44351,COC(=O)CCC(=O)OC,0.35
44358,Cc1ccc([N+](=O)[O-])c([N+](=O)[O-])c1,2.08
44623,COC(=O)CCCCCC(=O)OC,1.38
44834,Nc1ccc(Cc2ccc(N)c(Cl)c2)cc1Cl,3.91
44841,CCOP(=S)(OCC)Oc1ccc(Cl)cc1Cl,5.14
44843,Cc1ccc2c(C)cccc2c1,4.44
44965,NC(=O)c1c(Cl)cccc1Cl,0.77
44986,CC(=O)/C=N/O,0.34
45198,NS(=O)(=O)c1cc2c(cc1Cl)NCNS2(=O)=O,-0.07
45220,Clc1cccc(Br)c1,3.7
45223,CC(O)Cc1ccccc1,1.97
45224,CCNC(N)=O,-0.74
45226,N#Cc1ccccc1O,1.61
45267,CC(=O)Nc1ccc(Cl)c(C(F)(F)F)c1,3.33
45437,O=[N+]([O-])c1cc(Cl)cc(Cl)c1,3.09
45739,CC(=O)Nc1ccc(C(=O)O)c(O)c1,1.62
46013,CN(C)CCN1c2ccccc2Sc2ccccc21,4.2
46083,CC1CC2C3CC(F)C4=CC(=O)C=CC4(C)C3(F)C(O)CC2(C)C1(O)C(=O)CO,1.94
46091,OC1CCCCC1,1.23
46287,NNC(=O)c1ccc(Cl)cc1,1.18
46702,O=[N+]([O-])c1ccc(CCO)cc1,1.12
46842,O=C(O)c1cccc(O)c1,1.5
47013,CCC1OC(=O)C(C)C(OC2CC(C)(OC)C(O)C(C)O2)C(C)C(OC2OC(C)CC(N(C)C)C2O)C(C)(O)CC(C)C(=O)C(C)C(O)C1(C)O,2.54
47113,NC1CC1,0.07
47312,CCOS(=O)(=O)OCC,1.14
47340,Nc1ncnc2c1ccn2C1OC(CO)C(O)C1O,-0.8
47427,O=C1C2(Cl)C3(Cl)C4(Cl)C(Cl)(Cl)C5(Cl)C3(Cl)C1(Cl)C5(Cl)C24Cl,5.41
47624,CC(C)(OOC(C)(C)c1ccccc1)c1ccccc1,5.5
47660,Nc1ccc(O)c([N+](=O)[O-])c1,0.96
47664,Clc1cccc2cccnc12,2.44
47929,O=C(O)/C=C/c1ccc(O)c(O)c1,1.15
48063,O=C(OCCO)c1ccccc1,1.12
48139,c1ccc2c(c1)c1ccccc1c1ccccc21,5.49
48284,CCCCCCCCCCCCOC(=O)CCC,6.51
48289,COc1ccc(C2CC(=O)c3c(O)cc(O)cc3O2)cc1O,2.6
48367,Nc1ccc2ccccc2n1,1.87
48454,C1CCOC1,0.46
48456,C1=COCCC1,0.69
48457,CCCCCOC(N)=O,1.35
48464,O=P(Oc1ccccc1)(Oc1ccccc1)Oc1ccccc1,4.59
48497,CSc1ccccc1,2.74
48846,c1ccc2nnccc2c1,0.93
48851,NCCCCC(=O)O,-2.63
48855,Nc1ccc2ncccc2c1,1.28
48856,Nc1ccc2cccnc2c1,1.28
48884,O=[N+]([O-])c1c(Cl)c(Cl)c(Cl)c(Cl)c1Cl,4.64
48951,Cc1ccc2cccc(O)c2n1,2.33
48972,COC(=O)CCCC(=O)OC,0.62
49137,O=C1CN=C(c2ccccc2)c2cc([N+](=O)[O-])ccc2N1,2.25
49282,CCC(=O)Nc1ccccc1,1.61
49290,COc1ccccc1C=O,1.72
49299,CCC(=O)O,0.33
49315,COP(=O)(OC)OC,-0.65
49329,NCCCCCCC(=O)O,-3.03
49333,O=C1CCCCCCCN1,0.67
49334,NCCCCCCCC(=O)O,-2.55
49417,O=C(O)/C=C/c1ccc(O)cc1,1.46
49511,Cc1cccc2c(C)cccc12,4.38
49512,CCc1ccc2ccccc2c1,4.38
49513,CCc1cccc2ccccc12,4.4
49680,N#Cc1ccccn1,0.45
49683,Oc1cccc(Cl)c1,2.5
49693,O=C1C=CCCC1,0.61
49702,CC(=O)OC(C)(C)C,1.76
49709,COCCOCCOC,-0.36
49772,CCCCO,0.88
49786,CC(=O)CC(c1ccccc1)c1c(O)c2ccccc2oc1=O,2.6
49794,C1=Cc2cccc3cccc1c23,3.94
49805,Cc1ccc2ccccc2c1C,4.31
49861,CCc1ccc(C(=O)O)cc1,2.89
49874,O=C(O)c1ccc2ccccc2c1,3.28
49949,OC(c1ccccc1)c1ccc(Cl)cc1,3.61
49976,Nc1cccc2cc3ccccc3cc12,3.69
49977,c1ccc2c(c1)CCc1ccccc1-2,4.52
50064,O=Cc1cccc(Cl)c1,2.26
50065,N#Cc1cccc(O)c1,1.7
50109,COc1ccc(OC)c(Cl)c1,2.69
50112,C1=C\CC/C=C\CC/1,3.16
50147,OCCCCl,0.5
50157,Clc1cccnc1,1.33
50170,C1CCCC1,3.0
50204,CCCCOc1ccc(C(=O)O)cc1,3.57
50219,CC(=O)NC(=O)Nc1ccccc1,1.6
50239,Cc1cc(Cl)ccc1OC(C)C(=O)O,3.13
50249,CCCCOc1ccc(O)cc1,2.9
50252,CC(C)NCc1ccccc1,1.83
50462,OCC(Cl)Cl,0.37
50471,c1c[nH]cn1,-0.08
50477,OCC(F)(F)C(F)(F)C(F)(F)F,1.94
50481,C1=CCOC1,0.46
50485,CC(C)C#N,0.46
50491,COCCOC,-0.21
50586,CCCCCn1cnc2c(N)ncnc21,1.79
50592,Brc1ccccc1Br,3.64
50593,Clc1ccccc1Cl,3.43
50595,Oc1cccc(Cl)c1Cl,2.84
50596,Oc1c(Cl)cccc1Cl,2.75
50597,Oc1ccc(Cl)c(Cl)c1,3.33
50598,Oc1cc(Cl)cc(Cl)c1,3.62
50600,O=[N+]([O-])c1cccc(F)c1,1.9
50630,N#Cc1ccncc1,0.46
50631,O=[N+]([O-])c1ccccc1[N+](=O)[O-],1.69
50632,Nc1cccc(Cl)c1Cl,2.82
50633,O=I(=O)c1ccccc1,-1.33
50635,Cc1cc(C)ncn1,0.62
50639,C=CCCC=C,2.87
50657,CCCC(O)CC,1.65
50668,NC(=O)c1cc([N+](=O)[O-])cc([N+](=O)[O-])c1,0.83
50669,Fc1cccc(CCl)c1,2.77
50671,Cc1c(Cl)cccc1Cl,3.99
50684,OCc1cccc(O)c1,0.49
50685,Cc1cncc(C)c1,1.78
50704,CCCCOCCO,0.83
50712,Cc1ccc2cccc(C)c2c1,4.44
50850,ClC(Cl)C(Cl)Cl,2.39
50858,Cc1ccccc1C,3.12
50900,O=C(O)C1CCNCC1,-3.05
51011,C/C=C/C(C)=O,0.52
51040,NS(=O)(=O)c1cc2c(cc1Cl)NC(C(Cl)Cl)NS2(=O)=O,0.62
51234,Cc1cccc(C)c1,3.2
51243,Cc1ccc(C)c2ccccc12,4.37
51253,N#C/C(=C\c1ccccc1)C(N)=O,1.56
51263,CN1C2CC(OC(=O)C(CO)c3ccccc3)CC1C1OC12,0.98
51265,CN1C2CCC1CC(OC(=O)C(CO)c1ccccc1)C2,1.83
51316,NNC(=O)c1ccccc1[N+](=O)[O-],-0.54
51376,CCCn1cnc2c(N)ncnc21,0.74
51394,CC(C)(CCC(=O)O)C(=O)O,0.67
51407,FC(F)(F)c1ccc(C(F)(F)F)cc1,3.83
51415,O=C(O)Cc1ccccc1O,0.85
51427,CCc1ccc(O)cc1,2.58
51429,CCc1ccccc1N,1.74
51430,CCc1ccc(N)cc1,1.96
51432,CN(C)c1cccc(O)c1,1.56
51475,Cc1cc2ccccc2n1C,2.82
51490,CCc1cccc(CC)c1,4.57
51491,CCN(CC)C(=O)c1cccnc1,0.33
51500,COc1ccccc1OCC(O)CO,1.39
51573,COP(C)(=O)OC,-0.61
51587,OCCN1CCN(CCCN2c3ccccc3Sc3ccc(C(F)(F)F)cc32)CC1,4.36
51682,Brc1cc(Br)cc(Br)c1,4.51
51693,c1ccc2cnncc2c1,0.57
51830,BrCCCBr,2.37
51839,COc1c(C)cccc1C,3.02
51853,Oc1ccc2cccc(O)c2c1,1.94
51854,Oc1ccc2cc(O)ccc2c1,1.9
51859,Nc1cc2ccccc2cc1N,1.54
51924,CC(C)N,0.26
51925,CNCCO,-0.94
51926,c1cc[nH]c1,0.75
51928,CCCC=O,0.88
51929,CC(C)C(=O)O,0.94
51930,C1CCNC1,0.46
51932,CC(C)CC(=O)O,1.16
51933,CCCCCCC,4.66
51934,C=Cc1ccccc1,2.95
51935,CNCC(O)c1ccc(O)c(O)c1,-1.37
51936,CCCCCCCCC(=O)O,3.42
51975,CCNCCNCC,0.21
51987,O=C(O)C1CCCNC1,-2.89
51990,CCNC(N)=S,-0.21
52233,CS(C)(=O)=O,-1.41
52235,OCc1ccc(F)cc1,1.36
52239,O=C(O)CNC(=O)c1ccccc1I,0.97
52314,CC12CCC(=O)C=C1C(F)CC1C2C(O)CC2(C)C1CCC2(O)C(=O)CO,1.67
52375,O/N=C/c1ccncc1,0.77
52486,CCC1(C)CC(=O)NC1=O,0.38
52511,CCN(CC)C(C)CN1c2ccccc2Sc2ccccc21,4.77
52517,OCCN1CCN(CC/C=C2\c3ccccc3Sc3ccc(Cl)cc32)CC1,4.18
52545,Nc1cc(Cl)c(Cl)cc1Cl,3.45
53036,O=C(O)COc1ccc(Br)cc1,2.45
53161,OCCCO,-1.04
53175,Cn1cccc1,1.21
53183,C1CCOCC1,0.95
53184,CC(C)(C)C(=O)O,1.48
53313,CN1CCCC1,0.92
53317,O=[N+]([O-])c1cccc2ncccc12,1.4
53322,c1ccc(-n2cccn2)cc1,2.2
53325,C/C=C/c1ccccc1,3.35
53327,COc1cccc(C(C)=O)c1,1.84
53329,Cc1ccc(CC(=O)O)cc1,1.86
53334,Cc1ccc(C)c(C)c1,3.63
53338,Oc1ccc2c(c1)CCCC2,2.9
53343,COC(=O)C(N)Cc1ccc(O)cc1,0.29
53379,CCCc1ccccc1O,2.93
53380,CCCc1ccc(O)cc1,3.2
53398,Cc1ccc2cccnc2c1,2.47
53500,C[Ge](C)(C)C,3.31
53806,COc1ccccc1Oc1ccccc1,2.92
53822,O=C(O)C1c2ccccc2Oc2ccccc21,2.23
53888,CSc1cccc(N)c1,1.45
53995,O=Cc1ccc[nH]1,0.64
53998,CCCCC(O)CCC,2.68
54005,N#CC(Cl)(Cl)Cl,2.09
54007,OCC(Cl)(Cl)Cl,1.42
54012,CC(=O)C(F)(F)F,0.2
54013,OCC(F)(F)C(F)(F)F,1.23
54058,c1ccc(N(c2ccccc2)c2ccccc2)cc1,5.74
54079,O=Nc1ccccc1,2.01
54087,OB(O)c1ccccc1,1.58
54097,CCC(C)CC,3.6
54109,NC(=O)Oc1ccccc1,1.08
54112,O=[N+]([O-])c1ccccc1CO,1.24
54121,CNC(=O)c1cccnc1,0.0
54149,Cc1ccccc1C#N,2.21
54155,Cc1ccc([N+](=O)[O-])cc1C,2.91
54158,COc1ccccc1CO,1.13
54163,COc1ccc(N)c(C)c1,1.23
54308,O=C1CCC(N2C(=O)c3ccccc3C2=O)C(=O)N1,0.33
54348,Cc1cc(C)c2ccccc2c1,4.42
54414,c1cnc2[nH]ccc2c1,1.82
54629,c1ccccc1,2.13
54667,Brc1ccccc1-c1ccccc1,4.59
54668,Clc1ccccc1-c1ccccc1,4.53
54703,COC(OC)(OC)c1ccccc1,2.27
55116,CCCC(O)C(=O)O,0.45
55220,CCCS,1.81
55221,CCCCS,2.28
55242,O=Cc1ccc(F)cc1,1.54
55421,O=[N+]([O-])c1ccc(/C=N/O)cc1,1.95
55428,O/N=C/c1ccccc1,1.75
55438,FC1(F)C(F)(F)C(F)(F)C(F)(F)C(F)(F)C1(F)F,2.91
55450,Fc1ccccc1,2.27
55504,CCCCCC,3.9
55558,CCOC(=O)/C(=C/c1ccccc1)C(C)=O,2.21
56142,C/N=C/c1ccccc1,1.64
56147,CN(N=O)C(=O)Nc1ccc(F)cc1,1.88
56327,COc1ccc(Cl)nn1,0.89
56349,CC(O)CO,-0.92
56409,CC1CN(N=O)CC(C)O1,0.32
56548,CCCCCCCCCCCCOC(=O)c1ccccc1C(=O)OCCCC,8.06
56585,CC(=O)Nc1ccccc1NC(C)=O,-0.03
56599,CNC1(c2ccccc2Cl)CCCCC1=O,2.18
56682,O=C(Nc1ccccc1)Nc1ccc(Cl)c(Cl)c1,4.7
56704,O=C(O)CCCOc1ccc(Cl)cc1Cl,3.53
56710,c1ccc(-c2ccncc2)cc1,2.59
56741,C=CCN1CCC23c4c5ccc(O)c4OC2C(=O)CCC3(O)C1C5,2.09
57001,CCCC1CC(C(=O)NC(C(C)O)C2OC(SC)C(O)C(O)C2O)N(C)C1,0.56
57004,O=C(NN1CCCCCC1)NS(=O)(=O)c1ccc(Cl)cc1,1.64
57007,Cc1ccc(S(=O)(=O)NC(=O)NN2CCCCCC2)cc1,2.69
57134,CCOC(C)=O,0.73
57143,COc1cc(O)cc(OC)c1,1.64
57189,CCCCOC(=O)c1ccccc1C(=O)OCc1ccccc1,4.91
57330,CC(C)C(C)O,1.28
57347,CCCCCCBr,3.8
57505,NC(Cc1ccc(F)cc1)C(=O)O,-1.89
57842,Cc1c2ccncc2c(C)c2c1[nH]c1ccccc12,4.8
57956,CC(=O)OCCc1ccccc1,2.3
57958,CN1C(=O)NC(=O)C(C)(C2=CCCCC2)C1=O,1.98
58030,S=C=Nc1ccc(Br)cc1,4.03
58038,CCCOC(C)=O,1.24
58107,CC(C)NCC(O)c1ccc(Cl)c(Cl)c1,3.32
58111,Nc1c2c(nc3ccccc13)CCCC2,2.71
58177,S=C=Nc1ccc(-c2ccccc2)cc1,4.66
58254,Cc1nccc2c1[nH]c1cc(O)ccc12,2.19
58328,c1ccc2ncncc2c1,1.0
58343,NNC=O,-2.05
58365,CCCCC,3.39
58366,Cc1ccc(C)cc1,3.15
58369,C1CCCCCCC1,4.45
58372,CCCCCCCCCCCCCC,7.2
58632,COc1ccc2c(c1)C13CCN4CC5=CCOC6CC(=O)N2C1C6C5CC43,1.85
58717,c1ccc2c(c1)Nc1ccccc1O2,3.85
58869,COc1ccc(S(N)(=O)=O)cc1,0.47
58870,O=C(O)Cc1ccc(O)c(O)c1,0.98
59060,c1ccc2c(c1)cnc1ccccc12,3.48
59077,c1cnc2nccnc2c1,-0.04
59315,C=C/C=C/C,2.44
59316,C=CCC=C,2.48
59374,C=CCCCCCCC,5.15
59386,CCCc1ccc(C)cc1,4.6
59387,CCCc1cccc(C)c1,4.67
59388,Cc1cccc(C(C)C)c1,4.5
59389,Cc1ccccc1C(C)C,4.38
59390,CCCc1ccccc1C,4.5
59391,CC1CCC(C(C)C)CC1,5.56
59395,CCCCCc1ccccc1,4.9
59410,CC(=O)c1ccc(N(C)C)cc1,2.1
59467,C=CCCCC,3.39
59472,CCC(C)(C)C,3.82
59476,C=CCCCCC,3.99
59522,CCc1cccc(C)c1,3.98
59523,CCc1ccc(C)cc1,3.63
59529,CCc1ccc(C)c(C)c1,4.5
59530,CCc1ccc(C)cc1C,4.47
59531,CCc1cc(C)cc(C)c1,4.55
59532,CCc1cc(C)ccc1C,4.43
59536,CCCCCCCCCCc1ccccc1,7.35
59731,CS(=O)(=O)c1ccc(Cl)cc1,1.06
59753,O=[N+]([O-])c1cc([N+](=O)[O-])c2ccccc2c1,2.83
59961,NC(=O)c1ccc(Cl)cc1,1.55
59967,O=C(O)c1cccc(I)c1,3.13
60342,CC(C)SC(C)C,2.84
60345,CCSc1ccccc1,3.2
60376,CCSCC,1.95
60675,O=c1[nH]c(=O)n(C2CC(O)C(CO)O2)cc1C(F)(F)F,-0.46
60855,CC(=O)O,-0.17
60890,CC1NC(=O)NC1=O,-0.91
60894,CC1CCC(=O)N1,-0.1
60901,CSc1ccc(O)cc1,1.78
60984,O=C1C(CCS(=O)c2ccccc2)C(=O)N(c2ccccc2)N1c1ccccc1,2.3
61091,O=C(O)c1ccccc1-c1ccccc1,2.89
61130,Cc1cccc(CC(=O)O)c1,1.95
61138,CC(C)(N)Cc1ccc(Cl)cc1,2.6
61306,OC1COC(O)C(O)C1O,-3.02
61370,COc1ccc2c3c1OC1C(O)C=CC4C(C2)N(C)CCC341,1.19
61470,Brc1ccncc1,1.54
61494,O=C(O)c1cc([N+](=O)[O-])c(Cl)c([N+](=O)[O-])c1,2.5
61510,O=C(O)c1c(Cl)cccc1Cl,2.23
61752,Nc1ncnc2ncn(C3OC(CO)C(O)C3O)c12,-1.05
61890,CCO[Si](C)(C)OCC,0.61
61893,O=C1CCCCCCN1,0.24
61898,Oc1ccnc2cc(C(F)(F)F)ccc12,2.05
61905,O=C1CCCCCCCCCCCN1,2.92
61920,CCO[Si](OCC)(OCC)c1ccccc1,2.99
61921,O=C1CCCCCCCCCCC1,4.1
61985,CNNCc1ccc(C(=O)NC(C)C)cc1,0.08
62010,ClC(Cl)Cl,1.97
62012,O=C(O)C(Cl)(Cl)Cl,1.33
62019,NC(Cc1ccc(Cl)cc1)C(=O)O,-0.48
62020,NC(=O)CBr,-0.52
62099,c1ccc2c(c1)CCCC2,3.49
62158,CN1C(=O)CN=C(c2ccccc2)c2cc(Cl)ccc21,2.82
62181,COc1ccc2c(c1)c(CC(=O)O)c(C)n2C(=O)c1ccc(Cl)cc1,4.27
62245,Nc1nc(N)c2nc(-c3ccccc3)c(N)nc2n1,0.98
62259,OCC1OC(n2cnc3ncnc(O)c32)C(O)C1O,-2.1
62440,N#CCC(N)=C(C#N)C#N,-0.13
62487,c1ccc(COc2ccccc2)cc1,3.79
62515,COC(=O)c1cc2ccccc2[nH]1,2.45
62685,Clc1ccncc1,1.28
62703,O=C(O)c1ccc(O)c([N+](=O)[O-])c1,1.85
62706,N#Cc1ccc(C#N)cc1,0.93
63103,Clc1cc(Cl)c(Cl)c(Cl)c1,4.56
63420,Oc1ncnc2cn[nH]c12,-0.55
63830,O=[N+]([O-])OC1COC2C(O[N+](=O)[O-])COC12,1.31
63919,Cc1cccc2c1Cc1ccccc1-2,4.97
64172,CC1(c2ccccc2)C(=O)NC(=O)NC1=O,0.91
64200,O=C(Nc1ccccc1)NC1CCCCC1,2.77
64271,NC1CC1c1ccccc1,1.58
65312,O=S1(=O)C=Cc2ccccc21,0.88
65324,CCn1cc(C(=O)O)c(=O)c2ccc(C)nc21,1.59
65465,CC(C)O[PH](=O)OC(C)C,0.45
65474,NC(=O)c1ccncc1,-0.28
65478,Cc1ccccc1C(OCCN(C)C)c1ccccc1,3.77
65686,O=C(O)c1ccccc1Nc1cccc(C(F)(F)F)c1,5.25
65812,COc1ccc(C=O)cc1O,0.97
65888,c1ccc(-c2c[nH]nn2)cc1,1.91
65891,c1nc[nH]n1,-0.58
65994,O=c1cc(-c2ccc(O)cc2)oc2cc(O)cc(O)c12,3.02
66001,N=c1ccn(C2CC(O)C(CO)O2)c(=O)[nH]1,-1.77
66008,Nc1ncnc2c1ncn2C1CC(O)C(CO)O1,-0.55
66283,O=C(O)CNc1ccccc1,0.62
66307,O=[N+]([O-])c1ccc(Cc2ccncc2)cc1,2.88
66366,NC12CC3CC(CC(C3)C1)C2,2.44
66646,CCN=C=S,1.47
66694,C=C(C)C(=O)OCCOCCOCCOC(=O)C(=C)C,1.88
66797,c1ccc2c(c1)[nH]c1cnccc12,3.17
67037,OC(CCN1CCCCC1)(c1ccccc1)C1CC2C=CC1C2,4.25
67256,CCO,-0.31
67260,CO,-0.77
67263,C=C1C(=O)OC2C1CCC(C)C1C=CC(=O)C12C,1.03
67267,C=C1C(=O)OC2C1CCC(C)C1(O)C=CC(=O)C21C,0.77
67405,Nc1ccc(C(=O)O)cc1I,2.36
67682,COc1ccc(C(C)C(=O)O)cc1,1.9
67847,CC12CCC3C(CCC4(O)CC(O)CCC34C=O)C1(O)CCC2C1=CC(=O)OC1,0.64
67910,CCCCCCc1ccccc1,5.52
68341,COc1ccc(N(C)C)cc1,1.42
68343,CNc1ccccc1[N+](=O)[O-],2.18
68592,c1ccc2c(c1)nnc1ccccc12,2.4
68733,Oc1cccc(F)c1,1.93
68735,NCCCc1ccccc1,1.83
68989,Cc1ccc2cc3ccccc3cc2c1,5.0
69075,Oc1ccc2[nH]ccc2c1,1.11
69076,c1cncc(C2CCCCN2)c1,0.97
69091,c1ccc2c(c1)ccc1[nH]c3ccc4ccccc4c3c12,6.4
69128,O=C(O)Cc1cccc(Cl)c1,2.09
69130,O=C(O)COc1cccc(O)c1,0.76
69138,O=C(O)CNC(=O)c1ccccc1O,0.95
69202,Oc1ccc2cccnc2c1,1.98
69344,N#Cc1cccc(C#N)c1,0.8
69524,Cn1ccnc1,-0.06
69573,N#CC(C#N)=NNc1cccc(Cl)c1,3.38
69708,O=[N+]([O-])c1cc(C(F)(F)F)cc([N+](=O)[O-])c1Cl,2.5
69711,COc1cccc(F)c1,2.36
69727,Fc1cc(F)c(F)c(F)c1F,2.53
69729,Fc1ccccc1CCl,2.67
69735,CC(=O)c1cccc(F)c1,1.77
69737,Oc1ccc(C(F)(F)F)cc1,2.82
69744,N#Cc1cccc(F)c1,1.47
69761,O=C(O)c1ccc(C(F)(F)F)cc1,3.1
69763,CC(=O)Nc1ccccc1C(F)(F)F,1.17
69767,Oc1ccccc1C(F)(F)F,2.8
69778,O=C(O)Cc1cccc(F)c1,1.65
70256,O=C(O)Cc1cc(O)ccc1O,0.86
70494,c1ccc2c(c1)Cc1c-2ccc2ccccc12,5.4
70495,c1ccc2c(c1)Cc1cc3ccccc3cc1-2,5.77
70497,c1ccc2c(c1)-c1cccc3c1c-2cc1ccccc13,5.78
70505,c1ccc2c(c1)c1cccc3ccc4cccc2c4c31,6.44
70506,c1ccc2cc3c(ccc4c5ccccc5ccc34)cc2c1,7.11
70508,Cc1ccc2c(ccc3ccccc32)c1,5.15
70523,c1ccc(-c2ccccn2)cc1,2.63
70529,Nc1ccc(Cl)c(Cl)c1Cl,3.33
70535,O=c1cccccc1O,0.53
70537,c1cncnc1,-0.4
70624,NNc1nncc2ccccc12,1.0
70894,CN,-0.57
70950,S=C=Nc1cccc2ccccc12,4.34
70951,Fc1ccc(C2=CCNCC2)cc1,2.37
70952,c1ccc(C2CCNCC2)cc1,2.39
71143,Clc1ccc2ccccc2c1Cl,4.42
71144,Clc1ccc(Cl)c2ccccc12,4.66
71174,c1ccc2c(c1)ccc1cc3ccc4ccccc4c3cc12,7.11
71177,c1ccc2c(c1)cc1ccc3cccc4c5ccccc5c2c1c34,7.71
71272,O=[N+]([O-])c1ccc([N+](=O)[O-])c(O)c1,1.75
71295,Cc1ccc(-c2ccc(C)cc2)cc1,5.09
71463,c1cc2ccc3ccc4ccc5ccc6ccc1c1c2c3c4c5c61,7.64
71522,c1ccc2cc3cc4cc5ccccc5cc4cc3cc2c1,7.11
71534,c1ccc(-c2c3ccccc3cc3ccccc23)cc1,6.01
71810,CNC(=O)Oc1cccc(C)c1,1.7
71976,Oc1ccc(I)cc1,2.91
71996,CN(C)C,0.16
72000,CN(C)C(=O)N(C)C,0.19
72035,CC(C)NCC(O)COc1cccc2ccccc12,2.98
72039,OCc1ccccc1C(c1ccc(O)cc1)c1ccc(O)cc1,3.27
72101,OC12CC3CC(CC(C3)C1)C2,2.14
72153,NCC(F)(F)F,0.24
72514,CC1(C)OC2CC3C4CC(F)C5=CC(=O)C=CC5(C)C4(F)C(O)CC3(C)C2(C(=O)CO)O1,2.48
72652,COc1ccc2cc[nH]c2c1,2.06
73173,C=C1C(=O)OC2CC3(C)CCCC(C)C3=CC12,3.38
73425,Nc1c([N+](=O)[O-])cccc1[N+](=O)[O-],1.79
73680,CCCC(CCC)C(=O)O,2.75
73772,O=C(O)Cc1cccc([N+](=O)[O-])c1,1.45
73780,CC1=CC(=O)C(C)=C(C)C1=O,1.82
73793,Cc1ccc(C)c(C)c1C,4.0
73799,S=C=Nc1ccc2ccccc2c1,4.34
73842,CCCCC/C=C/C/C=C/CCCCCCCC(=O)OC,6.82
73844,CCCCCCCCCCCCCCCCCCCC(=O)O,9.29
73870,Nc1ncnc2c1ncn2C1OC2COP(=O)(O)OC2C1O,-2.96
73904,OC(CBr)C(O)C(O)C(O)CBr,-0.24
73986,Cc1cccc(Nc2ccccc2C(=O)O)c1C,5.12
74359,c1ccc(C2CCCN2)cc1,1.89
74437,COC1CC(OC2CCC3(C)C(CCC4C3CCC3(C)C(C5=CC(=O)OC5)C(OC(C)=O)CC43O)C2)OC(C)C1O,2.26
74584,CCC1(c2ccccc2)CCC(=O)NC1=O,1.9
75045,O=[N+]([O-])c1cc(-c2ccccc2)ccc1O,3.71
75089,Cn1c(=O)c2[nH]c(=O)[nH]c2n(C)c1=O,-0.52
75295,OC(C(F)(F)F)C(F)(F)F,1.66
75564,COC(=O)c1ccccc1F,1.82
75767,C[Si](C)(C)c1ccccc1,4.72
75905,Cc1cccnn1,-0.35
75910,ClCc1cccc(CCl)c1,2.72
75952,FC(F)(F)c1nc2ccccc2[nH]1,2.67
75982,ClC(Cl)(Cl)Cl,2.83
76007,CC12CC(O)C3C(CCC4(O)CC(O)CC(O)C34CO)C1(O)CCC2C1=CC(=O)OC1,-0.02
76111,ClC1CCCCC1Cl,3.18
76167,O=C(O)c1c(C(=O)O)c(C(=O)O)c(C(=O)O)c(C(=O)O)c1C(=O)O,1.5
76273,CC(=O)Oc1ccccc1C(=O)Oc1ccccc1,2.88
76318,CCCN(CCC)CCC,2.79
76328,CCCCCCCc1ccccc1,5.37
76334,CCCCCCCCOC(=O)c1cc(O)c(O)c(O)c1,3.66
76683,NC(=O)CCCc1ccccc1,1.41
78004,Nc1ccccc1-c1ccccc1N,1.34
78565,CC(C)Cc1ccc(CC(=O)O)cc1,3.35
78572,CCOCC,0.89
79349,Cc1c2cnccc2c(C)c2c1[nH]c1ccccc12,4.8
79786,CC(=O)OCC(=O)C12OC(C)(C)OC1CC1C3CC(F)C4=CC(=O)C=CC4(C)C3(F)C(O)CC12C,3.19
80283,C=CCNC(=O)NCC=C,0.64
80316,NC(=O)c1ccc(F)cc1,0.91
80321,COC(=O)c1ccc(F)cc1,2.28
80387,CC1(C)CCCC(C)(C)N1,2.15
80590,Cc1ccccc1C=O,2.26
81050,CN(C)CCC=C1c2ccccc2CCc2ccccc21,4.92
81687,O=[N+]([O-])c1ncc[nH]1,0.15
82207,COc1cc(Cc2cnc(N)nc2N)cc(OC)c1OC,0.91
82723,Cc1ccc(C(=O)C(C)CN2CCCCC2)cc1,3.65
83009,NS(=O)(=O)c1cc2c(cc1Cl)NC(CC1CCCC1)NS2(=O)=O,1.27
83010,CC1CC2C3CC(F)C4=CC(=O)C=CC4(C)C3(F)C(O)CC2(C)C1(O)C(=O)COC(=O)C(C)(C)C,3.86
83101,Cc1c(O)ccc(O)c1C,1.36
83154,CN1C(CSCC(F)(F)F)Nc2cc(Cl)c(S(N)(=O)=O)cc2S1(=O)=O,1.9
83178,O=C(Nc1ccccc1)c1cccnc1,1.73
83339,O=C(O)Cc1cccc(C(=O)O)c1,1.14
83544,CN(C)C1C(O)=C(C(N)=O)C(=O)C2(O)C(O)=C3C(=O)c4c(O)cccc4C(C)(O)C3CC12,-1.3
83596,NCC(O)c1ccc(O)cc1,-0.9
83920,NC(=O)NCc1ccccc1,0.73
83966,Cc1cnc2ccccc2c1,2.53
84584,c1ccc2c(c1)ccc1c3ccc4ccccc4c3[nH]c21,6.4
84793,CN1C(CCl)Nc2cc(Cl)c(S(N)(=O)=O)cc2S1(=O)=O,1.42
84794,COC(F)(F)C(Cl)Cl,2.21
84795,COc1nccnc1NS(=O)(=O)c1ccc(N)cc1,0.7
85033,CN(C)S(=O)(=O)c1ccc(N)cc1,0.67
85206,C1CN2CCC1CC2,1.38
85471,CCCC[Si](C)(C)C,4.2
86164,O=C(O)C1C2CCC(O2)C1C(=O)O,1.91
86732,CCCCNC(=N)NC(=N)N,-1.2
86823,Brc1c(Br)c(Br)c(Br)c(Br)c1Br,6.07
87329,COc1ccc2c(=O)c(C)c(-c3ccccc3)oc2c1CN(C)C,3.65
87545,CN(C)CCCN1c2ccccc2CCc2ccccc21,4.8
87546,CNCCCN1c2ccccc2CCc2ccccc21,4.9
87844,Nc1cc(Cl)c(Cl)c(Cl)c1,3.32
87970,CC(=O)NC(=O)NC(C)=O,-0.68
88240,Oc1cc(O)c2ccccc2c1,1.97
88906,O=C1c2cc([N+](=O)[O-])cc([N+](=O)[O-])c2-c2c1cc([N+](=O)[O-])cc2[N+](=O)[O-],2.4
89558,CC(Oc1ccccc1)C(=O)NC1C(=O)N2C1SC(C)(C)C2C(=O)O,2.28
89802,CCC(=O)OC1(c2ccccc2)CCN(C)CC1C,2.83
89804,CN1CCC23CCCCC2C1Cc1ccc(O)cc13,3.11
89986,c1ccc(-c2ccc3ccccc3n2)cc1,3.9
90609,S=C=NCc1ccccc1,3.16
90833,O=[N+]([O-])c1ccc(Cl)cc1[N+](=O)[O-],2.18
91340,CC12CCC(O)CC1CCC1C2CCC2(C)C(C3=CC(=O)OC3)CCC12O,2.64
92028,CCC1(C(C)C)C(=O)NC(=O)NC1=O,0.97
92053,C=CCC1(C(C)C)C(=O)NC(=O)NC1=O,1.15
92101,C=CCC1(C(C)CCC)C(=O)NC(=S)NC1=O,3.23
93110,Cc1c[nH]c2ccccc12,2.6
93315,OCCCl,0.03
93352,CSc1ncnc2ncn(C3OC(CO)C(O)C3O)c12,0.09
93501,COc1cc(CC(N)C(=O)O)ccc1O,-2.54
93724,CC1=C(/C=C/C(C)=C/C=C/C(C)=C/C(=O)O)C(C)(C)CCC1,6.3
94329,COc1cc2c(cc1OC)C13CCN4CC5=CCOC6CC(=O)N2C1C6C5CC43,0.98
94571,COC1C(O)C(C)OC(OC2CCC3(C)C(CCC4C3CCC3(C)C(C5=CC(=O)OC5)CCC43O)C2)C1O,2.1
94853,O=C(CCNNC(=O)c1ccncc1)NCc1ccccc1,0.87
95885,CCOC(=O)CCc1ccccc1,2.73
96340,O=C(O)c1c(F)cccc1F,1.59
96931,Cc1cc(=O)n2ccccc2n1,0.57
97479,CNC(=O)Oc1ccccc1,1.24
97765,CCCCOC(=O)c1ccc(N)cc1,2.87
98085,Nc1ncnc2c1ncn2C1OC2COP(=O)(O)OC1C2O,-2.96
98178,CC(O)(C(=O)O)c1ccccc1,0.8
98303,S=C=Nc1ccc(I)cc1,4.22
99725,C=CC1CN2CCC1CC2C(O)c1ccnc2ccc(OC)cc12,3.44
99753,[O-][n+]1ccc(Cl)c2ccc(Cl)cc21,1.85
100026,CC1(C)SC2C(NC(=O)Cc3ccccc3)C(=O)N2C1C(=O)O,1.83
100091,O=C(NC(=O)c1ccccc1)Nc1ccccc1,3.39
100113,CC1CCCCC1NC(=O)Nc1ccccc1,3.09
101071,BrCCCc1ccccc1,3.72
101088,CC(C)OC(=O)c1cc(O)c(O)c(O)c1,1.54
101453,COC(=O)CCCc1ccccc1,2.77
101932,COc1cccc(C(=O)O)c1O,1.94
102704,C=CC(=O)NCCN(C)C,-0.25
102809,CC(C)=O,-0.24
103707,CNS(=O)(=O)c1ccc(N)cc1,-0.01
103821,O=[N+]([O-])c1ccc2cccnc2c1,1.82
105894,O=C1CN=C(c2ccccn2)c2cc(Br)ccc2N1,2.05
106118,CC(C)/N=c1\cc2n(-c3ccc(Cl)cc3)c3ccccc3nc-2cc1Nc1ccc(Cl)cc1,4.3
106484,c1ccncc1,0.65
107330,Cc1ccc(S(=O)(=O)NC(=O)NC2CCCCC2)cc1,2.9
107751,FC(F)(F)C(Cl)Br,2.3
108615,COc1ccc(CC(C)N)cc1OC,1.2
109031,CCS(=O)(=O)CC,-0.59
109606,Cc1cccc2c1ccc1ccccc12,5.08
109986,COC(OC)OC,0.25
110799,COC(=O)CCCCC(C)=O,0.55
110844,CC(C)CC#N,1.07
110931,CC(=O)OC1CC2(O)C3CCC4CC(O)CCC4(C)C3CCC2(C)C1C1=CC(=O)OC1,1.93
112102,CC(=O)SC1CC2=CC(=O)CCC2(C)C2CCC3(C)C(CCC34CCC(=O)O4)C12,2.78
112370,OCCN1CCN(CCCN2c3ccccc3Sc3ccc(Cl)cc32)CC1,4.2
112693,NCCNC(=O)c1ccccc1,0.06
113050,O=C(O)c1c2ccccc2cc2ccccc12,3.85
114177,[O-][n+]1ccc2ccccc2c1,0.25
114755,COc1ccccc1Cl,2.68
115232,COC(=O)c1c(Cl)c(Cl)c(C(=O)OC)c(Cl)c1Cl,4.4
116148,CCCOP(OCCC)OCCC,2.26
116795,O=c1ssc2ccccc12,2.73
117006,OCc1ccccc1F,1.31
117015,OCCF,-0.67
117158,CCCCCCCCCCCCCCCCCCCCCC(=O)OC,10.2
117206,CP(C)c1ccccc1,2.57
117596,CCCCOc1cc(C(=O)NCCN(CC)CC)c2ccccc2n1,4.4
117662,O=[N+]([O-])c1ccc(C(F)(F)F)cc1,2.55
117981,O=c1c2ccccc2nc2n1CCC2,1.07
118654,c1ccc2c(c1)[nH]c1ccncc12,3.17
118665,NC(=O)c1ccc(C(F)(F)F)cc1,1.71
119931,CCNc1nc(NC(C)C)nc(SC)n1,2.98
119932,CCNc1nc(NC(C)C)nc(OC)n1,2.69
119933,CCNc1nc(Cl)nc(NC(C)C)n1,2.61
119934,CCN(CC)c1nc(Cl)nc(NC(C)C)n1,3.94
119935,COc1nc(NC(C)C)nc(NC(C)C)n1,2.99
119938,CCNc1nc(NCC)nc(SC)n1,2.8
120131,CC(O)Cn1cnc2c1c(=O)n(C)c(=O)n2C,-0.77
120168,Cc1ccc2cccc([N+](=O)[O-])c2n1,1.99
120595,NCCN,-2.04
120607,Cc1ccc2c([N+](=O)[O-])cccc2n1,1.99
121546,NCCc1c[nH]c2ccccc12,1.55
121878,COc1ncccn1,0.23
121880,CCCCCC(O)/C=C/C1C(O)CC(=O)C1CCCCCCC(=O)O,3.2
121881,CCCCCC(O)/C=C/C1C(O)CC(=O)C1C/C=C/CCCC(=O)O,2.82
121971,CCCNC,0.84
121982,CCCCCCOC(N)=O,1.85
122490,O=C(O)COc1ccc([N+](=O)[O-])cc1,1.48
122497,CNCC(O)c1ccc(O)cc1,-0.45
123695,COc1cc(CC(C)N)cc(OC)c1OC,1.21
123758,CNC(=O)Oc1cccc2c1OC(C)(C)C2,2.32
124425,Cc1c(F)c(F)c(C(=O)O)c(F)c1F,3.15
124683,NCCCN1c2ccccc2Sc2ccc(Cl)cc21,4.47
124796,CN1CCC(CN2c3ccccc3Sc3ccccc32)C1,5.23
124810,NCCc1ccc(O)c(O)c1,-0.98
124991,O=C1Nc2ccc(Cl)cc2C(c2ccccc2)=NC1O,2.24
125013,CCN(CC)CCCN1c2ccccc2Sc2ccc(Cl)cc21,6.46
125040,CCN(CC)CCOC(=O)c1ccc(N)cc1,1.92
125311,NC(=O)N1c2ccccc2C=Cc2ccccc21,2.45
125312,CN(C)CCCN1c2ccccc2CCc2ccc(Cl)cc21,5.19
125320,O=C(CCCN1CCC(n2c(=O)[nH]c3ccccc32)CC1)c1ccc(F)cc1,3.91
125321,O=C(CCCN1CC=C(n2c(=O)[nH]c3ccccc32)CC1)c1ccc(F)cc1,3.5
125358,CN1CCC(=C2c3ccccc3C=Cc3ccccc32)CC1,4.69
125540,CC(=O)Nc1c(F)c(F)c(F)c(F)c1F,1.7
125851,CC(=O)Oc1cc(C(C)C)c(OCCN(C)C)cc1C,3.17
126066,Nc1cccc2nc3ccccc3cc12,3.26
126319,COc1ccccc1OCC(O)COC(N)=O,0.61
126332,O=C(CCCN1CCC(O)(c2ccc(Cl)cc2)CC1)c1ccc(F)cc1,3.36
126335,O=C(CCCN1CCN(c2ccccn2)CC1)c1ccc(F)cc1,3.3
126340,NC(=O)C1(N2CCCCC2)CCN(CCCC(=O)c2ccc(F)cc2)CC1,2.02
126342,O=C(CCCN1CCC2(CC1)C(=O)NCN2c1ccccc1)c1ccc(F)cc1,3.03
126343,O=c1[nH]c2ccccc2n1C1CCN(CCCC(c2ccc(F)cc2)c2ccc(F)cc2)CC1,6.3
127168,CN(C)CC/C=C1/c2ccccc2CSc2ccccc21,4.49
127292,CCNC1C2CCC(C2)C1c1ccccc1,3.2
127896,Nc1ccc(CCO)cc1,0.1
128300,C=CC(=O)c1ccccc1,1.88
128556,CC(C)(C)c1ccc(O)c(C(C)(C)C)c1,5.19
129362,CC(C)(C)c1cccc(C(C)(C)C)n1,4.14
129487,C=Cc1ccc(C(=O)O)cc1,2.18
131111,CCCC[Sn](F)(CCCC)CCCC,3.15
131233,O=C1CN=C(c2ccccc2Cl)c2cc([N+](=O)[O-])ccc2N1,2.41
132140,CSc1ccc2c(c1)N(CCC1CCCCN1C)c1ccccc1S2,5.9
132161,CC(=O)Nc1cccc(C)c1C,1.35
132401,CCN(CC)CCCC(C)Nc1ccnc2cc(Cl)ccc12,4.63
132797,Nc1ccc(C(=O)O)c(F)c1,1.29
132881,CCCCOC(=O)COc1cc(Cl)c(Cl)cc1Cl,4.81
132993,O=C(O)COc1cc(Cl)cc(Cl)c1,2.84
133097,CC(=O)Nc1cccc(Cl)c1F,1.83
133118,O=C(O)c1c(F)cccc1Cl,2.11
133183,CN(C)C(=O)Nc1ccc(F)cc1,1.13
134146,O=C(O)COc1cccc([N+](=O)[O-])c1,1.37
134566,CCCCN=C=S,2.92
135050,CN(C)c1ccc(N=C=S)cc1,3.96
135061,CNC(=O)N(C)c1ccccc1,1.02
135616,CC1Cc2c(Cl)cc(C(=O)NC(Cc3ccccc3)C(=O)O)c(O)c2C(=O)O1,4.74
136759,CCC(C)c1cc([N+](=O)[O-])cc([N+](=O)[O-])c1O,3.56
137018,CS(=O)c1ccccc1,0.55
138012,NC(=O)Nc1ccccc1F,0.88
140849,CCOC(=O)CC(=O)CCc1ccccc1,2.52
141383,Nc1cccc2cc3ccccc3nc12,3.26
142423,Cn1ccc2ccccc21,2.72
144928,CCOC(=O)C(F)(F)F,1.18
145487,Ic1nc(I)c(I)[nH]1,2.78
145961,ONc1ccccc1,0.79
146581,Cc1ncc([N+](=O)[O-])n1C,0.31
146632,COc1ccc2c(c1)N(CC(C)CN(C)C)c1ccccc1S2,4.68
146837,OCC1OC(Oc2ccccc2)C(O)C(O)C1O,-0.75
147186,NS(=O)(=O)c1cccc([N+](=O)[O-])c1,0.55
147191,OCc1ccc(O)cc1,0.25
147429,NC(=O)CCc1ccccc1,0.91
147449,CCCCC1(CC)C(=O)NC(=O)NC1=O,1.73
148365,CCOP(=S)(OCC)SCSc1ccc(Cl)cc1,5.33
148366,COP(=S)(OC)SCSc1ccc(Cl)cc1,4.82
150387,C=C1C(=O)OC2CC3(C)CCCC(=C)C3CC12,3.42
150515,OCc1c2ccccc2cc2ccccc12,3.04
150934,CCCCNC(=O)NS(=O)(=O)c1ccc(N)cc1,1.01
151316,Oc1cc(Cl)c(Cl)c(Cl)c1,4.01
152655,CN1C(=O)C(O)N=C(c2ccccc2)c2cc(Cl)ccc21,2.19
153355,OCC1CC1c1ccccc1,1.95
154316,CNP(=O)(OC)Oc1ccc(C(C)(C)C)cc1Cl,3.42
154829,c1ccc(-c2ncc[nH]2)cc1,1.88
155949,CC12CCC(=O)C=C1C=CC1C2CCC2(C)C1CCC21CCC(=O)O1,2.68
156076,NS(=O)(=O)c1cc2c(cc1Cl)NC(Cc1ccccc1)NS2(=O)=O,0.93
156340,O=c1cc[nH]c2ccccc12,0.58
156905,FC(F)Oc1ccccc1,2.44
157173,OC(c1ccccc1)(C(F)(F)F)C(F)(F)F,3.41
157939,c1cnc2ncncc2n1,-0.58
158536,Oc1ccc2c3c1OC1C(O)C=CC4C(C2)NCCC341,-0.17
159316,COc1ccc(CCN(C)CCCC(C#N)(c2ccc(OC)c(OC)c2)C(C)C)cc1OC,3.79
159696,O=C1Cc2ccccc2N1,1.16
160922,NNC(=O)c1ccnc(F)c1,-0.11
163710,O=C1Nc2ccc(Cl)cc2C(c2ccccc2Cl)=NC1O,2.39
166046,CC(=O)c1ccc(C(C)=O)cc1,1.34
167252,C=O,0.35
168145,CC(=O)Oc1ccc2c3c1OC1C(OC(C)=O)C=CC4C(C2)N(C)CCC341,1.58
169940,Cn1ccnc1[N+](=O)[O-],-0.17
169941,Cn1c(CO)cnc1[N+](=O)[O-],-0.35
170406,CCCCCCCOC(=O)c1ccc(O)cc1,4.83
171317,O=[N+]([O-])N1CN([N+](=O)[O-])CN([N+](=O)[O-])C1,0.87
175438,Cn1cnc([N+](=O)[O-])c1Br,0.36
175451,NCC(CC(=O)O)c1ccc(Cl)cc1,-0.96
175932,Fc1cccc(F)n1,1.17
176697,CC(C)C(NC(=O)C(Cc1ccc(O)cc1)NC(=O)OCc1ccccc1)C(=O)O,2.43
176850,NC(CCCCNC=O)C(=O)O,-2.84
179334,BrC=C(Br)Br,3.2
179786,C[Si]1(C)O[Si](C)(C)O[Si](C)(C)O[Si](C)(C)O1,5.1
182156,CCN(CC)CCNC(=O)c1cc(Cl)c(N)cc1OC,2.62
184187,COC(=O)c1cc(O)c(O)c(O)c1,0.86
186318,COP(=O)(OC)O/C(C)=C/C(=O)N(C)C,-0.49
186319,CCS(=O)CCSP(=O)(OC)OC,-0.75
189060,NC(=O)c1cccc(O)c1,0.39
189295,CNC(=O)Oc1ccccc1OC(C)C,1.52
189297,CNC(=O)O/N=C\C(C)(C)SC,1.13
190781,c1cnccn1,-0.26
191023,CCOC(=O)C1(c2ccccc2)CCN(C)CC1,2.72
191068,N#Cc1ccc(O)cc1,1.6
191084,Cc1c2ccccc2cc2ccccc12,5.07
191141,O=C1C=C(Cl)C(=O)c2ccccc21,2.29
191631,O=C1C=C(Br)C(=O)c2ccccc21,2.44
191644,Nc1cccc2c(N)cccc12,1.78
191647,C/C(=C\c1ccccc1)C(=O)O,2.6
191670,Oc1ccc(Cc2ccc(O)cc2)cc1,2.91
191770,Nc1ccncn1,-0.25
192359,Cn1ccc(=O)n(C)c1=O,-0.54
192525,NC(=O)C(Cl)Cl,0.19
192677,CC1=C(C)C(=O)C=CC1=O,1.23
193092,CCOC(=O)c1cc(O)c(O)c(O)c1,1.3
193473,CC(=O)Nc1ccc(C(F)(F)F)cc1,2.52
193819,Nc1nc(N)c2ccccc2n1,1.0
194017,CC(=O)OCc1ccc([N+](=O)[O-])cc1,1.73
194099,CCCCCCOCCOCCO,1.7
194197,O=[N+]([O-])c1ccccc1Br,2.52
194206,COC(=O)c1ccccc1OC(C)=O,1.46
194435,CC(=O)Oc1ccccc1Br,2.2
194463,CCOP(=O)(OCC)Oc1ccc([N+](=O)[O-])cc1,1.98
194467,Cc1ccc(Cl)cc1,3.33
194510,Nc1ccc(Cl)cc1C(=O)O,1.57
194549,CC(C)(C)C1CCC(O)CC1,3.02
194729,CC(=O)Oc1ccccc1C(C)C,2.78
194758,c1cc(-c2ccncc2)ccn1,1.28
194788,CCOC(=O)C(O)(c1ccc(Cl)cc1)c1ccc(Cl)cc1,4.74
195106,NC(=O)c1ccc(Br)cc1,1.76
195382,COC(C)=O,0.18
195385,ClCC(Cl)Cl,1.89
196002,Oc1cccc2ncccc12,1.85
196004,CCc1ccccc1C,3.53
196234,c1ccc2c(c1)ccc1c2ccc2c3ccccc3ccc21,7.11
196347,ClCCl,1.25
196470,OCCc1ccccc1,1.36
196474,COC(=O)c1ccccc1OC,2.04
196482,C=CC(=C)CCC=C(C)C,4.17
196499,CCCCCCCC/C=C/CCCCCCCC(=O)OC,7.45
196525,O=CCc1ccccc1,1.78
196529,CCCCCCCCCCO,4.57
196549,Cc1ccccc1,2.73
196685,O=[IH2]c1ccccc1,-1.61
196697,OCC(O)COc1ccccc1,0.7
196850,ClCCOCCCl,1.29
196898,OCCCCO,-0.83
196899,Clc1ccc(Cl)c(Cl)c1,4.02
196907,c1ccc2c(c1)OCCO2,2.01
196908,CCOc1ccccc1,2.51
197036,C1CCCCC1,3.44
197092,ClCc1ccc(Cl)cc1Cl,3.82
197095,NC(=O)c1ccccc1Cl,0.64
197103,CCc1ccccc1,3.15
197132,Brc1ccc(-c2ccccc2)cc1,4.96
197141,OCC1OC(OC2(CO)OC(CO)C(O)C2O)C(O)C(O)C1O,-3.7
197552,O=c1cc(-c2ccccc2)oc2cc(O)cc(O)c12,3.52
197609,Oc1ccc2ccc(O)cc2c1,1.9
197736,Cc1ccc(-c2ccccc2)cc1,4.63
197744,CC(=O)c1ccccc1C(=O)O,0.81
197826,CCCCOCCOCCO,0.56
197839,Brc1cccc(-c2ccccc2)c1,4.85
197871,CC12CCC(O)CC1CCC1C2CCC2(C)C(C3=CC(=O)OC3)C(O)CC12O,1.6
197872,CC1OC(OC2CCC3(C=O)C4CCC5(C)C(C6=CC(=O)OC6)CCC5(O)C4CCC3(O)C2)C(O)C(O)C1O,-0.48
197887,Oc1c(Cl)c(Cl)cc(Cl)c1Cl,3.88
197912,CCCCc1ccc(O)cc1,3.65
198025,CCc1ccccc1OCC(=O)O,2.53
198057,NC(=O)c1ccccc1[N+](=O)[O-],-0.12
198124,CC(=O)Nc1cccc(Br)c1,2.31
198176,CCC1(CC)C(=O)NC(=S)NC1=O,1.5
198503,CCOCCOCCO,-0.54
198519,c1ccc2n[se]nc2c1,1.64
198666,OCc1ccc2ccccc2c1,2.21
198748,O=[N+]([O-])c1cccc(-c2ccccc2)c1,3.87
198858,Cc1c2ccccc2c(C)c2c1ccc1ccccc12,5.8
198932,Cc1ccc2ccc3ccccc3c2c1,5.15
199137,CN(C)c1ccc(C#N)cc1,2.2
199888,O=NN(CCCl)C(=O)NCCCl,1.53
200713,NS(=O)(=O)c1ccc(Cl)c([N+](=O)[O-])c1,0.66
200919,Cc1ccnnc1,-0.32
200965,Brc1nc(Br)c(Br)[nH]1,1.96
201003,CN(C)/N=N/c1cccc(C(F)(F)F)c1,3.78
201006,Cn1c(=O)[nH]c(=O)c2[nH]cnc21,-0.5
201534,O=C1CCCCC1C1=CCCCC1,3.17
201751,O=[N+]([O-])c1cc(Cl)ccc1O,2.46
201935,N#Cc1c(Cl)cccc1Cl,2.74
202026,COc1ccc2[nH]ccc2c1,2.06
202042,c1cc2nc[nH]c2cn1,0.3
202102,O=C(O)COc1ccc(C2CCCCC2)cc1,3.79
202324,Cc1ccc2[nH]ccc2c1,2.68
202425,CS(=O)(=O)c1ccc(C(O)C(CO)NC(=O)C(Cl)Cl)cc1,-0.27
202821,NC(=O)c1ccc(O)cc1,0.33
202933,NC(=O)c1ccccn1,0.15
203343,O=C1Nc2ccc([N+](=O)[O-])cc2C1=O,0.47
203394,OCc1cccnc1,-0.02
203396,CCCCC1C(=O)N(c2ccccc2)N(c2ccc(O)cc2)C1=O,2.72
203644,O=C1C=CC(=O)C(Cl)=C1,0.84
203950,COP(=S)(OC)Oc1cc(Cl)c(Br)cc1Cl,5.21
204034,C1C2CC3CC1CC(C2)C3,4.24
204064,COc1cc2c(c(OC)c1OC)-c1ccc(=O)c(OC)cc1C(NC(C)=O)CC2,1.0
204223,O=[N+]([O-])c1cc(F)ccc1F,1.86
204279,CC1(C)SC2C(NC(=O)C(N)c3ccccc3)C(=O)N2C1C(=O)O,1.35
206506,CC/C=C/C/C=C/C/C=C/CCCCCCCC(=O)OC,6.29
207765,CN1CCC23c4c5ccc(O)c4OC2C(O)C=CC3C1C5,0.89
209579,CCOC(=O)CCCO,0.43
211000,CCOC(=O)/C=C/c1ccc(O)c(O)c1,2.56
211202,COC(=O)CC(=O)OC,-0.05
215393,c1cncc(CN2CCCC2)c1,1.1
216004,Oc1ccc2c(c1)OCC1c3cc4c(cc3OC21)OCO4,2.61
221238,CN1CCN(CCCN2c3ccccc3Sc3ccccc32)CC1,4.0
225116,CCOc1cccc2cccnc12,2.25
226290,O=C1CC(c2ccc(O)c(O)c2)Oc2cc(O)cc(O)c21,2.02
229758,CC(CCC(=O)O)C1CCC2C3C(O)C(O)C4CC(O)CCC4(C)C3CCC12C,2.8
229759,CC(CCC(=O)O)C1CCC2C3C(O)CC4CC(O)CCC4(C)C3CCC12C,4.15
231141,Cc1oc2ccccc2c(=O)c1C,2.31
