ID	SMILES	logD7.4
A-logD7.4-100	Fc1cc2c(N(C=C(C(O)=O)C2=O)C2CC2)cc1N1CCNCC1	-0.96
A-logD7.4-101	S1(=O)(=O)N(CCN1C)c1cc2c([nH]cc2CCN(C)C)cc1	-0.92
A-logD7.4-104	OC=1C(=O)C=CN(CCCO)C=1C	-0.9
A-logD7.4-105	Fc1cc2c(N(C=C(C(O)=O)C2=O)c2ccccc2C)cc1N1CCNCC1	-0.83
A-logD7.4-106	OC=1C(=O)C=CN(CCC(=O)NCC)C=1C	-0.82
A-logD7.4-108	Fc1cc2c(N(C=C(C(O)=O)C2=O)C2CC2)c(OC)c1N1CC(NCC1)C	-0.79
A-logD7.4-109	S1(=O)(=O)NCC(N1Cc1cc2c([nH]cc2CCN(C)C)cc1)(C)C	-0.78
A-logD7.4-110	OC=1C(=O)C=CN(CCC(OC)=O)C=1C	-0.77
A-logD7.4-111	OC=1C(=O)C=CN(CC(O)(C)C)C=1C	-0.77
A-logD7.4-112	OC=1C(=O)C=CN(C)C=1C	-0.77
A-logD7.4-113	[nH]1cc(c2cc(ccc12)Cc1ncnn1C)CCN(C)C	-0.75
A-logD7.4-114	OC=1C(=O)C=CN(CCCCO)C=1C	-0.75
A-logD7.4-115	[nH]1cc(c2cc(ccc12)Cn1ncnc1)CCN(C)C	-0.74
A-logD7.4-117	Fc1cc(F)ccc1N1C=C(C(O)=O)C(=O)c2cc(F)c(N3CC(NC(C3)C)C)cc12	-0.73
A-logD7.4-118	Fc1cc2c(N(C=C(C(O)=O)C2=O)c2ccc(cc2)C)cc1N1CCNCC1	-0.73
A-logD7.4-122	[nH]1cc(c2cc(ccc12)Cn1nncc1)CCN(C)C	-0.7
A-logD7.4-123	S1(=O)(=O)N(CCN1C)Cc1cc2c([nH]cc2CCN(C)C)cc1	-0.68
A-logD7.4-126	OC=1C(=O)C=CN(CCC(=O)N(CC)C)C=1C	-0.67
A-logD7.4-127	OC=1C(=O)C=CN(CCO)C=1CC	-0.66
A-logD7.4-128	[nH]1cc(c2cc(ccc12)Cn1nnnc1)CCN(C)C	-0.64
A-logD7.4-131	S(=O)(=O)(C)c1cc(ccc1)-c1nc(n(\C=C\[C@@H](O)C[C@@H](O)CC(=O)[O-])c1-c1ccc(F)cc1)C(C)C.[Na+]	-0.6
A-logD7.4-132	S1(=O)(=O)N(CCN1C)CCc1cc2c([nH]cc2CCN(C)C)cc1	-0.57
A-logD7.4-133	Clc1cc(Cl)ccc1N1C=C(C(O)=O)C(=O)c2cc(F)c(N3CCNCC3)cc12	-0.55
A-logD7.4-138	OC(=O)C(NC(=O)C(N)Cc1c2c([nH]c1)cccc2)Cc1ccccc1	-0.52
A-logD7.4-141	[nH]1cc(c2cc(ccc12)Cc1nn(nn1)C)CCN(C)C	-0.51
A-logD7.4-142	Oc1c(nccc1O)C	-0.5
A-logD7.4-143	O=C(N[C@H](CCc1ccccc1)C(=O)Nc1cc2c(nccc2)cc1)[C@@H]1N(C[C@H](C1)CN)C(=O)CN	-0.5
A-logD7.4-144	S(Cc1oc(cc1)CN(C)C)CCNC(NC)=C[N+](=O)[O-]	-0.39
A-logD7.4-145	Fc1cc(F)ccc1N1C=C(C(O)=O)C(=O)c2cc(F)c(N3CCNCC3)cc12	-0.48
A-logD7.4-146	OC=1C(=O)C=CN(CCC(=O)NC(C)C)C=1C	-0.47
A-logD7.4-147	OC=1C(=O)C=CN(CC(OC)OC)C=1C	-0.46
A-logD7.4-148	[Na+].Fc1ccc(cc1)-c1n(\C=C\[C@@H](O)C[C@@H](O)CC(=O)[O-])c(nc1-c1cccnc1)C(C)C	-0.43
A-logD7.4-149	Fc1cc2c3N(C=C(C(O)=O)C2=O)[C@H](COc3c1N1CCN(CC1)C)C	-0.43
A-logD7.4-15	OC=1C(=O)C=CN(CCC(O)=O)C=1C	-2.92
A-logD7.4-150	[nH]1cc(c2cc(ccc12)Cc1nnnn1CC)CCN(C)C	-0.43
A-logD7.4-152	Fc1cc2c(N(C=C(C(O)=O)C2=O)c2ccc(F)cc2C)cc1N1CCNCC1	-0.43
A-logD7.4-153	[nH]1c2c(cc1)C(N(CC2C)C)C	-0.41
A-logD7.4-154	OC=1C(=O)C=CN(CCOC)C=1C	-0.41
A-logD7.4-155	OC=1C(=O)C=CN(CCC(=O)NCCC)C=1C	-0.4
A-logD7.4-157	S1(=O)(=O)NC(CN1Cc1cc2c([nH]cc2CCN(C)C)cc1)(C)C	-0.39
A-logD7.4-159	OC=1C(=O)C=CN(CCC(=O)N(CC)CC)C=1C	-0.36
A-logD7.4-162	[nH]1cc(c2cc(-n3ncnc3)ccc12)CCN(C)C	-0.34
A-logD7.4-163	[nH]1cc(c2cc(ccc12)Cn1ncnn1)CCN(C)C	-0.34
A-logD7.4-164	s1c2c(S(=O)(=O)N(C)\C(=C(/O)\Nc3ncccc3)\C2=O)cc1	-0.32
A-logD7.4-165	OC=1C(=O)C=CN(CCCO)C=1CC	-0.32
A-logD7.4-166	OC=1C(=O)C=CN(CC)C=1C	-0.31
A-logD7.4-169	OC=1C(=O)C=CN(CCCCO)C=1CC	-0.28
A-logD7.4-170	OC=1C(=O)C=CN(C(COC)C)C=1C	-0.26
A-logD7.4-171	OC=1C(=O)C=CN(CCC(OCC)=O)C=1C	-0.24
A-logD7.4-172	Fc1cc2c(N(C=C(C(O)=O)C2=O)c2ccccc2F)cc1N1CC(NC(C1)C)C	-0.23
A-logD7.4-173	OC=1C(=O)C=CN(C)C=1CC	-0.21
A-logD7.4-174	n12C=CC=Nc1ncc2	-0.2
A-logD7.4-175	O(CC[C@H](CC1(CCCC1)C(=O)NC1(Cc2c(C1)cccc2)CO)C(O)=O)C	-0.2
A-logD7.4-176	[nH]1cc(c2cc(ccc12)Cn1nccn1)CCN(C)C	-0.2
A-logD7.4-178	Clc1cc2NCNS(=O)(=O)c2cc1S(=O)(=O)N	-0.19
A-logD7.4-180	Fc1cc2c(N(C=C(C(O)=O)C2=O)c2ccccc2C)cc1N1CC(NC(C1)C)C	-0.17
A-logD7.4-181	Fc1cc2c(N(C=C(C(O)=O)C2=O)C2CC2)c(OC)c1N1C[C@H]2[C@H](NCCC2)C1	-0.16
A-logD7.4-183	[nH]1cc(c2cc(-n3ccnc3C)ccc12)CCN(C)C	-0.13
A-logD7.4-185	Fc1cc2c(N(C=C(C(O)=O)C2=O)c2ccccc2)cc1N1CC(NC(C1)C)C	-0.12
A-logD7.4-187	S1(=O)(=O)N(C)C(C(=O)Nc2ncccc2)=C(O)c2c1cccc2	-0.08
A-logD7.4-189	O1[C@@H]2[C@]34[C@H]([C@H](N(CC3)C)Cc3c4c1c(O)cc3)C=C[C@@H]2O	-0.06
A-logD7.4-19	OC=1C(=O)C=CN(CCCC(O)=O)C=1C	-2.75
A-logD7.4-191	Fc1cc2c(N(C=C(C(O)=O)C2=O)c2ccc(cc2C)C)cc1N1CCNCC1	-0.07
A-logD7.4-192	[Na+].Fc1ccc(cc1)-c1n(\C=C\[C@@H](O)C[C@@H](O)CC(=O)[O-])c(nc1-c1cc(NC)ccc1)C(C)C	-0.05
A-logD7.4-193	OC(=O)C(C)c1cc(ccc1)\C(=N/O)\c1ccccc1	-0.04
A-logD7.4-194	Clc1cc(Cl)ccc1N1C=C(C(O)=O)C(=O)c2cc(F)c(N3CC(NC(C3)C)C)cc12	-0.03
A-logD7.4-195	S1(=O)(=O)N(CCCN1C)Cc1cc2c([nH]cc2CCN(C)C)cc1	-0.02
A-logD7.4-199	OC(=O)C(C)c1cc(ccc1)C(=O)c1ccccc1	0.008
A-logD7.4-200	[nH]1cc(c2cc(ccc12)Cc1nn(nn1)CC)CCN(C)C	0.02
A-logD7.4-201	Fc1cc2c(N(C=C(C(O)=O)C2=O)c2ccc(cc2C)C)cc1N1CC(NC(C1)C)C	0.02
A-logD7.4-202	OC=1C(=O)C=CN(CC=C)C=1C	0.03
A-logD7.4-204	OC=1C(=O)C=CN(CCOC)C=1CC	0.04
A-logD7.4-206	O1N(COC(=O)C(C)(C)C)C(=O)C2=C1CCCC2NC	0.05
A-logD7.4-207	OC=1C(=O)C=CN(C(C)C)C=1C	0.05
A-logD7.4-208	o1c2CCN(CCc2nc1N)CC	0.05
A-logD7.4-210	s1c2c(nc1CN1N=C(c3c(cccc3)C1=O)CC(O)=O)cc(F)cc2F	0.05
A-logD7.4-211	Oc1c(nccc1O)CC	0.05
A-logD7.4-212	O(C)c1cc2c(cc(cc2)[C@@H](C(O)=O)C)cc1	0.19
A-logD7.4-217	[nH]1nc(nc1N)-c1cc(ncc1)N	0.11
A-logD7.4-219	OC=1C(=O)C=CN(CCCOCC)C=1C	0.12
A-logD7.4-221	S1(=O)(=O)N(CCN1C(C)C)Cc1cc2c([nH]cc2CCN(C)C)cc1	0.16
A-logD7.4-222	Fc1cc2c(N(C=C(C(O)=O)C2=O)c2ccc(cc2)C)cc1N1CC(NC(C1)C)C	0.16
A-logD7.4-225	OC=1C(=O)C=CN(CCC)C=1C	0.18
A-logD7.4-227	S1(=O)(=O)N(C)C(C(=O)N(C)c2ncccc2)=C(O)c2c1cccc2	0.2
A-logD7.4-229	O1C(=O)c2c(N=C1N[C@@H](CC(=O)N)C(=O)NC(C)C)cccc2	0.2
A-logD7.4-230	O(CCC1N(CCCC1)C(=O)[C@H](NCC(O)=O)CC1CCCCC1)C1CCN(CC1)C(N)=N	0.2
A-logD7.4-231	OC=1C(=O)C=CN(CC(OCC)OCC)C=1C	0.21
A-logD7.4-232	O1[C@@H]2[C@]34[C@H]([C@H](N(CC3)C)Cc3c4c1c(OC)cc3)C=C[C@@H]2O	0.22
A-logD7.4-236	S(=O)(=O)(Nc1ccc(cc1)Cc1nc(on1)-c1cc2c([nH]cc2CCN)cc1)C	0.25
A-logD7.4-238	Oc1cc2n(ncc2cc1)CCN	0.254
A-logD7.4-24	Oc1ccc(cc1)C[C@H](NC(=O)C)C(=O)NCC(=O)NCC(=O)N[C@@H](CCC(=O)N)C(=O)N	-2.59
A-logD7.4-242	[Re-]123(SCCN1C(=O)C[N+]2(CCS3)CCCNCC)[OH2+]	0.3
A-logD7.4-243	O(C)c1ccc(cc1)[C@@H]1C[C@H]1NC(=O)C1(CCCC1)C[C@@H](CCOC)C(O)=O	0.3
A-logD7.4-244	S(=O)(=O)(C)c1c2nccc(c2ccc1)-c1c2cc(ccc2n(CC(O)=O)c1C)C	0.3
A-logD7.4-248	Brc1c2nccnc2ccc1NC=1NCCN=1	0.31
A-logD7.4-249	Fc1cc(ccc1N1C=C(C(O)=O)C(=O)c2cc(F)c(N3CC(NC(C3)C)C)cc12)C	0.31
A-logD7.4-250	Fc1cc(ccc1N1C=C(C(O)=O)C(=O)c2cc(F)c(N3CCNCC3)cc12)C	0.31
A-logD7.4-251	[Cl-].o1cc(cc1)C1(C2c3cc(O)ccc3C([n+]3c2cccc3)C1)c1ccoc1	0.32
A-logD7.4-256	Clc1ccccc1CNC(=O)Nc1ccsc1-c1nc(C(O)=O)c(O)c(O)n1	0.37
A-logD7.4-257	Fc1c2n(ncc2ccc1O)C[C@@H](N)C	0.394
A-logD7.4-258	Oc1cc(ccc1)[C@H](N1C[C@H](N(C[C@@H]1C)Cc1ccccc1)C)c1cc2c(CCN(C2)C(=O)CC(O)=O)cc1	0.4
A-logD7.4-259	O(CC[C@H]1N(CCCC1)C(=O)[C@H](NCC(O)=O)CC1CCCCC1)c1ccc(cc1)C(N)=N	0.4
A-logD7.4-261	Clc1cc(Cl)ccc1-c1nc(nc(N)c1CN)N	0.4
A-logD7.4-262	O1C(=O)c2c(N=C1N1CCCC1C(=O)N)cccc2	0.4
A-logD7.4-265	S1(=O)(=O)N(CCN1Cc1cc2c([nH]cc2CCN(C)C)cc1)Cc1ccc(NC(=O)C)cc1	0.42
A-logD7.4-269	OC=1C(=O)C=CN(CC=C)C=1CC	0.47
A-logD7.4-271	O=C1N(c2nc(nc(c2CC1)C)C)Cc1ccc(cc1)-c1ccccc1-c1nn[nH]n1	0.49
A-logD7.4-275	O=C(N[C@H](CCc1ccccc1)C(=O)Nc1cc2c(nccc2)cc1)[C@@H]1N(C[C@@H](N)C1)C(=O)CN	0.5
A-logD7.4-276	Fc1c2nccc(c2ccc1)-c1c2cc(ccc2n(CC(O)=O)c1C)C	0.5
A-logD7.4-279	s1c(nnc1NC(=O)C1(CCCC1)C[C@@H](CCC)C(O)=O)CC	0.5
A-logD7.4-280	O=C(N[C@H](CCc1ccccc1)C(=O)Nc1cc2c(nccc2)cc1)[C@@H]1NC[C@H](C1)CN	0.5
A-logD7.4-282	S(=O)(=O)(Nc1ccc(cc1)Cc1nc(on1)Cc1cc2c([nH]cc2CCN(C)C)cc1)C	0.5
A-logD7.4-286	O(C)c1c2nccc(c2ccc1)-c1c2cc(ccc2n(CC(O)=O)c1C)C	0.5
A-logD7.4-288	Fc1ccc(cc1)CCCNC(=O)C1(CCCC1)C[C@@H](CCOC)C(O)=O	0.5
A-logD7.4-29	OC(=O)CC[C@H](NC(=O)c1ccc(N(Cc2nc3c(nc(nc3N)N)nc2)C)cc1)C(O)=O	-2.73
A-logD7.4-291	s1c2c(nc1CN1N=C(c3c(cccc3)C1=O)CC(O)=O)cc(cc2)C(F)(F)F	0.55
A-logD7.4-294	n1ccccc1	0.57
A-logD7.4-295	OC(C)(C)C=1C=Cn2c(ncc2)C=1	0.6
A-logD7.4-296	o1nc(nc1[C@H](CCCC1CCCCC1)CC(=O)NO)-c1nccc(c1)C(O)=O	0.6
A-logD7.4-298	Clc1cccc(C)c1CNC(=O)Nc1ccsc1-c1nc(C(O)=O)c(O)c(O)n1	0.6
A-logD7.4-299	o1nc(nc1-c1cc2c([nH]cc2CCN)cc1)C1CC1	0.6
A-logD7.4-300	Clc1cc2NC3=C(C(=O)c2cc1)C(=O)N(NC3=O)C(CC)c1ccncc1	0.6
A-logD7.4-301	O1[C@@H]2[C@]34C([C@H](N(CC3)C)Cc3c4c1c(O)cc3)C=C[C@@H]2OC(=O)C	0.61
A-logD7.4-304	Fc1ncc(cc1-c1ccc(nc1)C#N)[C@@H]1[C@@H]2N([C@@H](C1)CC2)C	0.64
A-logD7.4-306	OC=1C(=O)C=CN(CC(C)C)C=1C	0.65
A-logD7.4-308	O=Cc1[nH]c2c(c1)C(N(CC2C)C)C	0.69
A-logD7.4-309	Oc1cc2n(ncc2cc1)C[C@@H](N)C	0.693
A-logD7.4-310	OC=1C(=O)C=CN(CCC)C=1CC	0.7
A-logD7.4-311	OC=1C(=O)C=CN(CCCC)C=1C	0.7
A-logD7.4-312	Clc1cc2NC3=C(C(=O)c2cc1)C(=O)N(NC3=O)Cc1cc(ccc1)C(=O)N(OCC)C	0.7
A-logD7.4-313	[Na+].Fc1ccc(cc1)-c1n(\C=C\[C@@H](O)C[C@@H](O)CC(=O)[O-])c(nc1-c1ccc(F)cc1)C(C)C	0.72
A-logD7.4-315	OC=1C(=O)C=CN(CCCOCC)C=1CC	0.72
A-logD7.4-317	OC=1C(=O)C=CN(C(C)C)C=1CC	0.73
A-logD7.4-318	[Na+].Fc1ccc(cc1)-c1n(\C=C\[C@@H](O)C[C@@H](O)CC(=O)[O-])c(nc1-c1ccc(F)cc1)C(F)(F)F	0.73
A-logD7.4-319	[Cl-].Fc1cc2C3c4[n+](C(CC3(c3ccoc3)c3ccoc3)c2cc1)cccc4	0.75
A-logD7.4-322	O(C)c1ccc(cc1)C[C@H](NC[C@H](O)c1cc(NC=O)c(O)cc1)C	0.79
A-logD7.4-323	OC(=O)c1cc2n(CC(=O)N(C)C)c(c(c2nc1)C1CCCCC1)-c1ccccc1	0.8
A-logD7.4-326	n12c(ncc1)C=CC=C2	0.8
A-logD7.4-327	[Na+].Fc1ccc(cc1)-c1nc(n(\C=C\[C@@H](O)C[C@@H](O)CC(=O)[O-])c1C(C)C)-c1ccc(F)cc1	0.83
A-logD7.4-328	O1[C@@H]2[C@]34C([C@H](N(CC3)C)Cc3c4c1c(OC(=O)C)cc3)C=C[C@@H]2OC(=O)C	0.85
A-logD7.4-331	[Na+].Fc1cc(C)c(cc1)-c1n(\C=C\[C@@H](O)C[C@@H](O)CC(=O)[O-])c(nc1-c1ccc(F)cc1)C(C)C	0.86
A-logD7.4-332	N(Cc1ccccc1)C	0.86
A-logD7.4-333	O(C)c1ccc(cc1)C(CN(C)C)C1(O)CCCCC1	0.88
A-logD7.4-334	O=C1N(c2c(cccc2)C(=NC1NC(=O)Nc1cc(ccc1)C(O)=O)C1CCCCC1)C	0.89
A-logD7.4-335	O=C1N(c2c(cccc2)C(=N[C@H]1NC(=O)Nc1cc(Nc2nn[nH]n2)ccc1)c1ccccc1)C	0.89
A-logD7.4-336	Clc1cc2NC3=C(C(=O)c2cc1)C(=O)N(NC3=O)C(C)c1ccsc1	0.9
A-logD7.4-338	FC=1c2n(C=CC=1)ccn2	0.9
A-logD7.4-341	Fc1ncc(cc1-c1ccc(F)nc1)[C@@H]1[C@@H]2N([C@@H](C1)CC2)C	0.96
A-logD7.4-342	Clc1ccc(cc1)CNc1ccc(cc1)CCC(O)=O	0.98
A-logD7.4-345	Clc1cc2NC3=C(C(=O)c2cc1)C(=O)N(NC3=O)Cc1oc(C)c(c1)C	1
A-logD7.4-347	Clc1ccc(cc1)CCCNC(=O)C1(CCCC1)C[C@@H](CCOC)C(O)=O	1
A-logD7.4-351	OC=1C(=O)C=CN(C=1C)c1ccccc1	1.01
A-logD7.4-352	Clc1ccc(OCC(O)COC(=O)CCC(=O)\C=C\OC[C@H]2OC(O)[C@H](O)[C@@H](O)[C@@H]2O)cc1	1.04
A-logD7.4-354	OCCN(CCO)c1nnc(Nn2c(ccc2C)C)cc1	1.06
A-logD7.4-355	s1c2CCN(CCc2nc1N)CC=C	1.09
A-logD7.4-356	F[C@H]1C[C@H](N(C1)C(=O)Cc1cc(C)c(NC(=O)Nc2ccccc2C)cc1)COc1ccc(cc1)C(O)=O	1.09
A-logD7.4-357	Clc1c2n(ncc2ccc1O)C[C@@H](N)C	1.09
A-logD7.4-359	Fc1ccc(cc1)CNC(=O)\C(=C\c1ccccc1)\C(=O)NO	1.1
A-logD7.4-36	s1ccnc1-c1nc(C(O)=O)c(O)c(O)n1	-2.12
A-logD7.4-360	Clc1cc(Cl)ccc1C[C@@H](NC(=O)CCN)C(=O)N1CCN(CC1)c1ccccc1CNCCc1sccc1	1.1
A-logD7.4-361	O=C(N[C@H](CCc1ccccc1)C(=O)Nc1cc2c(nc1)cccc2)[C@@H]1NC[C@@H](N)C1	1.1
A-logD7.4-362	Clc1cc2NC3=C(C(=O)c2cc1)C(=O)N(NC3=O)Cc1ccc(NC(=O)N(C)C)cc1	1.1
A-logD7.4-363	Clc1cc2NC3=C(C(=O)c2cc1)C(=O)N(NC3=O)Cc1cc(ccc1)C(OC)=O	1.1
A-logD7.4-364	FC=1c2n(C=CC=1C(O)(C)C)ccn2	1.1
A-logD7.4-365	Oc1cc(ccc1)[C@H](N1C[C@H](N(C[C@@H]1C)Cc1ccccc1)C)c1ccc(cc1)CC(O)=O	1.1
A-logD7.4-366	OC(=O)c1nc2n(CC(=O)N(C)C)c(c(c2cc1)C1CCCCC1)-c1ccccc1	1.1
A-logD7.4-367	N(CCCC12CCC(c3c1cccc3)c1c2cccc1)C	1.12
A-logD7.4-369	O=C1N(c2c(cccc2)C(=N[C@H]1NC(=O)Nc1cc(N(C)c2nn[nH]n2)ccc1)c1ccccc1)C	1.14
A-logD7.4-370	O=[N+]([O-])c1[nH]c2c(c1)C(N(CC2C)C)C	1.14
A-logD7.4-371	Brc1cc(Cn2nc(cc2C)C(O)=O)c(OCc2ccccc2)cc1	1.15
A-logD7.4-372	Clc1cc2NC3=C(C(=O)c2cc1)C(=O)N(NC3=O)Cc1ccc(cc1)C(OC)=O	1.17
A-logD7.4-373	Clc1ccc(OCC(O)COC(=O)CCC(=O)\C=C\OC[C@H]2OC(O)[C@@H](O)[C@@H](O)[C@@H]2O)cc1	1.18
A-logD7.4-374	O1C2(OOC13CCN(CC3)C(=O)c1ccccc1C(O)=O)C1CC3CC2CC(C1)C3	1.2
A-logD7.4-375	Clc1cc2NC3=C(C(=O)c2cc1)C(=O)N(NC3=O)Cc1ccsc1	1.2
A-logD7.4-376	Fc1ccc(cc1)CNC(=O)C(Cc1ccccc1)C(=O)NO	1.2
A-logD7.4-378	Clc1cc2NC3=C(C(=O)c2cc1)C(=O)N(NC3=O)Cc1cc(ccc1)C(=O)NCCOC	1.2
A-logD7.4-379	O1C(=O)c2c(N=C1NC(C)C)cc(NC(=O)C)cc2	1.2
A-logD7.4-380	O=C1N(c2nc(nc(c2CC1(C)C)C)C)Cc1ccc(cc1)-c1ccccc1-c1nn[nH]n1	1.21
A-logD7.4-381	OC=1C(=O)C=CN(CCCC)C=1CC	1.22
A-logD7.4-382	S(=O)(=O)(Nc1ccc(cc1)-c1nc(on1)Cc1cc2c([nH]cc2CCN(C)C)cc1)C	1.22
A-logD7.4-384	OC=1C(=O)C=CN(CCCCC)C=1C	1.24
A-logD7.4-386	S(=O)(=O)(Nc1ccc(cc1)Cc1nc(on1)-c1cc2c([nH]cc2CCN(C)C)cc1)C	1.25
A-logD7.4-388	Clc1ncc(cc1-c1cc(F)ncc1)[C@@H]1[C@@H]2N([C@@H](C1)CC2)C	1.26
A-logD7.4-39	Fc1cc2c(N(C=C(C(O)=O)C2=O)c2ccccc2F)cc1N1CCNCC1	-1.99
A-logD7.4-390	O=C(Nc1c(cccc1C)C)C1N(CCCC1)C	1.27
A-logD7.4-393	O1C(=Nc2c(cccc2)C1=O)C	1.3
A-logD7.4-394	O(C)c1cc2CCN3[C@@H](C[C@H](N)[C@H](C3)c3cc(ccc3)C)c2cc1OC	1.3
A-logD7.4-395	FC(F)(F)c1c2nccc(c2ccc1)-c1c2cc(ccc2n(CC(O)=O)c1C)C	1.3
A-logD7.4-396	OC(=O)Cn1c2c(cc(cc2)C)c(-c2c3c(ncc2)c(ccc3)C)c1C	1.3
A-logD7.4-397	OC(CN(CCO)c1nnc(Nn2c(ccc2C)C)cc1)C	1.3
A-logD7.4-398	O(C)c1cc(ccc1)[C@H](N1C[C@H](N(C[C@@H]1C)Cc1ccccc1)C)c1cc2c(CCN(C2)C(=O)CC(O)=O)cc1	1.3
A-logD7.4-399	Clc1c2nccc(c2ccc1)-c1c2cc(ccc2n(CC(O)=O)c1C)C	1.3
A-logD7.4-400	Clc1cc2NC3=C(C(=O)c2cc1)C(=O)N(NC3=O)C(C)c1ccc(cc1)C(OC)=O	1.3
A-logD7.4-401	F[C@H]1C[C@H](N(C1)C(=O)Cc1cc(OC)c(NC(=O)Nc2ccccc2C)cc1)COc1ccc(cc1)C(O)=O	1.31
A-logD7.4-402	F[C@H]1C[C@H](N(C1)C(=O)Cc1cc(OC)c(NC(=O)Nc2ccccc2OC)cc1)COc1ccc(cc1)C(O)=O	1.31
A-logD7.4-407	N12CC(N3c4c(CCc5c3cccc5)cccc4)C(CC1)CC2	1.36
A-logD7.4-409	O=C1N(c2c(cccc2)C(=N[C@H]1NC(=O)Nc1cc(Nc2nn[nH]n2)c(cc1)C)c1ccccc1)C	1.37
A-logD7.4-412	O=C1N(c2c(cccc2)C(=N[C@H]1NC(=O)Nc1cc2N(CCc2cc1)c1nn[nH]n1)c1ccccc1)C	1.38
A-logD7.4-417	Clc1cc2NC3=C(C(=O)c2cc1)C(=O)N(NC3=O)C(C#Cc1ccccc1)C	1.4
A-logD7.4-419	O(CC(O)CNC(C)C)c1c2c(ccc1)cccc2O	1.4
A-logD7.4-421	Clc1cc(Cl)ccc1-c1nc(nc(N)c1CN)C	1.4
A-logD7.4-422	Clc1ccc(cc1)C(N1CCN(CC1)CCOCC(O)=O)c1ccccc1	1.45
A-logD7.4-423	Clc1cc2NC3=C(C(=O)c2cc1)C(=O)N(NC3=O)Cc1sccc1C	1.4
A-logD7.4-424	O=C1N(c2nc(nc(c2CC1)C(C)C)C)Cc1ccc(cc1)-c1ccccc1-c1nn[nH]n1	1.41
A-logD7.4-425	Clc1ncc(cc1-c1ccc(F)nc1)[C@@H]1[C@@H]2N([C@@H](C1)CC2)C	1.42
A-logD7.4-427	n1nc(Nn2c(ccc2C)C)ccc1N1CCNCC1	1.44
A-logD7.4-429	N(CCCN1c2c(CCc3c1cccc3)cccc2)C	1.45
A-logD7.4-430	Clc1cc2c(cc(S(=O)(=O)N[C@H]3CCN([C@H](C(=O)N4CC5CC(C4)CNC5)C)C3=O)cc2)cc1	1.47
A-logD7.4-431	Clc1sc(cc1)\C=C\S(=O)(=O)N[C@H]1CCN([C@H](C(=O)N2CCOCC2)C)C1=O	1.47
A-logD7.4-433	O=C1N(c2c(cccc2)C(=N[C@H]1NC(=O)Nc1cc(ccc1)CNc1nn[nH]n1)c1ccccc1)C	1.47
A-logD7.4-434	Clc1ccc(cc1)\C=C\S(=O)(=O)N[C@H]1CCN([C@H](C(=O)N2CCOCC2)C)C1=O	1.49
A-logD7.4-435	O(CC)c1ccccc1C[C@@H](N1CCNCC1)c1ccccc1	1.5
A-logD7.4-437	O(CC)c1ccccc1C[C@H](N1CCNCC1)c1ccccc1	1.5
A-logD7.4-438	Clc1cc2NC3=C(C(=O)c2cc1)C(=O)N(NC3=O)Cc1sccc1	1.52
A-logD7.4-44	S1(=O)(=O)N(CCN1C)Cc1cc2c([nH]cc2CCNC)cc1	-1.71
A-logD7.4-440	Oc1ccccc1	1.54
A-logD7.4-442	OC(CN(CC(O)C)c1nnc(Nn2c(ccc2C)C)cc1)C	1.55
A-logD7.4-443	Clc1ccccc1C1C(C(OCC)=O)=C(NC(C)=C1C(OC)=O)COCCN	1.67
A-logD7.4-444	O=C1N(c2c(cccc2)C(=N[C@H]1NC(=O)Nc1cc(N(C)c2nn[nH]n2)c(cc1)C)c1ccccc1)C	1.58
A-logD7.4-445	[nH]1c2CCN(Cc2cc1)Cc1ccccc1	1.59
A-logD7.4-446	Oc1cc(ccc1)[C@H](N1C[C@H](N(C[C@@H]1C)Cc1ccccc1)C)c1cc2c(CCN(C2)C(=O)C(O)=O)cc1	1.6
A-logD7.4-447	O1C(=O)c2c(N=C1N1CCCC1C(=O)N[C@@H](CC(C)C)C(=O)N)cc(N)cc2CC	1.6
A-logD7.4-448	O1C(=O)c2c(N=C1NC(C)C)cc(N)cc2CC	1.6
A-logD7.4-449	s1c2c(n(CC(=O)N(C)C)c(c2C2CCCCC2)-c2ccccc2)cc1C(O)=O	1.6
A-logD7.4-450	Clc1cc2nccc(c2cc1)-c1c2cc(ccc2n(CC(O)=O)c1C)C	1.6
A-logD7.4-451	Clc1cc(Cl)ccc1-c1nc(OC)nc(N)c1CN	1.6
A-logD7.4-452	Clc1ccc(cc1)C(=O)n1c2c(cc(OC)cc2)c(CC(O)=O)c1C	1.61
A-logD7.4-453	Clc1cc(ccc1NC(=O)Nc1ccccc1C)CC(=O)N1C[C@@H](F)C[C@H]1COc1ccc(cc1)C(O)=O	1.61
A-logD7.4-454	Clc1sc2S(=O)(=O)N=C(Nc2c1)NC(C)C	1.63
A-logD7.4-455	O(C)c1ccc(cc1)C[C@H](NC(N)=N)C(=O)N1CCC[C@H]1C(=O)N[C@@H](Cc1c2c([nH]c1)cccc2)C(=O)N[C@@H](Cc1ccccc1)C(=O)N	1.63
A-logD7.4-456	Brc1ccccc1NC(=O)Nc1ccc(cc1C)CC(=O)N1C[C@@H](F)C[C@H]1COc1ccc(cc1)C(O)=O	1.64
A-logD7.4-457	O1CCN(CC1)c1nnc(N(n2c(ccc2C)C)C(=O)C)cc1	1.64
A-logD7.4-458	Oc1ccc(cc1)C[C@H](NC(=O)[C@@H](NC(=O)[C@H]1N(CCC1)C(=O)[C@@H](NC(=O)C)Cc1ccccc1)Cc1ccccc1)C(=O)N	1.64
A-logD7.4-462	O(CC(O)CNC(C)C)c1c2c(ccc1O)cccc2	1.66
A-logD7.4-464	Brc1cc(ccc1NC(=O)Nc1ccccc1C)CC(=O)N1C[C@@H](F)C[C@H]1COc1ccc(cc1)C(O)=O	1.68
A-logD7.4-465	Clc1ccccc1NC(=O)Nc1ccc(cc1C)CC(=O)N1C[C@@H](F)C[C@H]1COc1ccc(cc1)C(O)=O	1.69
A-logD7.4-466	O1C(=O)c2c(N=C1NC)cccc2	1.7
A-logD7.4-467	n1nc(Nn2c(ccc2C)C)ccc1N(CC=C)CC=C	1.7
A-logD7.4-468	Clc1cc(ccc1Cl)[C@]1(CCC(=O)N(C1)CC1CC1)CCN1CC(N2CCN(S(=O)(=O)N)CC2)C1	1.7
A-logD7.4-469	OC1CCN(CC1)c1nnc(Nn2c(ccc2C)C)cc1	1.7
A-logD7.4-47	OC=1C(=O)C=CN(C(CO)CO)C=1C	-1.7
A-logD7.4-470	Clc1cc2NC3=C(C(=O)c2cc1)C(=O)N(NC3=O)C(C#Cc1ccncc1)C	1.7
A-logD7.4-471	Clc1cc2nccc(-n3c4c(cc(OC)cc4)c(CC(O)=O)c3C)c2cc1	1.7
A-logD7.4-472	O1C(=O)c2c(N=C1NCCCC)cc(N)cc2	1.7
A-logD7.4-473	OC(CN(C)c1nnc(Nn2c(ccc2C)C)cc1)C	1.73
A-logD7.4-476	O1c2c(OCC1c1[nH]ccn1)cccc2	1.76
A-logD7.4-477	Brc1ccccc1NC(=O)Nc1ccc(cc1OC)CC(=O)N1C[C@@H](F)C[C@H]1COc1ccc(cc1)C(O)=O	1.76
A-logD7.4-478	o1cc(cc1)C1(C2c3cc(ccc3C([n+]3c2cccc3)C1)C(O)=O)c1ccoc1	1.76
A-logD7.4-482	Clc1cc2NC3=C(C(=O)c2cc1)C(=O)N(NC3=O)CC#Cc1ccccc1	1.78
A-logD7.4-483	N1[C@@H]2Cc3c(cccc3)[C@]1(c1c2cccc1)C	1.79
A-logD7.4-484	Clc1cc2c(cc(S(=O)(=O)N[C@H]3CCN([C@H](C(=O)N4CCOCC4)C)C3=O)cc2)cc1	1.79
A-logD7.4-485	FC(F)(F)c1cc2nccc(c2cc1)-c1c2cc(ccc2n(CC(O)=O)c1C)C	1.8
A-logD7.4-488	FC(F)(F)c1cc2c(nccc2-c2c3cc(ccc3n(CC(O)=O)c2C)C)cc1	1.8
A-logD7.4-49	OC=1C(=O)C=CN(CCC(O)=O)C=1CC	-1.6
A-logD7.4-490	O1C(=Nc2c(cc(cc2)C)C1=O)C	1.8
A-logD7.4-491	Clc1ccccc1CC(N1CCNCC1)c1ccccc1	1.8
A-logD7.4-494	Clc1cc2sc(S(=O)(=O)N[C@H]3CCN([C@H](C(=O)N4CCOCC4)C)C3=O)cc2cc1	1.85
A-logD7.4-495	Clc1ccccc1NC(=O)Nc1ccc(cc1OC)CC(=O)N1C[C@@H](F)C[C@H]1COc1ccc(cc1)C(O)=O	1.87
A-logD7.4-496	O=[N+]([O-])c1ccccc1	1.88
A-logD7.4-498	OC=1C(=O)C=CN(CCCCCC)C=1C	1.89
A-logD7.4-501	[Tc-]123(SCCN1C(=O)C[N+]2(CCS3)CCNCCCC)[OH2+]	1.9
A-logD7.4-502	Clc1cc2NC3=C(C(=O)c2cc1)C(=O)N(NC3=O)C(C#Cc1ccsc1)C	1.9
A-logD7.4-503	FC(F)(F)C=1OC(=O)c2c(N=1)cccc2	1.9
A-logD7.4-506	O1c2c(OCC1Cc1[nH]ccn1)cccc2	1.92
A-logD7.4-507	O1c2c(OCC1Cc1nccn1C)cccc2	1.93
A-logD7.4-508	O1CCN(CC1)c1nnc(Nn2c(ccc2C)C)cc1	1.94
A-logD7.4-509	Fc1ccc(cc1)C1(OCc2c1ccc(c2)C#N)CCCN(C)C	1.94
A-logD7.4-510	n1nc(Nn2c(ccc2C)C)ccc1N1CCN(CC1)C	1.94
A-logD7.4-511	O(c1cc(ccc1)CNc1ccc(cc1)CCC(O)=O)c1ccccc1	1.95
A-logD7.4-513	O1c2c(OCC1CCc1[nH]ccn1)cccc2	1.99
A-logD7.4-515	O1CCN(CC1)c1nnc(N(n2cccc2)C)cc1	2
A-logD7.4-516	Clc1cc2NC3=C(C(=O)c2cc1)C(=O)N(NC3=O)C(C)c1oc2c(c1)cccc2	2
A-logD7.4-517	Clc1cc2NC3=C(C(=O)c2cc1)C(=O)N(NC3=O)Cc1sc2c(c1)cccc2	2
A-logD7.4-519	O1C(=O)c2c(N=C1NCc1ccc(N)cc1)cccc2	2
A-logD7.4-521	S(=O)(=O)(Nc1cc2[nH]cc(c2cc1)-c1ccncc1)c1ccccc1	2.01
A-logD7.4-523	N(CCC=C1c2c(CCc3c1cccc3)cccc2)C	2.02
A-logD7.4-524	Clc1sc(cc1)-c1sc(S(=O)(=O)N[C@H]2CCN([C@H](C(=O)N3CCOCC3)C)C2=O)cc1	2.03
A-logD7.4-525	O(CCN(CCOC)c1nnc(Nn2c(ccc2C)C)cc1)C	2.06
A-logD7.4-526	O(C)c1cc2c(nccc2[C@H](O)C2N3CC(C(C2)CC3)C=C)cc1	2.14
A-logD7.4-527	Clc1cc2cc(sc2cc1)S(=O)(=O)N[C@H]1CCN([C@H](C(=O)N2CCOCC2)C)C1=O	2.07
A-logD7.4-529	O(C)c1ccccc1	2.09
A-logD7.4-53	OC=1C(=O)C=CN(CCN)C=1C	-1.55
A-logD7.4-530	o1nc(nc1[C@H](CCCC1CCCCC1)CC(=O)NO)C1=CNC(=O)NC1=O	2.1
A-logD7.4-531	O(C(C)(C)C)C(=O)N[C@@H](Cc1ccccc1)C(=O)N[C@@H](Cc1nc[nH]c1)C(=O)NC(C(O)CC(=O)N[C@@H](CC(C)C)C(=O)NCCN=C(N)N)CC(C)C	2.1
A-logD7.4-532	Oc1cc(ccc1)[C@H](N1C[C@H](N(C[C@@H]1C)Cc1ccccc1)C)c1cc2c(CCN(C2)CCC(O)=O)cc1	2.1
A-logD7.4-533	O1C(=Nc2c(cccc2C)C1=O)C	2.1
A-logD7.4-534	Oc1cc(ccc1)[C@H](N1C[C@H](N(C[C@@H]1C)Cc1ccccc1)C)c1ccc(cc1)CCC(O)=O	2.1
A-logD7.4-535	Clc1sc(cc1)-c1sc(S(=O)(=O)N[C@H]2CCN([C@H](C(=O)N3CCOCC3)C)C2=O)nc1	2.1
A-logD7.4-536	Clc1cc2NC3=C(C(=O)c2cc1)C(=O)N(NC3=O)Cc1oc2c(c1)cccc2	2.1
A-logD7.4-537	Oc1cc(ccc1)[C@H](N1C[C@H](N(C[C@@H]1C)Cc1ccccc1)C)c1cc2c(CCN(C2)CC(O)=O)cc1	2.1
A-logD7.4-539	c1ccccc1	2.13
A-logD7.4-540	O(CCN(C)c1nnc(Nn2c(ccc2C)C)cc1)C	2.16
A-logD7.4-542	Brc1cc(ccc1NC(=O)Nc1ccccc1Cl)CC(=O)N1C[C@@H](F)C[C@H]1COc1ccc(cc1)C(O)=O	2.17
A-logD7.4-543	FC(F)(F)c1cc(cc(c1)C(F)(F)F)COCC(N1CCN(CC1)CCOCC(O)=O)c1ccccc1	2.17
A-logD7.4-544	n1nc(Nn2c(ccc2C)C)ccc1N(C)C	2.18
A-logD7.4-545	Clc1sc(cc1)-c1sc(S(=O)(=O)N[C@H]2CCN([C@H](C(=O)N3CCOCC3)C)C2=O)cn1	2.18
A-logD7.4-547	S(=O)(=O)(C)c1ccc(cc1)CC(=O)N(CC)C1CCN(CC1)CC[C@@H](c1cc(F)cc(F)c1)c1ccc(S(=O)(=O)C)cc1	2.2
A-logD7.4-549	O1CCN(CC1)c1nnc(N(n2c(ccc2C)C)C)cc1	2.21
A-logD7.4-55	OC[C@H](NC(=O)C)C(=O)N([C@@H](Cc1ccccc1)C(=O)NCC(=O)NCC(=O)N)C	-1.51
A-logD7.4-552	O1Cc2c(cccc2)C(c2c1cccc2)=CCCN(C)C	2.22
A-logD7.4-554	n1c2c(ccc1\C=C\C)cccc2	2.23
A-logD7.4-556	Clc1sc(cc1)-c1ncc(S(=O)(=O)N[C@H]2CCN([C@H](C(=O)N3CCOCC3)C)C2=O)cc1	2.24
A-logD7.4-558	Clc1c(cc(cc1C)-c1nc(n(\C=C\[C@@H](O)C[C@@H](O)CC(=O)[O-])c1-c1ccc(F)cc1)C(C)C)C.[Na+]	2.27
A-logD7.4-559	Fc1ccc(cc1)[C@@H]1CCNC[C@H]1COc1cc2OCOc2cc1	2.27
A-logD7.4-560	Clc1cc(ccc1NC(=O)Nc1ccccc1Cl)CC(=O)N1C[C@@H](F)C[C@H]1COc1ccc(cc1)C(O)=O	2.27
A-logD7.4-562	Brc1cc(ccc1NC(=O)Nc1ccccc1Br)CC(=O)N1C[C@@H](F)C[C@H]1COc1ccc(cc1)C(O)=O	2.28
A-logD7.4-563	S(=O)(=O)(NCc1nc(on1)[C@H](CCCC1CCCCC1)CC(=O)NO)C	2.3
A-logD7.4-564	O1C(=O)c2c(N=C1NC)cccc2C	2.3
A-logD7.4-566	Clc1cc(ccc1Cl)[C@@H]1CC[C@H](NC)c2cc(S(=O)(=O)N)ccc12	2.3
A-logD7.4-567	S(=O)(=O)(CCN1CCC2(OC3(OO2)C2CC4CC3CC(C2)C4)CC1)CC	2.3
A-logD7.4-569	Clc1cc(ccc1Cl)[C@@H]1CC[C@H](NC)c2cc(ccc12)C(=O)N	2.3
A-logD7.4-570	Clc1cc(ccc1Cl)[C@]1(CCC(=O)N(C1)CC1CC1)CCN1CC(N2CCOCC2)C1	2.3
A-logD7.4-571	O(C)c1cc(ccc1)[C@H](N1C[C@H](N(C[C@@H]1C)Cc1ccccc1)C)c1cc2c(CCN(C2)CCC(O)=O)cc1	2.3
A-logD7.4-572	O1C(=O)c2c(N=C1NCCCC(OCC)=O)cccc2	2.3
A-logD7.4-574	Oc1cc(ccc1)[C@H](N1C[C@H](N(C[C@@H]1C)Cc1ccccc1)C)c1ccc(cc1)-c1ccccc1C(O)=O	2.3
A-logD7.4-575	O1c2c(OCC1Cc1nccn1CC)cccc2	2.31
A-logD7.4-576	O=C(NC1CCN(CC1)CCc1c2c([nH]c1)cccc2)c1ccccc1	2.31
A-logD7.4-578	Brc1cc(Cl)c(NC=2NCCN=2)c(Cl)c1	2.31
A-logD7.4-579	O(C)c1cc(c2c(nc(nc2)Nc2ccc(N3CCNCC3)cc2)c1C1CCCC1)C	2.32
A-logD7.4-580	Brc1ccccc1NC(=O)Nc1ccc(cc1Cl)CC(=O)N1C[C@@H](F)C[C@H]1COc1ccc(cc1)C(O)=O	2.34
A-logD7.4-581	FC(F)(F)c1cc(cc(c1)C(F)(F)F)COCC(N1CCN(CC1)CC(O)=O)c1ccccc1	2.35
A-logD7.4-582	O=C(N(C)C)Cc1n2C=C(C=Cc2nc1-c1ccc(cc1)C)C	2.35
A-logD7.4-583	O([C@]([C@@H](CN(C)C)C)(Cc1ccccc1)c1ccccc1)C(=O)CC	2.48
A-logD7.4-585	[Tc-]12(SCC[N+]1(CCS2)CCN(C)C)(Sc1ccc(OC)cc1)[OH2+]	2.38
A-logD7.4-586	[Tc-]12(SCC[N+]1(CCS2)CCN(CC)CC)(SCc1ccccc1)[OH2+]	2.38
A-logD7.4-587	Clc1sc2S(=O)(=O)N=C(Nc2c1)N[C@@H](CC)C	2.4
A-logD7.4-588	O1c2c(OCC1Cc1nccn1CCC)cccc2	2.4
A-logD7.4-589	O1C(=O)c2c(N=C1NCCC)cccc2	2.4
A-logD7.4-590	O1C(=O)c2c(N=C1NC(C)C)cccc2	2.4
A-logD7.4-591	O(CC(CCC)(COC(=O)N)C)C(=O)NC(C)C	2.4
A-logD7.4-592	O1C(=O)c2c(N=C1NC(C)C)cc(NCC)cc2	2.4
A-logD7.4-594	Clc1cc(F)c(Nc2ncnc3c2cc(OC)c(OCCCN2CCN(CC2)C)c3)cc1	2.4
A-logD7.4-595	O1CCN(CC1)CCn1nc2c(nc(nc2O)-c2cc(cnc2OCCCC)C(=O)C)c1CC	2.4
A-logD7.4-596	Clc1cc2NC3=C(C(=O)c2cc1)C(=O)N(NC3=O)C(C#Cc1sccc1)C	2.4
A-logD7.4-597	FC(F)(F)c1ccc(cc1)/C(=N/OCCN)/CCCCOC	2.41
A-logD7.4-598	Clc1cc(ccc1Cl)[C@]1(CCN(C1)C(=O)c1cc(OC)c(OC)c(OC)c1)CCN1CCC(CC1)(C(=O)N1CCN(CC1)C)c1cccnc1	2.41
A-logD7.4-599	FC(F)(F)c1cc(cc(c1)C(F)(F)F)COCC(N1CCNCC1)c1ccccc1	2.41
A-logD7.4-601	Clc1sc2S(=O)(=O)N=C(Nc2c1)NCCC	2.42
A-logD7.4-602	O=C(N[C@@H](Cc1ccccc1)C(=O)N[C@@H](CC(C)C)C(=O)N[C@@H](C(C)C)C(=O)N([C@@H](CC(C)C)C(=O)N)C)C	2.42
A-logD7.4-603	n1nc(Nn2c(ccc2C)C)ccc1N1CCCC1	2.45
A-logD7.4-605	S1c2c(N(c3c1cccc3)CCCN(C)C)cccc2	2.48
A-logD7.4-606	N(CCCN1c2c(CCc3c1cccc3)cccc2)(C)C	2.49
A-logD7.4-607	O(CCCOc1ccccc1)c1cc(ccc1)CCNC[C@H](O)c1cc(NC=O)c(O)cc1	2.49
A-logD7.4-61	OC=1C(=O)C=CN(CCCC(O)=O)C=1CC	-1.38
A-logD7.4-610	Clc1cc2c(-n3c(CN=C2c2ccccc2F)cnc3C)cc1	2.5
A-logD7.4-611	OC(=O)c1cc-2nc(c(c-2[nH]c1)C1CCCCC1)-c1ccccc1	2.5
A-logD7.4-612	O(CCC)c1ncc(cc1-c1nc(O)c2nn(c(c2n1)CC)C1CN(C1)C(C)C)C(=O)C	2.5
A-logD7.4-613	O(C)c1cc(ccc1)[C@H](N1C[C@H](N(C[C@@H]1C)Cc1ccccc1)C)c1cc2c(CCN(C2)CC(O)=O)cc1	2.5
A-logD7.4-614	Brc1cc(Br)cc(Br)c1NC=1NCCN=1	2.51
A-logD7.4-618	[Tc-]12(SCC[N+]1(CCS2)CCN(CC)CC)(SCc1ccc(cc1)C(C)(C)C)[OH2+]	2.53
A-logD7.4-619	[Tc-]12(SCC[N+]1(CCS2)CCN(CC)CC)(Sc1ccc(OC)cc1)[OH2+]	2.59
A-logD7.4-62	Oc1ccc(cc1)CC(NC(=O)C(N)Cc1c2c([nH]c1)cccc2)C(O)=O	-1.38
A-logD7.4-620	O1[C@H]([C@H]1C)C1=Nc2c(-n3c1ccc3)cccc2	2.55
A-logD7.4-621	[Tc-]12(SCC[N+]1(CCS2)CCN(CC)CC)(Sc1cc(OC)ccc1)[OH2+]	2.58
A-logD7.4-622	O1CC(N(C(C1)C)c1nnc(Nn2c(ccc2C)C)cc1)C	2.59
A-logD7.4-623	Clc1cc(ccc1Cl)[C@]1(CCN(C1)C(=O)c1cc(OC)c(OC)c(OC)c1)CCN1CCC(CC1)(C(=O)N)c1cccnc1	2.59
A-logD7.4-624	O1C(=O)c2c(N=C1NC(C(OC)=O)c1ccccc1)cccc2	2.6
A-logD7.4-625	O1C2(OOC13CCN(CC3)C(=O)N1CCN(CC1)C)C1CC3CC2CC(C1)C3	2.6
A-logD7.4-626	o1nc(nc1[C@H](CCCC1CCCCC1)CC(=O)NO)C(=O)N	2.6
A-logD7.4-627	O1C(=O)c2c(N=C1N[C@@H]([C@H](CC)C)C(OC)=O)cccc2	2.6
A-logD7.4-628	[Tc-]12(SCC[N+]1(CCS2)CCN(CC)CC)(Sc1ccccc1OC)[OH2+]	2.6
A-logD7.4-629	o1nc(nc1[C@H](CCCC1CCCCC1)CC(=O)NO)CNC(CO)(C)C	2.6
A-logD7.4-630	Brc1cc(F)c(Nc2ncnc3c2cc(OC)c(OCC2CCN(CC2)C)c3)cc1	2.6
A-logD7.4-632	O(CCCC)c1ncc(cc1-c1nc(O)c2nn(Cc3nccn3C)c(c2n1)CC)C(=O)C	2.6
A-logD7.4-633	[Tc-]12(SCC[N+]1(CCS2)CCN(CC)CC)(SCc1ccc(OC)cc1)[OH2+]	2.61
A-logD7.4-634	O1[C@H]([C@@H]1C)C1=Nc2c(-n3c1ccc3)cccc2	2.61
A-logD7.4-635	O=C1N(CCCCN2CCN(CC2)c2ncccn2)C(=O)CC2(C1)CCCC2	2.61
A-logD7.4-637	N(CCC=C1c2c(CCc3c1cccc3)cccc2)(C)C	2.83
A-logD7.4-639	[Tc-]12(SCC[N+]1(CCS2)CCN(CC)CC)(Sc1ccccc1)[OH2+]	2.63
A-logD7.4-640	Clc1cc(ccc1Cl)[C@]1(CCN(C1)C(=O)c1cc(OC)c(OC)c(OC)c1)CCN1CCC(CC1)(C(=O)N)c1ccncc1	2.64
A-logD7.4-641	FC(F)(F)c1cc(cc(c1)[C@@H](OC[C@@H](N1CCN(CC1)CCOCC(O)=O)c1ccccc1)C)C(F)(F)F	2.64
A-logD7.4-642	[Tc-]12(SCC[N+]1(CCS2)CCN(CC)CC)(Sc1cc(C)c(cc1)C)[OH2+]	2.65
A-logD7.4-643	S1Cc2c(cccc2)\C(\c2c1cccc2)=C\CCN(C)C	2.66
A-logD7.4-644	[Tc-]12(SCC[N+]1(CCS2)CCN(CC)CC)(Sc1cc2c(cc1)cccc2)[OH2+]	2.66
A-logD7.4-645	[Tc-]12(SCC[N+]1(CCS2)CCN(CC)CC)(Sc1ccc(cc1)C)[OH2+]	2.66
A-logD7.4-647	Oc1ccc(cc1)C(=O)Nc1cc(NC(=O)c2cc(N(C)C)ccc2)ccc1C	2.7
A-logD7.4-648	O1CCN(CC1)CCCOc1cc2ncnc(Nc3cnc(nc3)NC(=O)c3ccccc3)c2cc1OC	2.7
A-logD7.4-649	O1C2(OOC13CCN(CC3)Cc1ccncc1)C1CC3CC2CC(C1)C3	2.7
A-logD7.4-65	O=C(N([C@@H](CC(C)C)C(=O)N)C)CNC(=O)[C@@H](N(C(=O)[C@@H](NC(=O)C)CCCCN)C)Cc1ccccc1	-1.33
A-logD7.4-650	[Tc-]12(SCC[N+]1(CCS2)CCN(CC)CC)(Sc1ccc(cc1)CC)[OH2+]	2.7
A-logD7.4-651	O1C(=O)c2c(N=C1OCC)cc(N)cc2CC	2.7
A-logD7.4-652	FC(F)(F)c1cc(cc(c1)C(F)(F)F)COCC(N1CCN(CC1)CCCCc1nn[nH]n1)c1ccccc1	2.71
A-logD7.4-653	O1CCN(CC1)c1nnc(Nn2c(ccc2CC)CC)cc1	2.71
A-logD7.4-655	n1nc(Nn2c(ccc2C)C)ccc1N(CC)CC	2.73
A-logD7.4-657	O(NC(=O)Nc1cc2n(cc(c2cc1)C#N)C)Cc1ccccc1	2.74
A-logD7.4-659	Clc1c(csc1C(=O)Nc1c(cc(Cl)cc1OC)C(=O)Nc1ncc(Cl)cc1)CN1CCN(CC1)C	2.75
A-logD7.4-66	O1c2c(ccc(O[C@@H]3O[C@H](C(O)=O)[C@@H](O)[C@H](O)[C@H]3O)c2)C(=CC1=O)C	-1.32
A-logD7.4-660	O(CCCCc1ccccc1)c1ccc(cc1)CCNC[C@H](O)c1cc(NC=O)c(O)cc1	2.76
A-logD7.4-661	[Tc-]12(SCC[N+]1(CCS2)CC)(Sc1ccc(OC)cc1)[OH2+]	2.77
A-logD7.4-662	Ic1ccc(S[Tc-]23(SCC[N+]2(CCS3)CCN(CC)CC)[OH2+])cc1	2.77
A-logD7.4-663	Clc1ccccc1-c1nc(cc2c1cccc2)C(=O)N(C(CC)C)C	2.78
A-logD7.4-666	Brc1cc(Br)cc(C(F)(F)F)c1NC=1NCCN=1	2.8
A-logD7.4-667	O(CCCC)c1ncc(cc1-c1nc(O)c2nn(c(c2n1)CC)C1CN(C1)CC)C(=O)C	2.8
A-logD7.4-668	O(COC)C1CCN(CC1)C(=O)[C@@H](N[C@@H](CCCC)C(=O)N[C@H]([C@@H](O)C[C@@H](C(C)C)C(=O)NCCCN(C)C)CC1CCCCC1)Cc1ccccc1	2.8
A-logD7.4-669	Clc1cc(ccc1Cl)[C@@H]1CC[C@H](NC)c2cc(ccc12)C(=O)NC	2.8
A-logD7.4-670	Clc1cc(ccc1Cl)[C@@H]1CC[C@H](NC)c2cc(S(=O)(=O)NC)ccc12	2.8
A-logD7.4-671	O1C(=Nc2c(cc3c(c2)cccc3)C1=O)C	2.8
A-logD7.4-672	O1C(=O)c2c(N=C1NCc1ccccc1)cccc2	2.8
A-logD7.4-673	[nH]1cc(c2c1cccc2)-c1ccncc1	2.81
A-logD7.4-674	[Tc-]12(SCC[N+]1(CCS2)CCOC)(Sc1ccc(OC)cc1)[OH2+]	2.81
A-logD7.4-675	[Tc-]12(SCC[N+]1(CCS2)CCN(CC)CC)(Sc1ccc(cc1)C(C)C)[OH2+]	2.83
A-logD7.4-677	FC(F)(F)c1ccc(OC(CCNC)c2ccccc2)cc1	2.84
A-logD7.4-678	S1c2c(N(c3c1cccc3)CC(N(C)C)C)cccc2	2.85
A-logD7.4-679	[Tc-]12(SCC[N+]1(CCS2)CCN(CC)CC)(Sc1ccc(Br)cc1)[OH2+]	2.87
A-logD7.4-680	Clc1ccccc1	2.87
A-logD7.4-682	FC(F)(F)C=1OC(=O)c2c(N=1)cccc2C	2.9
A-logD7.4-683	FC(F)(C(F)(F)C(F)(F)F)C=1OC(=O)c2c(N=1)cccc2C	2.9
A-logD7.4-684	O(C)c1ccccc1COCCCOc1ccc(N2[C@H](CNCC2=O)COCc2cccnc2)cc1	2.9
A-logD7.4-685	n1c(nc(NC2CC2)c(C)c1N1CCCCCC1)C1CC1	2.9
A-logD7.4-687	Clc1ccc2OCOc2c1Nc1ncnc2c1c(OC1CCN(CC1)C)cc(OC)c2	2.9
A-logD7.4-688	Clc1ccc2OCOc2c1Nc1ncnc2c1c(OC1CCOCC1)cc(OCCN1CCN(CC1)C)c2	2.9
A-logD7.4-689	O(CCCC)c1nc2c(cccc2)c(c1)C(=O)NCCN(CC)CC	2.91
A-logD7.4-690	N(CCC=C1c2c(C=Cc3c1cccc3)cccc2)(C)C	2.92
A-logD7.4-691	O=C(N(C)c1ccccc1)Nc1cc2[nH]cc(c2cc1)-c1ccncc1	2.93
A-logD7.4-692	Fc1ccc(cc1)C(=O)CCCN1CCN(CC1)c1ccccc1OC	2.93
A-logD7.4-693	Clc1cc2c(cc(S(=O)(=O)N[C@H]3CCN([C@H](C(=O)N4C5CCC(CC5)C4)C)C3=O)cc2)cc1	2.94
A-logD7.4-694	Clc1c(csc1C(=O)Nc1ccc(Cl)cc1C(=O)Nc1ccc(Cl)cc1)CN1CCN(CC1)C	2.96
A-logD7.4-695	Clc1cc(N2CCN(CC2)CCCN2N=C3N(C=CC=C3)C2=O)ccc1	2.97
A-logD7.4-696	[Tc-]12(SCC[N+]1(CCS2)CCN(CC)CC)(Sc1ccc(cc1)C(C)(C)C)[OH2+]	2.97
A-logD7.4-697	O(C)c1cc(ccc1OC)CCC1=Nc2c(-n3c1ccc3)cccc2	2.97
A-logD7.4-699	[Tc-]12(SCC[N+]1(CCS2)CCN(CC)CC)(Sc1ccc(cc1)CCCC)[OH2+]	2.99
A-logD7.4-70	Fc1cc2c(N(C=C(C(O)=O)C2=O)c2ccc(F)cc2)cc1N1CCNCC1	-1.18
A-logD7.4-703	O1C(=O)c2c(N=C1NC(C)C)cccc2C	3
A-logD7.4-708	S(CC)C=1OC(=O)c2c(N=1)cccc2	3
A-logD7.4-71	S(=O)(=O)(NC)Cc1cc2c([nH]cc2CCN(C)C)cc1	-1.17
A-logD7.4-711	O1C(=O)c2c(N=C1N1CCCCC1)cccc2	3
A-logD7.4-715	O(Cc1[nH]c(nc1C(=O)Nc1cc(ccc1)C(O)=O)-c1c(cc(cc1C)C)C)C12CC3CC(C1)CC(C2)C3	3.02
A-logD7.4-716	Clc1cc(ccc1Cl)[C@]1(CCN(C1)C(=O)c1cc(OC)c(OC)c(OC)c1)CCN1CCC(CC1)(C(=O)N1CCOCC1)c1ccccc1	3.02
A-logD7.4-717	Clc1cc(ccc1Cl)[C@]1(CCN(C1)C(=O)c1cc(OC)c(OC)c(OC)c1)CCN1CCC(CC1)(C(=O)N)c1ccccc1	3.02
A-logD7.4-718	n1-2c(ccc1)C(=Nc1c-2cccc1)C=C	3.08
A-logD7.4-719	O=C(c1ccccc1)c1ccccc1	3.1
A-logD7.4-720	O1C(=O)c2c(N=C1Nc1ccccc1)cccc2OC	3.1
A-logD7.4-721	Clc1cc(ccc1Cl)[C@@H]1CC[C@H](NC)c2c1cccc2	3.1
A-logD7.4-723	O1C(=O)c2c(N=C1NCCCC)cccc2	3.1
A-logD7.4-726	Clc1c(csc1C(=O)Nc1ccc(Cl)cc1C(=O)Nc1ncc(Cl)cc1)CN1CCN(CC1)C	3.11
A-logD7.4-728	n1nc(Nn2c(ccc2C)C)ccc1N1CCCCC1	3.13
A-logD7.4-729	Clc1sc2S(=O)(=O)N=C(Nc2c1)NCC(CC)C	3.14
A-logD7.4-731	O1C(=O)c2c(N=C1N[C@@H](CC(C)C)C(OC)=O)cccc2	3.2
A-logD7.4-732	O1C(=O)c2c(N=C1NC(C)C)cc(cc2)CC	3.2
A-logD7.4-733	O1C(=O)c2c(N=C1N[C@H](CC(C)C)C(OC)=O)cccc2	3.2
A-logD7.4-734	s1c(cnc1Nc1ncnc2c1cc(OC)c(OCCCN1CCC(CC1)CO)c2)CC(=O)Nc1cc(F)ccc1	3.2
A-logD7.4-735	O1C(=O)c2c(N=C1NCCc1ccccc1)cccc2	3.2
A-logD7.4-736	Clc1cc2N(c3c(Sc2cc1)cccc3)CCCN(C)C	3.34
A-logD7.4-737	Clc1cc2N(c3c(CCc2cc1)cccc3)CCCN(C)C	3.28
A-logD7.4-738	FC(F)(F)c1cc(cc(c1)C(F)(F)F)COC[C@H](N1CCN(CC1)CC(=O)N)c1ccccc1	3.26
A-logD7.4-739	O1c2c(OCC1Cc1[nH]c3c(n1)cccc3)cccc2	3.29
A-logD7.4-740	n1c2c(cc3c1cccc3)cccc2	3.29
A-logD7.4-743	n1-2c(ccc1)C(=Nc1c-2cccc1)\C=C/C	3.3
A-logD7.4-744	O(C)c1cc2c(cc(cc2)CCC(=O)C)cc1	3.3
A-logD7.4-748	n1-2c(ccc1)C(=Nc1c-2cccc1)CCC	3.35
A-logD7.4-749	Ic1cc(cc(I)c1OCCN1CCOCC1)C(=O)c1c2c(oc1CCCC)cccc2	4.76
A-logD7.4-752	O1[C@H](/C(=C/[C@H]2C[C@@H](OC)[C@H](O)[C@H](O)C2)/C)[C@H](C)[C@@H](O)CC(=O)[C@@H](\C=C(\C[C@@H](C[C@H](OC)[C@H]2O[C@](O)([C@@H](C[C@@H]2OC)C)C(=O)C(=O)N2[C@@H](CCCC2)C1=O)C)/C)CC	3.4
A-logD7.4-754	Clc1cc(F)c(Nc2ncnc3c2cc(OC)c(OCCCN2CCOCC2)c3)cc1	3.4
A-logD7.4-757	O(C)c1cc2N=C(c3n(-c2cc1)ccc3)CCC	3.4
A-logD7.4-758	s1c2c([nH]c(c2C2CCCCC2)-c2ccccc2)cc1C(O)=O	3.4
A-logD7.4-759	n1-2c(ccc1)C(=Nc1c-2cccc1)\C=C\C	3.44
A-logD7.4-761	O(C)c1cc2N=C(c3n(-c2cc1)ccc3)\C=C\C	3.47
A-logD7.4-762	O(C)c1cc2-n3c(ccc3)C(=Nc2cc1)\C=C\C	3.48
A-logD7.4-763	Clc1cc2c(Oc3c(N=C2N2CCNCC2)cccc3)cc1	3.48
A-logD7.4-764	O1C(=O)c2c(N=C1Nc1ccccc1)cccc2	3.5
A-logD7.4-765	O1C(=O)c2c(N=C1NC1CCCCC1)cccc2	3.5
A-logD7.4-766	O1CCN(CC1)c1nccc(c1)C(=O)Nc1cc(Nc2ncnc3c2cc(OCCN(C(C)C)C(C)C)c(OC)c3)c(cc1)C	3.5
A-logD7.4-767	O1C2(OOC13CCN(CC3)Cc1ccccc1)C1CC3CC2CC(C1)C3	3.5
A-logD7.4-768	O1CCN(CC1)CCCOc1cc2ncnc(Nc3ccc(NC(=O)c4ccccc4)cc3)c2cc1OC	3.5
A-logD7.4-769	Clc1cc2c(N(C)C(=O)CN=C2c2ccccc2)cc1	2.47
A-logD7.4-770	O(NC(=O)Nc1cc2[nH]cc(c2cc1)-c1ccncc1)Cc1ccccc1	3.54
A-logD7.4-771	Ic1cc(cc(I)c1OCCCN(C)C)C(=O)c1c2c(oc1CCCC)cccc2	5.77
A-logD7.4-772	S(Cc1ccccc1)C=1OC(=O)c2c(N=1)cccc2	3.6
A-logD7.4-773	O(C)c1cc2c(cc(cc2)CC\C(=N\O)\C)cc1	3.6
A-logD7.4-775	S(CC)C=1OC(=O)c2c(N=1)cccc2C	3.6
A-logD7.4-777	n1-2c(ccc1)C(=Nc1c-2cccc1)c1ccccc1	3.6
A-logD7.4-778	O(C)c1ccccc1N1CCN(CC1)c1ccc(Nn2c(ccc2C)C)cc1	3.61
A-logD7.4-779	Ic1cc(cc(I)c1OCCN(C)C)C(=O)c1c2c(oc1CCCC)cccc2	5.39
A-logD7.4-780	Fc1cc(N(Cc2cc(OC)ccc2OC)C(=O)C)c(Oc2ccccc2)cc1	3.65
A-logD7.4-784	O1C(=O)c2c(N=C1N(C(C)C)C(C)C)cccc2	3.7
A-logD7.4-786	Fc1ccc(cc1C(F)(F)F)COC[C@@H]1N(C(=O)CNC1)c1ccc(OCCCOCc2ccccc2OC)cc1	3.7
A-logD7.4-787	O(C)c1cc2c(ncnc2Nc2ccc(NC(=O)c3ccccc3)cc2)cc1OC	3.7
A-logD7.4-79	OC=1C(=O)C=CN(CCNC(=O)C)C=1C	-1.15
A-logD7.4-790	Fc1cc(N(Cc2cc(OC)ccc2OCF)C(=O)C)c(Oc2ccccc2)cc1	3.7
A-logD7.4-791	O1C(=O)c2c(N=C1N[C@@H](CC(C)C)C(OC)=O)cccc2C	3.7
A-logD7.4-792	O(COC)C1CCN(CC1)C(=O)[C@@H](O[C@@H](CCCC)C(=O)N[C@H]([C@@H](O)C[C@@H](C(C)C)C(=O)N(CCCN(C)C)C)CC1CCCCC1)Cc1ccccc1	3.7
A-logD7.4-793	Clc1ccc2OCOc2c1Nc1ncnc2c1c(OC(C)C)cc(OCCN1CCOCC1)c2	3.7
A-logD7.4-794	Clc1cc(ccc1Cl)[C@]1(CCN(C1)C(=O)c1cc(OC)c(OC)c(OC)c1)CCN1CCC(CC1)(C(=O)N1CCN(CC1)C)c1ccccc1	3.71
A-logD7.4-795	Clc1cc(Oc2ccccc2)c(N(Cc2ccccc2OC)C(=O)C)cc1	3.74
A-logD7.4-796	O(C)c1cc(c2c(nc(nc2)Nc2ccc(N3CCN(CC3)C(=O)C)cc2)c1C1CCCC1)C	3.77
A-logD7.4-798	O1C(=O)c2c(N=C1NCCCC)cccc2CC	3.8
A-logD7.4-799	O1C(=O)c2c(N=C1NC(C)C)c(C)c(cc2)C	3.8
A-logD7.4-80	OC(=O)C(NC(=O)C(N)CC(C)C)Cc1ccccc1	-1.13
A-logD7.4-800	O1C(=O)c2c(N=C1NCCCCCC)cccc2	3.8
A-logD7.4-801	Clc1cc(Oc2ccccc2)c(N(Cc2ccccc2OCC)C(=O)C)cc1	3.81
A-logD7.4-802	Fc1cc(N(Cc2cc(OC)ccc2OCCF)C(=O)C)c(Oc2ccccc2)cc1	3.81
A-logD7.4-803	O1c2cc(ccc2OC1)CCC1=Nc2c(-n3c1ccc3)cccc2	3.84
A-logD7.4-805	O1C(=Nc2c(cccc2)C1=O)\C=C\c1ccccc1	3.9
A-logD7.4-806	O1[C@H](/C(=C/[C@@H]2CC[C@@H](OC)[C@H](O)C2O)/C)[C@H](C)[C@@H](O)CC(=O)[C@@H](\C=C(\C[C@@H](C[C@H](OC)[C@H]2O[C@](O)([C@@H](C[C@@H]2OC)C)C(=O)C(=O)N2[C@@H](CCCC2)C1=O)C)/C)CC	3.9
A-logD7.4-808	O1C(=Nc2c(cccc2C)C1=O)C(C)(C)C	4
A-logD7.4-809	O1C(=O)c2c(N=C1N[C@@H](CC(C)C)C(OC)=O)cc(cc2C)C	4
A-logD7.4-81	Fc1c(C)c(F)ccc1N1C=C(C(O)=O)C(=O)c2cc(F)c(N3CCNCC3)cc12	-1.12
A-logD7.4-812	O(COC)C1CCN(CC1)C(=O)[C@@H](O[C@@H](CCCC)C(=O)N[C@H]([C@@H](O)C[C@@H](C(C)C)C(=O)NCCCn1ccnc1)CC1CCCCC1)Cc1ccccc1	4
A-logD7.4-813	Clc1cc(Oc2ccccc2)c(N(Cc2ccccc2OC(C)C)C(=O)C)cc1	4.02
A-logD7.4-814	ICOc1ccc(OC)cc1CN(C(=O)C)c1cc(F)ccc1Oc1ccccc1	4.02
A-logD7.4-815	Ic1cc(N(Cc2cc(OC)ccc2OC)C(=O)C)c(Oc2ccccc2)cc1	4.03
A-logD7.4-816	n1-2c(ccc1)C(=Nc1c-2cccc1)CCCCC	4.04
A-logD7.4-818	FC(F)(F)c1cc(cc(c1)C(F)(F)F)COCC(N1CCN(CC1)CCCC)c1ccccc1	4.09
A-logD7.4-820	n1-2c(ccc1)C(=Nc1c-2cccc1)C=1CCCCC=1	4.12
A-logD7.4-822	O1[C@H](/C(=C/[C@H]2C[C@@H](OC)[C@H](O)CC2)/C)[C@H](C)[C@@H](O)CC(=O)[C@@H](\C=C(\C[C@@H](C[C@H](OC)[C@H]2O[C@](O)([C@@H](C[C@@H]2OC)C)C(=O)C(=O)N2[C@@H](CCCC2)C1=O)C)/C)CC	4.22
A-logD7.4-823	Ic1cc(cc(I)c1OCCN1CCCC1)C(=O)c1c2c(oc1CCCC)cccc2	6.03
A-logD7.4-825	O(C(=O)C=1C(C(C(OC)=O)=C(NC=1C)C)c1cc([N+](=O)[O-])ccc1)CCN(Cc1ccccc1)C	4.25
A-logD7.4-826	Ic1cc(cc(I)c1OCCN1CCCCC1)C(=O)c1c2c(oc1CCCC)cccc2	6.16
A-logD7.4-827	O(COC)C1CCN(CC1)C(=O)[C@@H](O[C@@H](CCCC)C(=O)N[C@H]([C@@H](O)C[C@@H](C(C)C)C(=O)NCCN(C)C)CC1CCCCC1)Cc1ccccc1	4.3
A-logD7.4-829	O1CCN(CC1)CCCNC(=O)[C@H](C(C)C)C[C@H](O)[C@@H](NC(=O)[C@@H](O[C@@H](Cc1ccccc1)C(=O)N1CCC(OCOC)CC1)CCCC)CC1CCCCC1	4.3
A-logD7.4-83	Fc1cc2c(N(C=C(C(O)=O)C2=O)c2ccc(F)cc2)cc1N1CC(NC(C1)C)C	-1.11
A-logD7.4-830	O(C)c1cc2-n3c(ccc3)C(=Nc2cc1)\C=C\CCC	4.3
A-logD7.4-831	O1CCN(CC1)CCOC(=O)N[C@H](C(C)C)C[C@H](O)[C@@H](NC(=O)[C@@H](N[C@@H](Cc1ccccc1)C(=O)N1CCC(OCOC)CC1)CCCC)CC1CCCCC1	4.3
A-logD7.4-835	O(C)c1cc2N=C(c3n(-c2cc1)ccc3)CCCCC	4.38
A-logD7.4-836	O1[C@H](/C(=C/[C@H]2C[C@@H](OC)[C@H](O)CC2)/C)[C@H](C)[C@@H](O)CC(=O)[C@@H](\C=C(\C[C@@H](C[C@H](OC)[C@H]2O[C@](O)([C@@H](C[C@@H]2OC)C)C(=O)C(=O)N2[C@@H](CCCC2)C1=O)C)/C)CC=C	4.38
A-logD7.4-837	Ic1ccc(OC)cc1CN(C(=O)C)c1cc(F)ccc1Oc1ccccc1	4.42
A-logD7.4-838	n1-2c(ccc1)C(=Nc1c-2cccc1)\C=C\CCC	4.44
A-logD7.4-839	O1CCN(CC1)CCCNC(=O)[C@H](C(C)C)C[C@H](O)[C@@H](NC(=O)[C@@H](N[C@@H](Cc1ccccc1)C(=O)N1CCC(OCOC)CC1)CCCC)CC1CCCCC1	4.5
A-logD7.4-84	OC=1C(=O)C=CN(CCO)C=1C	-1.1
A-logD7.4-841	O(C)c1cc2N=C(c3n(-c2cc1)ccc3)\C=C\CCC	4.52
A-logD7.4-842	Ic1cc(cc(I)c1OCCN(C(C)C)C(C)C)C(=O)c1c2c(oc1CCCC)cccc2	6.66
A-logD7.4-844	O(COC)C1CCN(CC1)C(=O)[C@@H](N[C@@H](CCCC)C(=O)N[C@H]([C@@H](O)C[C@H](NC(OCCN(C)C)=O)C(C)C)CC1CCCCC1)Cc1ccccc1	4.6
A-logD7.4-846	S(OCCOc1ccc(OC)cc1CN(C(=O)C)c1cc(F)ccc1Oc1ccccc1)(=O)(=O)c1ccc(cc1)C	4.65
A-logD7.4-848	[Si](C)(C)(C)c1nn(-c2ccc(cc2)C)c(NC(=O)Nc2c3c(cccc3)c(OCCN3CCOCC3)cc2)c1	4.7
A-logD7.4-849	O(COC)C1CCN(CC1)C(=O)[C@@H](O[C@@H](CCCC)C(=O)N[C@H]([C@@H](O)C[C@@H](C(C)C)C(=O)NCCCC)CC1CCCCC1)Cc1ccccc1	4.7
A-logD7.4-85	O(CCC1N(CCCC1)C(=O)[C@H](NCC(O)=O)Cc1ccccc1)C1CCN(CC1)C(N)=N	-1.1
A-logD7.4-850	O(COC)C1CCN(CC1)C(=O)[C@@H](O[C@@H](CCCC)C(=O)N[C@H]([C@@H](O)[C@@H](O)CC(C)C)CC1CCCCC1)Cc1ccccc1	4.8
A-logD7.4-853	n1-2c(ccc1)C(=Nc1c-2cccc1)\C=C\c1ccccc1	4.84
A-logD7.4-854	ClCCN(CCCl)c1ccc(cc1)CCCC(=O)NCCCC(=O)NCCCCCC[C@H]1[C@H]2[C@@H]3CC[C@H](O)[C@]3(CC[C@@H]2c2c(cc(O)cc2)C1)C	4.85
A-logD7.4-86	OC=1C(=O)C=CN(CCCC(=O)NC)C=1C	-1.08
A-logD7.4-862	ClCCN(CCCl)c1ccc(cc1)CCCC(=O)NCCCCCC[C@H]1[C@H]2[C@@H]3CC[C@H](O)[C@]3(CC[C@@H]2c2c(cc(O)cc2)C1)C	5.07
A-logD7.4-863	O1CCN(CC1)CCOc1c2c(cccc2)c(NC(=O)Nc2n(nc(c2)C(C)(C)C)-c2ccc(cc2)C)cc1	5.1
A-logD7.4-864	FC(F)(F)c1cc(cc(c1)C(F)(F)F)COCC(N1CCN(CC1Cc1ccccc1)Cc1cc(OC)c(OC)c(OC)c1)c1ccccc1	5.2
A-logD7.4-865	O(C)c1cc2N=C(c3n(-c2cc1)ccc3)\C=C\c1ccccc1	5.34
A-logD7.4-867	ClCCN(CCCl)c1ccc(cc1)CCCNC(OCCCCCC[C@H]1[C@H]2[C@@H]3CC[C@H](O)[C@]3(CC[C@@H]2c2c(cc(O)cc2)C1)C)=O	5.61
A-logD7.4-88	Fc1cc2c(N(C=C(C(O)=O)C2=O)c2ccc(F)cc2C)cc1N1CC(NC(C1)C)C	-1.05
A-logD7.4-93	OC=1C(=O)C=CN(CCC(=O)N(C)C)C=1C	-1
A-logD7.4-97	S1(=O)(=O)NCCN1Cc1cc2c([nH]cc2CCN(C)C)cc1	-0.97
A-logD7.4-98	Fc1cc2c(N(C=C(C(O)=O)C2=O)c2ccccc2)cc1N1CCNCC1	-0.97
A-logD7.4-99	[nH]1cc(c2cc(ccc12)Cc1nnnn1C)CCN(C)C	-0.94
B-logD7.4-10	s1cc(S(=O)(=O)c2cc(CN(C)C)c(O)cc2)cc1S(=O)(=O)N	0.21
B-logD7.4-100	Clc1c(cc(Cl)cc1Cl)-c1cnc(nc1N)N1CCN(CC1)C	3.39
B-logD7.4-102	O(Cc1ccccc1)c1ccc(NC(Nc2ccc(cc2)C(C)(C)C)=N)cc1	3.46
B-logD7.4-103	O(CCCC)c1ccc(NC(Nc2ccc(OCCCC)cc2)=N)cc1	3.52
B-logD7.4-105	N(C(Nc1ccc(cc1)C(C)(C)C)=N)c1ccc(cc1)C(C)(C)C	3.65
B-logD7.4-106	N(C(Nc1ccc(cc1)C(CC)C)=N)c1ccc(cc1)C(CC)C	3.94
B-logD7.4-107	N(C(Nc1ccc(cc1)CCCC)=N)c1ccc(cc1)CCCC	4.1
B-logD7.4-109	N(C(Nc1ccc(cc1)CCCCCC)=N)c1ccc(cc1)CCCCCC	6.07
B-logD7.4-11	s1cc(S(=O)(=O)c2ccccc2CNCc2ncccc2)cc1S(=O)(=O)N	0.3
B-logD7.4-12	s1cc(cc1S(=O)(=O)N)C(=O)c1cc(CN(C)C)c(O)cc1	0.36
B-logD7.4-120	Oc1ccc(NC(=O)C)cc1	0.51
B-logD7.4-121	O=C(C)c1ccccc1	1.58
B-logD7.4-122	O=C1N=CN=C2NNC=C12	-0.44
B-logD7.4-123	Clc1cc2c(-n3c(nnc3C)CN=C2c2ccccc2)cc1	2.1
B-logD7.4-125	Ic1cc(cc(I)c1OCCN(CC)CC)C(=O)c1c2c(oc1CCCC)cccc2	6.1
B-logD7.4-129	n1ccn(c1)C(c1ccc(cc1)-c1ccccc1)c1ccccc1	4.77
B-logD7.4-13	s1cc(S(=O)(=O)c2ccc(cc2)CNC(C)(C)C)cc1S(=O)(=O)N	0.72
B-logD7.4-131	O=C1N(C)C(=O)N(c2ncn(c12)C)C	-0.07
B-logD7.4-133	ClC(Cl)C(=O)N[C@@H]([C@H](O)c1ccc([N+](=O)[O-])cc1)CO	1.14
B-logD7.4-134	Clc1ccc(cc1)C(CCN(C)C)c1ncccc1	1.41
B-logD7.4-136	Clc1ccc(cc1S(=O)(=O)N)C1(O)NC(=O)c2c1cccc2	1.11
B-logD7.4-14	S(=O)(=O)(c1ccc(O)cc1)c1cc(S(=O)(=O)N)oc1	0.79
B-logD7.4-140	Clc1cc2N=C(N3CCN(CC3)C)c3c(Nc2cc1)cccc3	3.06
B-logD7.4-141	O(C(=O)[C@H]1CC2N(C(CC2)[C@H]1C(OC)=O)C)c1ccccc1	1.05
B-logD7.4-145	F[C@@]12[C@H]([C@@H]3C[C@@H](C)[C@](O)(C(=O)CO)[C@]3(C[C@@H]1O)C)CCC1=CC(=O)C=C[C@@]12C	1.83
B-logD7.4-147	Oc1ccc(cc1)/C(=C(\CC)/c1ccc(O)cc1)/CC	5.07
B-logD7.4-149	O(C(c1ccccc1)c1ccccc1)CCN(C)C	1.34
B-logD7.4-15	s1cc(S(=O)(=O)c2cc(CN(CC)CC)c(O)cc2)cc1S(=O)(=O)N	0.81
B-logD7.4-151	Oc1cc2CC[C@H]3[C@@H]4CC[C@H](O)[C@]4(CC[C@@H]3c2cc1)C	4.01
B-logD7.4-152	O=C(N(C1CCN(CC1)CCc1ccccc1)c1ccccc1)CC	2.91
B-logD7.4-155	Clc1c2O[C@]3([C@@H](CC(=O)C=C3OC)C)C(=O)c2c(OC)cc1OC	2.18
B-logD7.4-156	Clc1ccc(cc1)C1(O)CCN(CC1)CCCC(=O)c1ccc(F)cc1	2.98
B-logD7.4-157	O=C1CC[C@@]2([C@@H]3[C@H]([C@@H]4CC[C@](O)(C(=O)CO)[C@]4(C[C@@H]3O)C)CCC2=C1)C	1.55
B-logD7.4-16	s1cc(S(=O)(=O)c2cc(ccc2)CNC(C)C)cc1S(=O)(=O)N	0.91
B-logD7.4-160	S1c2c(N(c3c1cccc3)C[C@@H](CN(C)C)C)cc(OC)cc2	2.77
B-logD7.4-161	O=C(Nc1c(cccc1C)C)CN(CC)CC	1.71
B-logD7.4-162	Clc1cc2c(cc1)C(c1ncccc1CC2)=C1CCN(CC1)C(OCC)=O	4.4
B-logD7.4-164	Clc1ccccc1C1=NC(O)C(=O)N(c2c1cc(Cl)cc2)C	2.72
B-logD7.4-167	OCCn1c(ncc1[N+](=O)[O-])C	-0.02
B-logD7.4-168	O(CC(N)C)c1c(cccc1C)C	0.47
B-logD7.4-169	c12c(cccc1)cccc2	3.37
B-logD7.4-17	s1cc(S(=O)(=O)c2ccc(cc2)CNCCCC)cc1S(=O)(=O)N	2.1
B-logD7.4-171	O(C(=O)C=1C(C(C(OC)=O)=C(NC=1C)C)c1ccccc1[N+](=O)[O-])C	3.17
B-logD7.4-174	s1cc(nc1CN(C)C)CSCCN\C(\NC)=C\[N+](=O)[O-]	-0.52
B-logD7.4-175	S(=O)(Cc1ncc(C)c(OC)c1C)c1[nH]c2c(n1)cc(OC)cc2	2.3
B-logD7.4-176	O=C1N(CCCCC(=O)C)C(=O)N(c2ncn(c12)C)C	0.29
B-logD7.4-177	O=C1Nc2cccnc2N(c2c1cccc2)C(=O)CN1CCN(CC1)C	-0.61
B-logD7.4-179	O=C1C=C2CC[C@@H]3[C@@H]([C@]2(C=C1)C)C(=O)C[C@]1([C@H]3CC[C@]1(O)C(=O)CO)C	1.53
B-logD7.4-18	s1cc(cc1S(=O)(=O)N)C(=O)c1cc(CN(CC)CC)c(O)cc1	2.3
B-logD7.4-181	O(CC(O)CNCCC)c1ccccc1C(=O)CCc1ccccc1	1.81
B-logD7.4-182	O(CC(O)CNC(C)C)c1c2c(ccc1)cccc2	1.26
B-logD7.4-184	n1c2c(cccc2)ccc1	2.03
B-logD7.4-19	s1cc(cc1S(=O)(=O)N)C(=O)c1ccc(cc1)CN1CCN(CC1)C	2.3
B-logD7.4-191	O=C1CC[C@@]2([C@@H]3[C@H]([C@@H]4CC[C@H](O)[C@]4(CC3)C)CCC2=C1)C	3.29
B-logD7.4-192	O(C(=O)c1ccc(NCCCC)cc1)CCN(C)C	2.29
B-logD7.4-193	ClC(Cl)C(=O)N[C@@H]([C@H](O)c1ccc(S(=O)(=O)C)cc1)CO	-0.27
B-logD7.4-194	S1c2c(N(c3c1cccc3)CCC1N(CCCC1)C)cc(SC)cc2	3.34
B-logD7.4-195	S(=O)(=O)(C)c1cc(C(=O)NCCN(CC)CC)c(OC)cc1	-0.09
B-logD7.4-196	s1cc(nc1N=C(N)N)CSCCN\C(=N\C)\NC#N	0.57
B-logD7.4-197	S=C(Oc1cc2c(cc1)cccc2)N(C)c1cc(ccc1)C	5.4
B-logD7.4-199	n1c(N)c2nc(-c3ccccc3)c(nc2nc1N)N	1.21
B-logD7.4-200	Clc1cc2NC(NS(=O)(=O)c2cc1S(=O)(=O)N)C(Cl)Cl	0.43
B-logD7.4-201	S1c2c(N(c3c1cccc3)CCCN(C)C)cc(cc2)C(F)(F)F	3.61
B-logD7.4-202	O(C)c1c(OC)cc(cc1OC)Cc1cnc(nc1N)N	0.63
B-logD7.4-203	s1cc(nc1N=C(N)N)-c1[nH]c(nc1)C	0.74
B-logD7.4-206	Clc1cc(O)ccc1	2.5
B-logD7.4-207	S(C)c1ncnc2n(cnc12)[C@@H]1O[C@H](CO)[C@@H](O)[C@H]1O	0.09
B-logD7.4-209	Clc1cc2OCOc2cc1COC(=O)N1CCC2(N(CN(CC(O)=O)C2=O)c2ccccc2)CC1	0.7
B-logD7.4-21	s1cc(cc1S(=O)(=O)N)C(=O)c1cc(ccc1)CNCC(C)C	2.63
B-logD7.4-212	Clc1cc2OCOc2cc1CNCCCn1c2c(nc1O)cccc2	1.8
B-logD7.4-213	O1c2cc(ccc2OC1)CN1CCC2(N(CNC2=O)c2ccccc2)CC1	2.2
B-logD7.4-214	O(C)c1cc(CC(=O)N2CCC(n3c4c(nc3O)cccc4)CC2)c([N+](=O)[O-])cc1OC	2.4
B-logD7.4-215	O1c2cc(CN3CCC(n4c5c(nc4O)cccc5)CC3)c([N+](=O)[O-])cc2OC1	2.4
B-logD7.4-216	O=C1NCN(C12CCN(CC2)C(OCc1cccnc1)=O)c1ccccc1	2.5
B-logD7.4-217	Clc1cc(OC)ccc1CN1CCC(n2c3c(nc2O)cccc3)CC1	2.5
B-logD7.4-218	Clc1cc2OCOc2cc1CN1CCC(n2c3cc(ccc3nc2O)C)CC1	2.6
B-logD7.4-219	s1nc2cc(ccc2n1)CN1CCC2(N(CNC2=O)c2ccccc2)CC1	2.6
B-logD7.4-220	O1c2cc(ccc2OC1)CNC(=O)N1CCC2(N(CNC2=O)c2ccccc2)CC1	2.8
B-logD7.4-221	O(c1cc(ccc1)CN1CCC2(N(CNC2=O)c2ccccc2)CC1)c1ccccc1	2.9
B-logD7.4-222	O1c2cc(CN3CCC(n4c5c(nc4O)cccc5)=CC3)c([N+](=O)[O-])cc2OC1	2.9
B-logD7.4-223	Clc1cc2OCOc2cc1CN1CCC2(N(CN(CC(=O)NC)C2=O)c2ccccc2)CC1	2.9
B-logD7.4-224	Clc1cc2OCOc2cc1COC(=O)N1CCC2(N(CNC2=O)c2ccccc2)CC1	2.9
B-logD7.4-225	O(C)c1cc(\C=C\C(=O)N2CCC(n3c4c(nc3O)cccc4)CC2)c([N+](=O)[O-])cc1OC	3
B-logD7.4-226	Clc1cc2OCOc2cc1CN1CCC2(N(CNC2=O)c2ccccc2)CC1	3
B-logD7.4-227	Clc1cc2OCOc2cc1CN1CCC(n2c3c(nc2O)cccc3)CC1	3
B-logD7.4-228	O(C)c1cc(\C=C\C(=O)N2CCC3(N(CNC3=O)c3ccccc3)CC2)c([N+](=O)[O-])cc1OC	3
B-logD7.4-229	Brc1cc2c([nH]cc2CC(=O)N2CCN(CC2)c2c3nonc3c([N+](=O)[O-])cc2)cc1	3
B-logD7.4-230	O1c2cc(COC(=O)N3CCC4(N(CNC4=O)c4ccccc4)CC3)c([N+](=O)[O-])cc2OC1	3.1
B-logD7.4-231	Clc1cc2OCOc2cc1COC(=O)N1CCC2(N(CN(CC(=O)NC)C2=O)c2ccccc2)CC1	3.1
B-logD7.4-232	O1c2cc(\C=C\C(=O)N3CCC4(N(CNC4=O)c4ccccc4)CC3)c([N+](=O)[O-])cc2OC1	3.1
B-logD7.4-233	Clc1cc2OCOc2cc1COC(=O)NCCn1c2c(nc1O)cccc2	3.2
B-logD7.4-234	s1nc2cc(ccc2n1)COC(=O)N1CCC2(N(CNC2=O)c2ccccc2)CC1	3.4
B-logD7.4-235	Clc1cc(Cl)ccc1-c1[nH]nc(c1)C1CCN(CC1)C(=O)NCCn1c(ncc1[N+](=O)[O-])C	3.4
B-logD7.4-236	Clc1cc2OCOc2cc1COC(=O)N1CCC(n2c3cc(ccc3nc2O)C)CC1	3.4
B-logD7.4-237	O1c2cc(ccc2OC1)COC(=O)N1CCC2(N(CNC2=O)c2ccccc2)CC1	3.7
B-logD7.4-243	Clc1cc2OCOc2cc1COC(=O)N1CCC(n2c3c(nc2O)cccc3)CC1	4.2
B-logD7.4-247	Clc1cc2nccc(NCCCN3CCN(CC3)CCCN[C@H]3NCc4c(C3)cccc4)c2cc1	1.68
B-logD7.4-254	s1c2c(nc1O)c(O)ccc2CCNCCCCCCOCCc1ccccc1	2.73
B-logD7.4-258	S1c2c(NC1=O)c(O)ccc2CCNCCCSCCOCCc1ccccc1	2.92
B-logD7.4-260	s1c2c(nc1O)c(O)ccc2CCNCCCS(=O)(=O)CCOCCc1ccccc1	1.37
B-logD7.4-262	s1c2c(nc1O)c(O)ccc2CCNCCOCCCOCCc1ccccc1	2.06
B-logD7.4-263	s1c2c(nc1O)c(O)ccc2CCNCCNC(=O)CCOCCc1ccccc1	1.34
B-logD7.4-264	S1c2c(NC1=O)c(O)ccc2CCNCCS(=O)(=O)CCCOCCc1ccccc1	2.51
B-logD7.4-265	s1c2c(nc1O)c(O)ccc2CCNCCNCCCOCCc1ccccc1	0.88
B-logD7.4-266	s1c2c(nc1O)c(O)ccc2CCNCCC(F)(F)CCCOCCc1ccccc1	3.26
B-logD7.4-267	s1c2c(nc1O)c(O)ccc2CCNCCSCCCOCCc1ccccc1	2.86
B-logD7.4-268	s1c2c(nc1O)c(O)ccc2CCNCCNS(=O)(=O)CCOCCc1ccccc1	1.56
B-logD7.4-269	s1c2c(nc1O)c(O)ccc2CCNCC(CSCCOCCc1ccccc1N)(C)C	3.44
B-logD7.4-270	s1c2c(nc1O)c(O)ccc2CCNCCCS(=O)(=O)CCOCCc1ccccc1N	1.17
B-logD7.4-271	s1c2c(nc1O)c(O)ccc2CCNCCNC(=O)CCCOCCc1ccccc1	1.55
B-logD7.4-272	s1c2c(nc1O)c(O)ccc2CCNCCCS(=O)(=O)CCOCCc1ccccc1[N+](=O)[O-]	1.37
B-logD7.4-273	s1c2c(nc1O)c(O)ccc2CCNCCCS(=O)(=O)CCNCCOc1ccccc1	0.9
B-logD7.4-276	s1c2c(nc1O)c(O)ccc2CCNCCS(=O)(=O)CCCOCCc1ccc(F)cc1	2.67
B-logD7.4-277	s1c2c(nc1O)c(O)ccc2CCNCCNC(=O)CCOCCCc1ccccc1	1.91
B-logD7.4-278	S1c2c(NC1=O)c(O)ccc2CCNCCCS(=O)(=O)CCCOCCc1ccccc1	1.5
B-logD7.4-279	s1c2c(nc1O)c(O)ccc2CCNCCSCCCOCCc1ccc([N+](=O)[O-])cc1	3.29
B-logD7.4-280	s1c2c(nc1O)c(O)ccc2CCNCCS(=O)(=O)CCCOCCc1ccc([N+](=O)[O-])cc1	2.32
B-logD7.4-281	s1c2c(nc1O)c(O)ccc2CCNCCSCCCOCCc1ncccc1	1.75
B-logD7.4-282	s1c2c(nc1O)c(O)ccc2CCNCCCS(=O)(=O)CCOCCc1c2c(ccc1)cccc2	2.54
B-logD7.4-283	s1c2c(nc1O)c(O)ccc2CCNCCN(C(=O)CCOCCc1ccccc1)C	1.52
B-logD7.4-285	s1c2c(nc1O)c(O)ccc2CCNCCCS(=O)(=O)CCOCCOc1ccccc1	1.13
B-logD7.4-286	s1c2c(nc1O)c(O)ccc2CCNCCS(=O)(=O)CCCOCCc1ncccc1	0.95
B-logD7.4-287	Brc1ccc(cc1)CCOCCCS(=O)(=O)CCNCCc1c2sc(O)nc2c(O)cc1	3.36
B-logD7.4-288	s1c2c(nc1O)c(O)ccc2CCNCCSCCCOCCc1ccc(NS(=O)(=O)c2ccccc2)cc1	3.52
B-logD7.4-290	s1c2c(nc1O)c(O)ccc2CCNCCCSCCOCCCc1ccccc1	2.8
B-logD7.4-291	s1c2c(nc1O)c(O)ccc2CCNCCSCCCOCCCc1ccccc1	3.61
B-logD7.4-293	s1c2c(nc1O)c(O)ccc2CCNCCCS(=O)(=O)CCOCCCc1ccccc1	2.1
B-logD7.4-295	s1c2c(nc1O)c(O)ccc2CCNCCS(=O)(=O)CCCOCCc1ccc(NS(=O)(=O)c2ccccc2)cc1	2.88
B-logD7.4-296	s1c2c(nc1O)c(O)ccc2CCNCCS(=O)(=O)CCCOCCCCc1ccccc1	3.62
B-logD7.4-297	s1c2c(nc1O)c(O)ccc2CCNCCS(=O)(=O)CCCOCCCc1ccccc1	3.13
B-logD7.4-298	s1c2c(nc1O)c(O)ccc2CCNCCS(=O)(=O)CCCOCCc1ccc(O)cc1	1.91
B-logD7.4-299	s1c2c(nc1O)c(O)ccc2CCNCCCS(=O)(=O)CCSCCc1ccccc1	2.34
B-logD7.4-300	s1c2c(nc1O)c(O)ccc2CCNCCS(=O)(=O)CCCOCCc1ccc(cc1)C(=O)N	1.1
B-logD7.4-302	s1c2c(nc1O)c(O)ccc2CCNCCCNS(=O)(=O)CCOCCc1ccccc1	1.22
B-logD7.4-303	s1c2c(nc1O)c(O)ccc2CCNCCCS(=O)(=O)NCCOCc1ccccc1	1.11
B-logD7.4-304	s1c2c(nc1O)c(O)ccc2CCNCCCS(=O)(=O)NCCOCCc1ccccc1	1.46
B-logD7.4-305	s1c2c(nc1O)c(O)ccc2CCNCCNS(=O)(=O)CCCOCCc1ccccc1	1.83
B-logD7.4-307	s1c2c(nc1O)c(O)ccc2CCNCCCS(=O)(=O)CCOCc1ccccc1	1.15
B-logD7.4-308	s1c2c(nc1O)c(O)ccc2CCNCCS(=O)(=O)CCCOCCc1nccc2c1cccc2	2.35
B-logD7.4-309	s1c2c(nc1O)c(O)ccc2CCNCCNS(=O)(=O)CCOCCCc1ccccc1	2.22
B-logD7.4-310	s1c2c(nc1O)c(O)ccc2CCNCCCS(=O)(=O)CCOCCc1cc(SC)ccc1	1.63
B-logD7.4-311	s1c2c(nc1O)c(O)ccc2CCNCCCN(S(=O)(=O)CCOCCc1ccccc1)C	1.24
B-logD7.4-312	s1cnc(C)c1CCOCCCS(=O)(=O)CCNCCc1c2sc(O)nc2c(O)cc1	1.44
B-logD7.4-313	s1c2c(nc1O)c(O)ccc2CCNCCS(=O)(=O)CCCOCCNc1ccccc1	1.98
B-logD7.4-314	s1c2c(nc1O)c(O)ccc2CCNCCS(=O)(=O)CCCOCCc1ncc(cc1)C	1.56
B-logD7.4-315	s1c2c(nc1O)c(O)ccc2CCNCCS(=O)(=O)CCCOCCc1ccc(NS(=O)(=O)C)cc1	1.34
B-logD7.4-316	s1c2c(nc1O)c(O)ccc2CCNCCS(=O)(=O)CCCOCCc1oc2c(c1)cccc2	2.86
B-logD7.4-317	s1c2c(nc1O)c(O)ccc2CCNCCS(=O)(=O)CCCOCCc1ccc(cc1)C#N	2
B-logD7.4-319	s1c2c(nc1O)c(O)ccc2CCNCCCS(=O)(=O)NCCSCCc1ccccc1	1.77
B-logD7.4-320	s1c2c(nc1O)c(O)ccc2CCNCCCNS(=O)(=O)CCOCc1c2c(ccc1)cccc2	1.69
B-logD7.4-321	s1c2c(nc1O)c(O)ccc2CCNCCCS(=O)(=O)NCCOCCc1ccc(F)cc1	1.57
B-logD7.4-322	s1c2c(nc1O)c(O)ccc2CCNCCS(=O)(=O)CCCOCCc1ccccc1C	2.84
B-logD7.4-323	s1c2c(nc1O)c(O)ccc2CCNCCS(=O)(=O)CCCOCCSc1ccccc1	2.68
B-logD7.4-324	s1c2c(nc1O)c(O)ccc2CCNCCS(=O)(=O)CCCOC[C@H](C)c1ccccc1	2.32
B-logD7.4-325	s1c2c(nc1O)c(O)ccc2CCN(CCCOCCOCCc1ccccc1)C	2.44
B-logD7.4-326	s1c(ccc1C)CCCOCCS(=O)(=O)CCCNCCc1c2sc(O)nc2c(O)cc1	2.41
B-logD7.4-327	s1c2c(nc1O)c(O)ccc2CCN(CCCOCCOCCc1ccccc1)CCC	2.74
B-logD7.4-328	s1c2c(nc1O)c(O)ccc2CCNCCCS(=O)(=O)NCCOCCc1cc(ccc1)C(F)(F)F	2.62
B-logD7.4-329	s1c2c(nc1O)c(O)ccc2CCNCCNS(=O)(=O)CCOCCc1cc(cc(c1)C)C	2.59
B-logD7.4-330	s1c2c(nc1O)c(O)ccc2CCN(CCN(C(=O)CCOCCc1ccccc1)C)C	2.59
B-logD7.4-331	s1c2c(nc1O)c(O)ccc2CCNCCS(=O)(=O)CCCO[C@H](Cc1ccccc1)C	1.81
B-logD7.4-332	Clc1cc(ccc1)CCOCCNS(=O)(=O)CCCNCCc1c2sc(O)nc2c(O)cc1	1.92
B-logD7.4-333	s1c2c(nc1O)c(O)ccc2CCNCCCS(=O)(=O)NCCOCCSc1ccccc1	1.84
B-logD7.4-334	s1c2c(nc1O)c(O)ccc2CCNCCCS(=O)(=O)NCCOCCc1ccc(cc1)C	2.07
B-logD7.4-335	n1-2c(ccc1)C(=Nc1c-2cccc1)NCCCN1CCN(CC1)CCCNC1=Nc2c(-n3c1ccc3)cccc2	2.52
B-logD7.4-336	O(C)c1cc2-n3c(ccc3)C(=Nc2cc1)NCCCNCCCNC1=Nc2c(-n3c1ccc3)cc(OC)cc2	2.58
B-logD7.4-337	O(C)c1cc2N=C(NCCCNCCCNC3=Nc4cc(OC)ccc4-n4c3ccc4)c3n(-c2cc1)ccc3	2.76
B-logD7.4-338	O(C)c1cc2-n3c(ccc3)C(=Nc2cc1)NCCCN(CCCNC1=Nc2c(-n3c1ccc3)cc(OC)cc2)C	3.41
B-logD7.4-339	O(C)c1cc2N=C(NCCCN(CCCNC3=Nc4cc(OC)ccc4-n4c3ccc4)C)c3n(-c2cc1)ccc3	3.55
B-logD7.4-340	O(C)c1cc2N=C(NCCCN3CCN(CC3)CCCNC3=Nc4cc(OC)ccc4-n4c3ccc4)c3n(-c2cc1)ccc3	3.72
B-logD7.4-341	n1-2c(ccc1)C(=Nc1c-2cccc1)NCCCN(CCCNC1=Nc2c(-n3c1ccc3)cccc2)C	4.12
B-logD7.4-342	Clc1cc2-n3c(ccc3)C(=Nc2cc1)NCCCN(CCCNC1=Nc2c(-n3c1ccc3)cc(Cl)cc2)C	4.44
B-logD7.4-343	O(C)c1cc2-n3c(ccc3)C(=Nc2cc1)NCCCN1CCN(CC1)CCCNC1=Nc2c(-n3c1ccc3)cc(OC)cc2	4.67
B-logD7.4-344	O(C)c1nc2-n3c(ccc3)C(=Nc2cc1)NCCCN1CCN(CC1)CCCNC1=Nc2ccc(OC)nc2-n2c1ccc2	4.73
B-logD7.4-345	Clc1cc2-n3c(ccc3)C(=Nc2cc1)NCCCN1CCN(CC1)CCCNC1=Nc2c(-n3c1ccc3)cc(Cl)cc2	4.92
B-logD7.4-347	Clc1cc2-n3c(ccc3)C(=Nc2cc1)NCCCNCCCNC1=Nc2c(-n3c1ccc3)cc(Cl)cc2	5.06
B-logD7.4-348	Clc1n-2c(cc1)C(=Nc1cc(OC)ccc1-2)NCCCN1CCN(CC1)CCCNC1=Nc2cc(OC)ccc2-n2c1ccc2Cl	5.74
B-logD7.4-351	Fc1cc(F)cc(F)c1CN1c2c(cccc2)[C@](NCC1=O)([C@H](Oc1nc(cc(n1)C)C)C(O)=O)c1ccccc1	0.4
B-logD7.4-352	Fc1cc(F)cc(F)c1CN1c2c(cccc2)[C@](NCC1=O)([C@H](Oc1nc(cc(n1)C)C)C(O)=O)c1cc(ccc1)-c1ccccc1	1.8
B-logD7.4-353	Fc1cc(F)cc(F)c1CN1c2c(cccc2)[C@](NCC1=O)([C@H](Oc1cc(cc(c1)C)C)C(O)=O)c1ccccc1	2.1
B-logD7.4-354	Fc1cc(F)cc(F)c1CN1c2c(cccc2)[C@](NCC1=O)([C@H](Oc1nc(cc(n1)C)C)C(O)=O)c1cc(ccc1)CCCC	2.3
B-logD7.4-355	Fc1c(NC(=O)Cc2[nH]nc(Nc3ncnc4c3cc(OC)c(OCCCN(CCO)CC)c4)c2)cccc1F	1.9
B-logD7.4-356	Fc1c(NC(=O)Cc2[nH]nc(Nc3ncnc4c3cc(OC)c(OCCCN3CCC[C@@H]3CO)c4)c2)cccc1F	2
B-logD7.4-357	Fc1c(NC(=O)Cc2[nH]nc(Nc3ncnc4c3ccc(OCCCN3CCC[C@@H]3CO)c4)c2)cccc1F	2.1
B-logD7.4-358	Fc1cc(NC(=O)Cc2[nH]nc(Nc3ncnc4c3cc(OC)c(OCCCN3CCC(CC3)CO)c4)c2)ccc1	2.1
B-logD7.4-359	Fc1cc(NC(=O)Cc2[nH]nc(Nc3ncnc4c3cc(OC)c(OCCCN(CCO)CC)c4)c2)ccc1	2.1
B-logD7.4-360	Fc1c(NC(=O)Cc2[nH]nc(Nc3ncnc4c3cc(OC)c(OCCCN(CCC)CCO)c4)c2)cccc1F	2.3
B-logD7.4-4	OC(=O)[C@H]1N(CCC1)C(=O)[C@@H](N[C@@H](CCc1ccccc1)C(O)=O)CCCCN	-3.4
B-logD7.4-53	O(COC)C1CCN(CC1)C(=O)[C@@H](O[C@@H](CCCC)C(=O)N[C@H]([C@@H](O)C[C@@H](C(C)C)C(=O)NCCC(O)=O)CC1CCCCC1)Cc1ccccc1	2.8
B-logD7.4-54	O(COC)C1CCN(CC1)C(=O)[C@@H](O[C@@H](CCCC)C(=O)N[C@H]([C@@H](O)C[C@@H](C(C)C)C(=O)NCC(N)(C)C)CC1CCCCC1)Cc1ccccc1	3.5
B-logD7.4-56	o1nc(nc1N)NCCNC(=O)[C@H](C(C)C)C[C@H](O)[C@@H](NC(=O)[C@@H](O[C@@H](Cc1ccccc1)C(=O)N1CCC(OCOC)CC1)CCCC)CC1CCCCC1	4.4
B-logD7.4-58	O1CC[N+]([O-])(CC1)CCCNC(=O)[C@H](C(C)C)C[C@H](O)[C@@H](NC(=O)[C@@H](N[C@@H](Cc1ccccc1)C(=O)N1CCC(OCOC)CC1)CCCC)CC1CCCCC1	3.6
B-logD7.4-60	O1CC[N+]([O-])(CC1)CCNC(=O)[C@H](C(C)C)C[C@H](O)[C@@H](NC(=O)[C@@H](N[C@@H](Cc1ccccc1)C(=O)N1CCC(OCOC)CC1)CCCC)CC1CCCCC1	4.07
B-logD7.4-65	O(COC)C1CCN(CC1)C(=O)[C@@H](N[C@@H](CCCC)C(=O)N[C@H]([C@@H](O)C[C@@H](C(C)C)C(=O)NCC(N)(C)C)CC1CCCCC1)Cc1ccccc1	3.8
B-logD7.4-71	o1nc(nc1N)NCCNC(=O)[C@H](C(C)C)C[C@H](O)[C@@H](NC(=O)[C@@H](N[C@@H](Cc1ccccc1)C(=O)N1CCC(OCOC)CC1)CCCC)CC1CCCCC1	4.11
B-logD7.4-73	O(COC)C1CCN(CC1)C(=O)[C@@H](N[C@@H](CCCC)C(=O)N[C@H]([C@@H](O)C[C@@H](C(C)C)C(=O)NCCN)CC1CCCCC1)Cc1ccccc1	3.5
B-logD7.4-74	O(COC)C1CCN(CC1)C(=O)[C@@H](O[C@@H](CCCC)C(=O)N[C@H]([C@@H](O)C[C@@H](C(C)C)C(=O)NCCCNC(=O)C)CC1CCCCC1)Cc1ccccc1	4.3
B-logD7.4-75	O(COC)C1CCN(CC1)C(=O)[C@@H](O[C@@H](CCCC)C(=O)N[C@H]([C@@H](O)C[C@@H](C(C)C)C(=O)NCCCNC(=O)N)CC1CCCCC1)Cc1ccccc1	4.2
B-logD7.4-78	O(COC)C1CCN(CC1)C(=O)[C@@H](O[C@@H](CCCC)C(=O)N[C@H]([C@@H](O)C[C@@H](C(C)C)C(=O)NCCC\N=C(/NC#N)\N)CC1CCCCC1)Cc1ccccc1	4.5
B-logD7.4-79	O(COC)C1CCN(CC1)C(=O)[C@@H](O[C@@H](CCCC)C(=O)N[C@H]([C@@H](O)C[C@@H](C(C)C)C(=O)NCCC\N=C(/NC#N)\NC)CC1CCCCC1)Cc1ccccc1	4.4
B-logD7.4-8	S(=O)(=O)(c1cc(CN(C)C)c(O)cc1)c1cc(S(=O)(=O)N)oc1	0.11
B-logD7.4-81	O(COC)C1CCN(CC1)C(=O)[C@@H](O[C@@H](CCCC)C(=O)N[C@H]([C@@H](O)C[C@@H](C(C)C)C(=O)NCCCNc1nc([nH]n1)N)CC1CCCCC1)Cc1ccccc1	4.2
B-logD7.4-82	O(COC)C1CCN(CC1)C(=O)[C@@H](O[C@@H](CCCC)C(=O)N[C@H]([C@@H](O)C[C@@H](C(C)C)C(=O)NCCNc1nc([nH]n1)N)CC1CCCCC1)Cc1ccccc1	4
B-logD7.4-85	O(COC)C1CCN(CC1)C(=O)[C@@H](N[C@@H](CCCC)C(=O)N[C@H]([C@@H](O)C[C@@H](C(C)C)C(=O)NCC(O)=O)CC1CCCCC1)Cc1ccccc1	2.8
B-logD7.4-86	O(COC)C1CCN(CC1)C(=O)[C@@H](N[C@@H](CCCC)C(=O)N[C@H]([C@@H](O)C[C@@H](C(C)C)C(=O)NCCCN)CC1CCCCC1)Cc1ccccc1	3.3
B-logD7.4-87	O(COC)C1CCN(CC1)C(=O)[C@@H](N[C@@H](CCCC)C(=O)N[C@H]([C@@H](O)C[C@@H](C(C)C)C(=O)NCCCNCCO)CC1CCCCC1)Cc1ccccc1	3.5
B-logD7.4-9	s1cc(cc1S(=O)(=O)N)C(=O)c1ccc(cc1)CNC	0.14
B-logD7.4-93	N(C(Nc1ccccc1C)=N)c1ccccc1C	0.7
B-logD7.4-94	N(C(Nc1ccc(cc1)CC)=N)c1ccc(cc1)CC	1.7
B-logD7.4-97	N(C(Nc1ccc(cc1)C(C)C)=N)c1ccc(cc1)C(C)C	2.72
B-logD7.4-99	N(C(Nc1ccc(cc1)C(CC)C)=N)c1c2c3c(CCc3ccc2)cc1	3.31
C-logD7.4-11	S(=O)(=O)(Nc1cc2c(N=C(NC2=O)N)cc1)c1ccc(cc1)C(=O)N[C@@H](CCC(OCC)=O)C(OCC)=O	2.46
C-logD7.4-13	O=C(N1CCc2c1cc1c(nc(cc1C)C)c2)C	2.64
C-logD7.4-135	o1c(nnc1-c1occc1)-c1cc(NC(=O)CCC2CCCCC2)ccc1	6.84
C-logD7.4-14	Clc1sc(cc1)-c1oc(nn1)NC(=O)c1ccc(S(=O)(=O)N(C)C)cc1	2.83
C-logD7.4-15	O(CCCON1C(NC(=NC1=N)N)(C)C)c1ccccc1C	2.83
C-logD7.4-16	O(N1C(N=C(N=C1N)N)(C)C)CCc1cc2c(cc1)cccc2	2.92
C-logD7.4-17	O(C)c1ccc(Nc2ccccc2NC(=O)c2ccc(O)nc2)cc1	2.92
C-logD7.4-18	O(CCCON1C(NC(=NC1=N)N)(C)C)c1ccc(cc1CCC)C(=O)C	2.92
C-logD7.4-19	s1cccc1CNC(=O)c1n2c(nc1C)C=CC=C2	2.92
C-logD7.4-20	O1c2cc(ccc2OC1)CNC(=O)c1n2c(nc1C)C=CC=C2	3.02
C-logD7.4-21	o1cccc1CNC(=O)c1n2C=C(C=Cc2nc1C)C	3.02
C-logD7.4-22	o1c(ccc1[N+](=O)[O-])C(=O)NNC(=O)c1cc2c(cc1)cccc2	3.02
C-logD7.4-23	ClC1=Nn2c(nnc2C(F)(F)F)C=C1	3.11
C-logD7.4-24	Fc1ccc(Oc2cc(cnc2)-c2cc3nc([nH]c3cc2)N)cc1	3.11
C-logD7.4-25	s1c2cc(OC)ccc2cc1C(=O)Nc1ccc(cc1)C1CCN(CC1)C	3.11
C-logD7.4-26	O(CCCON1C(NC(=NC1=N)N)(C)C)c1cc(cc(c1)C)C	3.2
C-logD7.4-27	O=C(NCc1ccccc1)c1n2c(nc1C)C=CC=C2	3.2
C-logD7.4-31	O(C)c1ccc(cc1)CCNC(=O)c1n2c(nc1C)C=CC=C2	3.39
C-logD7.4-32	O=C(NCC(C)C)c1n2C=C(C=Cc2nc1C)C	3.39
C-logD7.4-33	Clc1cc(Cl)ccc1OCCCON1C(NC(=NC1=N)N)(C)C	3.39
C-logD7.4-36	Brc1n2C=CC=Nc2nc1-c1cc2OCOc2cc1	3.48
C-logD7.4-37	O(c1ccc(-n2ccnc2)cc1)c1nc(ncc1)N1C[C@@H](NCC1)Cc1ccccc1	3.58
C-logD7.4-4	n1cc(c2c(cccc2)c1)-c1ccc(cc1)CNCC1CCNC1	1.52
C-logD7.4-40	Clc1sc(cc1)C(=O)Nc1oc(nn1)-c1ccc(SC)cc1	3.76
C-logD7.4-41	Fc1ccc(cc1)-c1oc(nc1COCC(F)(F)F)C1CCN(CC1)CCc1ccc(cc1)C(N)=N	3.76
C-logD7.4-42	O(CC(=O)NCc1ccccc1)c1cc(nc2c1cc(OC)cc2)C	3.86
C-logD7.4-43	s1cccc1-c1nc2n(C=CC(=C2)C)c1NC(=O)Cc1ccc(OC)cc1	3.95
C-logD7.4-45	O(c1nc(ncc1C)N1C[C@@H](NCC1)Cc1ccccc1)c1ccc(-n2ccnc2)cc1	4.04
C-logD7.4-47	Clc1ccc(cc1)CNC(=O)c1n2c(nc1C)C=CC=C2	4.04
C-logD7.4-48	FC(F)(F)c1nc2n(C=CC=C2)c1C(=O)NCc1cc2OCOc2cc1	4.23
C-logD7.4-49	Clc1cc(ccc1)CNc1nnc(c2c1cccc2)C	4.32
C-logD7.4-5	s1c(ccc1CNc1cccnc1)-c1cc2c(cc1OC1CCNCC1)cncc2	1.9
C-logD7.4-50	FC(F)(F)c1nc2n(C=C(C=C2)C)c1C(=O)NCc1occc1	4.32
C-logD7.4-51	o1c(ccc1[N+](=O)[O-])C(=O)NNC(=O)c1ccc(cc1)COc1ccc(OCC)cc1	4.32
C-logD7.4-54	S(c1c2c(nc(nc2N)N)ccc1)c1cc2c(cc1)cccc2	4.41
C-logD7.4-55	s1cc(nc1-c1ccccc1NC(OCC1CCNCC1)=O)C1CCC1	4.41
C-logD7.4-57	Clc1ccc(cc1)-c1oc(nn1)NC(=O)c1cc(ccc1)C(F)(F)F	4.51
C-logD7.4-58	o1cccc1C=CC(=O)N1CCN(CC1)Cc1cc2OCOc2cc1	4.51
C-logD7.4-6	S(c1nc(ncc1)N1CCN(CC1)c1ccncc1)c1nnc(n1CCCN1CCOCC1)-c1ncccc1	2.08
C-logD7.4-73	s1nc(nc1SCC(=O)N1CCCC1)-c1ccc(OC)cc1	4.97
C-logD7.4-8	S(c1nc(ncc1)N1CCN(CC1)c1ccncc1)c1nnc(n1CCN1CCOCC1)Cc1ccccc1	2.18
C-logD7.4-83	Clc1c2c(sc1C(=O)NC=1SCCN=1)cc(F)cc2	5.16
C-logD7.4-9	[nH]1c2c(cc(cc2)C)c(c1C1CCCNC1)-c1ccncc1	2.18
E-logD7.4-1	O(C)c1ccc(cc1)/C(=N\O)/COC	1.64
E-logD7.4-10	Fc1cc(N\C(=N/O)\c2ccc(OC)cc2)ccc1	3.09
E-logD7.4-11	O(C)c1ccc(cc1)/C(=N\O)/Nc1ccccc1	3.1
E-logD7.4-12	o1c(nc(CNCCC2N(CCC2)C)c1C)-c1cc(ccc1)C	3.3
E-logD7.4-13	o1c(nc(CNCCC2N(CCC2)C)c1C)-c1ccc(cc1)C	3.3
E-logD7.4-14	Fc1cc(ccc1)-c1nn2c(N=C(C=C2N2CCNCC2)C)c1	3.44
E-logD7.4-15	O(C)c1ccccc1/C(=N/O)/NC1CCCCC1	3.6
E-logD7.4-16	FC(F)(F)c1cc(N\C(=N/O)\c2ccc(OC)cc2)ccc1	3.67
E-logD7.4-17	Fc1cc(ccc1)-c1nn2c(N=C(C=C2NCCCn2ccnc2)C)c1	3.67
E-logD7.4-18	Fc1cccc(F)c1/C(=N/O)/NC1CCCCC1	3.67
E-logD7.4-19	O(C)c1ccc(cc1)/C(=N\O)/Nc1cc(ccc1)CC	3.76
E-logD7.4-2	O(C(=O)c1ccccc1)C1=CC(=O)N(C1)C	2.34
E-logD7.4-20	O(c1ccccc1OC)c1ncccc1/C(=N\O)/NC1CCCCC1	3.77
E-logD7.4-21	O(C)c1ccc(cc1)/C(=N/O)/NC1CCCCC1	3.82
E-logD7.4-22	O(C)c1cc(ccc1)/C(=N/O)/NC1CCCCC1	3.84
E-logD7.4-23	O\N=C(/NC1CCCCC1)\c1ccccc1	3.9
E-logD7.4-24	O(c1ncccc1/C(=N\O)/NC1CCCCC1)c1ccccc1	3.92
E-logD7.4-25	O\N=C(/NCC1CC1)\c1ccccc1-c1ccccc1	4
E-logD7.4-26	Fc1ccc(N\C(=N\O)\c2ccccc2-c2ccccc2)cc1	3.98
E-logD7.4-27	Fc1ccccc1Oc1ncccc1/C(=N\O)/NC1CCCCC1	3.99
E-logD7.4-28	O(c1ccc(cc1OC)C)c1ncccc1/C(=N/O)/NC1CCCCC1	4.02
E-logD7.4-29	Fc1ccc(cc1)/C(=N/O)/NC1CCCCC1	4.02
E-logD7.4-3	O(C)c1ccc(cc1)/C(=N/O)/Nc1cc(ccc1)C#N	2.41
E-logD7.4-33	Fc1ccc(cc1)-c1nn2c(N=C(C=C2N2CCNCC2)C(C)(C)C)c1	4.15
E-logD7.4-34	o1cc(nc1-c1ccc(OC)cc1)CNC(CCCCC)C	4.16
E-logD7.4-35	o1cc(nc1-c1ccc(OCC(=O)c2ccccc2)cc1)CNC(CCCCC)C	4.16
E-logD7.4-36	Fc1ccc(cc1)-c1nn2c(N=C(C=C2NC2CCNCC2)c2ccccc2)c1	4.2
E-logD7.4-37	N(Cc1ccc(cc1)-c1ccccc1)C(CCCCC)C	4.2
E-logD7.4-4	O(C(=O)c1ccc(OC)cc1)C1=CC(=O)N(C1)C	2.72
E-logD7.4-40	O\N=C(/NC1CCCC1)\c1ccccc1-c1ccccc1	4.3
E-logD7.4-41	O(c1ccccc1CC)c1ncccc1/C(=N\O)/NC1CCCCC1	4.31
E-logD7.4-42	O\N=C(/Nc1ccccc1)\c1ccccc1-c1ccccc1	4.32
E-logD7.4-43	o1cc(nc1-c1cc(OC)ccc1)CNC(CCCCC)C	4.32
E-logD7.4-44	O(c1ncccc1/C(=N/O)/NC1CCCCC1)c1ccc(cc1)C	4.32
E-logD7.4-45	O\N=C(/NC1CCCCC1)\C1CCCCC1	4.41
E-logD7.4-46	O\N=C(\NC1CCCCC1)/c1c2c(ccc1)cccc2	4.43
E-logD7.4-47	O(c1ccccc1/C(=N/O)/NC1CCCCC1)c1ccccc1	4.43
E-logD7.4-48	Fc1cc(ccc1)-c1nn2c(N=C(C=C2NCCCN2CCOCC2)C)c1	4.44
E-logD7.4-49	O\N=C(/N1CCCCC1)\c1ccccc1-c1ccccc1	4.46
E-logD7.4-5	O\N=C(/CNC1CCCCC1)\c1ccccc1	2.78
E-logD7.4-50	Clc1ccccc1Oc1ncccc1/C(=N\O)/NC1CCCCC1	4.52
E-logD7.4-51	O\N=C(/NC1CCCCC1)\c1ccccc1-c1ccccc1	4.53
E-logD7.4-53	o1cc(nc1-c1ccc(OC(C)C)cc1)CNC(CCCCC)C	4.56
E-logD7.4-54	O\N=C(/NC1CCCCC1)\c1ccc(cc1)CC	4.6
E-logD7.4-55	o1cc(nc1-c1ccc(OCCCC)cc1)CNCCC1N(CCC1)C	4.64
E-logD7.4-56	o1cc(nc1-c1ccc(cc1)C)CNC(CCCCC)C	4.66
E-logD7.4-57	O\N=C(/NCC(C)(C)C)\c1ccccc1-c1ccccc1	4.67
E-logD7.4-58	o1cc(nc1-c1ccc(Oc2ccccc2)cc1)CNC(CCCCC)C	4.67
E-logD7.4-59	o1cc(nc1-c1ccc(cc1)CCCC)CNCCC1N(CCC1)C	4.69
E-logD7.4-6	O\N=C(/NC1CCCCC1)\c1cccnc1	2.82
E-logD7.4-60	Fc1ccc(cc1)-c1nn2c(N=C(C=C2NCCCN2CCCC2=O)c2ccccc2)c1	4.77
E-logD7.4-61	Fc1cc(ccc1)-c1nn2c(N=C(C=C2NCCCN2CCCC2)c2ccccc2)c1	4.79
E-logD7.4-62	o1cc(nc1-c1cc(OCC)ccc1)CNC(CCCCC)C	4.83
E-logD7.4-63	Fc1ccc(cc1)-c1nn2c(N=C(C=C2NCCCN(CC)CC)c2ccccc2)c1	4.84
E-logD7.4-65	o1cc(nc1-c1ccc(cc1)CCCC)CNCCN1CCCC1	4.89
E-logD7.4-66	o1cc(nc1-c1ccc(cc1)-c1ccccc1)CNC(CCCCC)C	4.94
E-logD7.4-67	o1cc(nc1-c1ccc(OCC)cc1)CNC(CCCCC)C	4.95
E-logD7.4-7	N(C(=N)c1ccccc1-c1ccccc1)C1CCCCC1	2.87
E-logD7.4-70	o1cc(nc1-c1ccc(OCCCC)cc1)CNC(CCCCC)C	5.01
E-logD7.4-71	Clc1ccc(cc1)-c1occ(n1)CNC(CCCCC)C	5.02
E-logD7.4-72	Clc1cc(ccc1)-c1occ(n1)CNC(CCCCC)C	5.02
E-logD7.4-77	o1cc(nc1-c1ccc(OCCCCC)cc1)CNCCC1N(CCC1)C	5.2
E-logD7.4-8	O(C)c1ccc(cc1)/C(=N/O)/CNC1CCCCC1	2.93
E-logD7.4-85	o1cc(nc1-c1ccc(OCC)cc1)CNC1C[C@@H]2C[C@H]([C@H]1C)C2(C)C	5.22
E-logD7.4-86	o1cc(nc1-c1ccc(OCCCC)cc1)CNC1CCCCCC1	5.34
E-logD7.4-87	o1cc(nc1-c1ccc(cc1)C(C)(C)C)CNC1CCCCCC1	5.41
E-logD7.4-88	o1cc(nc1-c1ccc(cc1)CCCC)CNC1CCCCCC1	5.49
E-logD7.4-89	o1cc(nc1-c1ccc(OCC)cc1)CNC[C@H]1[C@@H]2C[C@H](CC1)C2(C)C	5.5
E-logD7.4-9	Fc1ccc(N\C(=N/O)\c2ccc(OC)cc2)cc1	3.02
E-logD7.4-90	o1cc(nc1-c1ccc(cc1)CCCC)CNC(CCCCC)C	5.51
E-logD7.4-91	o1cc(nc1-c1ccc(cc1)CCCC)CNC1CC(CC(C1)C)(C)C	5.99
E-logD7.4-92	o1cc(nc1-c1ccc(OCCCCC)cc1)CNC1CC(CC(C1)C)(C)C	6.02
E-logD7.4-93	o1cc(nc1-c1ccc(OCCCCC)cc1)CNC[C@H]1[C@@H]2C[C@H](CC1)C2(C)C	6.45
E-logD7.4-94	o1cc(nc1-c1ccc(OCCCCC)cc1)CN[C@@H]1C[C@@H]2C[C@H]([C@H]1C)C2(C)C	6.5
E-logD7.4-95	o1cc(nc1-c1ccc(cc1)CCCC)CN[C@@H]1C[C@@H]2C[C@H]([C@H]1C)C2(C)C	6.6
E-logD7.4-96	o1cc(nc1-c1ccc(cc1)CCCC)CNC[C@H]1[C@@H]2C[C@H](CC1)C2(C)C	6.68
F-logD7.4-12	OC1=CC=CN(CC(=O)NC(C)C)C1=O	-0.34
F-logD7.4-13	OC1=CC=CN(CC(=O)NCCC)C1=O	-0.24
F-logD7.4-14	OC1=CC=CN(C)C1=O	-0.22
F-logD7.4-15	OC1=CC=CN(CC)C1=O	0.2
F-logD7.4-17	OC1=CC=CN(CC(=O)NCCCC)C1=O	0.33
F-logD7.4-21	OC1=CC=CN(CCCC)C1=O	1.2
F-logD7.4-27	OC=1C(=O)C=CN(CCCN)C=1C	-2.1
F-logD7.4-30	OC=1C(=O)C=CN(CCC(=O)NC)C=1C	-1.1
F-logD7.4-49	OC=1C(=O)C=CN(CCC(=O)NCCCC)C=1C	0.1
F-logD7.4-52	OC=1C(=O)C=CN(CC)C=1CC	0.25
F-logD7.4-6	OC1=CC=CN(CC(=O)NC)C1=O	-1.15
F-logD7.4-60	OC=1C(=O)C=CN(CCCCCC)C=1CC	2.28
F-logD7.4-61	OC=1C(=O)C=CN(CCCCCCCC)C=1C	2.88
G-logD7.4-26	O(C)C1=CC=C2c3c(cc(OC)c(OC)c3OC)CC[C@H](NC(=O)C)C2=CC1=O	0.9
G-logD7.4-60	Clc1cc(N2CCN(CC2)CCCN2N=C(N(CCOc3ccccc3)C2=O)CC)ccc1	4.83
G-logD7.4-62	Clc1cc(Cl)ccc1[C@@]1(O[C@H](CO1)COc1ccc(N2CCN(CC2)c2ccc(N3C=NN(C(CC)C)C3=O)cc2)cc1)Cn1ncnc1	5.79
H-logDsf-8	N1(CCC(CC1)=C1c2c(C=Cc3c1cccc3)cccc2)C	3.11
I-logDoct-PBS-11	n1cccnc1Cc1cc(ccc1)CN	-1.11
I-logDoct-PBS-12	n1cccnc1Cc1cc(ccc1)C(N)=N	-1.03
I-logDoct-PBS-13	n1n(ccc1)Cc1cc(ccc1)CN	-0.77
I-logDoct-PBS-14	OC(=O)c1cc(ccc1)Cn1c2c(nc1)cccc2	-0.72
I-logDoct-PBS-15	OC(=O)c1ccc(cc1)Cn1c2c(nc1)cccc2	-0.61
I-logDoct-PBS-16	O=C(N)c1cc(ccc1)Cn1ccnc1	-0.01
I-logDoct-PBS-17	n1c2c(n(c1)Cc1cc(ccc1)CN)cccc2	0.21
I-logDoct-PBS-18	[nH]1nc(nn1)-c1cc(ccc1)Cn1c2c(nc1)cccc2	0.27
I-logDoct-PBS-19	O=C(N)c1cc(ccc1)Cc1ncccn1	0.28
I-logDoct-PBS-2	OC(=O)c1ccc(cc1)Cc1ncccn1	-2.2
I-logDoct-PBS-20	O=C(N)c1cc(ccc1)Cn1nccc1	0.71
I-logDoct-PBS-21	n1ccn(c1)Cc1cc(ccc1)C#N	1.01
I-logDoct-PBS-22	S(=O)(=O)(N)c1ccc(cc1)Cn1c2c(nc1)cccc2	1.04
I-logDoct-PBS-23	n1cccnc1Cc1cc(ccc1)C#N	1.46
I-logDoct-PBS-24	O=C(N)c1cc(ccc1)Cn1c2c(nc1)cccc2	1.7
I-logDoct-PBS-25	n1n(ccc1)Cc1cc(ccc1)C#N	1.74
I-logDoct-PBS-27	n1ccn(c1)Cc1ccccc1	1.78
I-logDoct-PBS-28	n1c2c(n(c1)Cc1cc(N)ccc1)cccc2	1.92
I-logDoct-PBS-29	S(=O)(=O)(Nc1cc(ccc1)Cn1c2c(nc1)cccc2)C	2.08
I-logDoct-PBS-3	OC(=O)c1ccc(cc1)Cn1ccnc1	-2.1
I-logDoct-PBS-30	n1c2c(n(c1)Cc1cc(ccc1)C#N)cccc2	2.47
I-logDoct-PBS-31	n1c2c(n(c1)Cc1ccccc1)cccc2	2.91
I-logDoct-PBS-4	OC(=O)c1cc(ccc1)Cn1ccnc1	-2.07
I-logDoct-PBS-5	OC(=O)c1cc(ccc1)Cc1ncccn1	-1.98
I-logDoct-PBS-6	OC(=O)Cc1ccc(cc1)Cn1nccc1	-1.8
I-logDoct-PBS-7	OC(=O)c1ccc(cc1)Cn1nccc1	-1.65
I-logDoct-PBS-8	OC(=O)c1cc(ccc1)Cn1nccc1	-1.62
I-logDoct-PBS-9	[nH]1nc(nn1)-c1cc(ccc1)Cc1ncccn1	-1.28
J-D7.4-1	OC=1C(=O)C=CN(C)C=1CO	-1.32
J-D7.4-10	OC=1C(=O)C=C(N(C)C=1C(O)C)C	-0.61
J-D7.4-11	OC=1C(=O)C=CN(CC)C=1C(O)C	-0.56
J-D7.4-12	OC=1C(=O)C=C(N(C)C=1C(O)CC)C	-0.13
J-D7.4-14	OC=1C(=O)C=CN(CCCOC(=O)c2ccccc2)C=1CO	0.75
J-D7.4-15	OC=1C(=O)C=CN(CCOC(=O)C(C)(C)C)C=1CC	1.16
J-D7.4-16	OC=1C(=O)C=CN(CCCOC(=O)c2ccccc2)C=1C	1.25
J-D7.4-2	OC=1C(=O)C=CN(CCCO)C=1CO	-1.25
J-D7.4-3	OC=1C(=O)C=CN(CCCO)C=1C(O)C	-1.12
J-D7.4-4	OC=1C(=O)C=C(N(C)C=1CO)C	-1.01
J-D7.4-6	OC=1C(=O)C=CN(CC)C=1CO	-0.85
J-D7.4-9	OC=1C(=O)C=C(N(CC)C=1CO)C	-0.65
O-1	Clc1cc(Cl)ccc1[C@]1(O[C@@H](CO1)COc1ccc(N2CCN(CC2)C(=O)C)cc1)Cn1ccnc1	3.83
O-10	O=C1C=C2[C@@]([C@H]3[C@@H]([C@H]4CC[C@](O)(C(=O)CO)[C@@]4(C[C@H]3O)C)C[C@H]2C)(C=C1)C	2.1
O-103	Oc1ccccc1C(O)=O	-2.14
O-104	S(=O)(=O)(Nc1ncccc1)c1ccc(N\N=C/2\C=C(C(O)=O)C(=O)C=C\2)cc1	-0.13
O-107	O=C1CC[C@@]2([C@@H]3[C@H]([C@@H]4CC[C@H](O)[C@]4(CC3)C)CCC2=C1)C	3.31
O-109	S(C)c1cc2c(N=CN(\C=C\C(O)=O)C2=O)cc1	-1.05
O-11	O1C[C@H]2[C@@H]([C@@H](c3c(cc4OCOc4c3)[C@H]2O[C@@H]2O[C@H]3[C@@H](O[C@@H](OC3)C)[C@@H](O)[C@H]2O)c2cc(OC)c(O)c(OC)c2)C1=O	1.82
O-110	O(C)c1cc(ccc1OC)C(C(C)C)(CCCN(CCc1cc(OC)c(OC)cc1)C)C#N	2.36
O-114	Clc1ccccc1C(n1ccnc1)(c1ccccc1)c1ccccc1	5.2
O-116	Fc1cc(F)ccc1C(O)(Cn1ncnc1)Cn1ncnc1	0.5
O-118	OCCn1c(ncc1[N+](=O)[O-])C	-0.02
O-119	Brc1cc2c(NC(=O)CN=C2c2ncccc2)cc1	1.65
O-121	Clc1c2O[C@]3([C@@H](CC(=O)C=C3OC)C)C(=O)c2c(OC)cc1OC	2.18
O-122	O=C1CC[C@]2([C@@H]3[C@H]([C@H]4CC[C@](O)(C(=O)COC(=O)C)[C@@]4(C[C@H]3O)C)CCC2=C1)C	2.19
O-123	Clc1ccccc1C1=N[C@H](O)C(=O)N(c2c1cc(Cl)cc2)C	2.72
O-124	S=C(Oc1cc2c(cc1)cccc2)Nc1cc(ccc1)C	5.4
O-128	n1ccn(c1)[C@@H](c1ccc(cc1)-c1ccccc1)c1ccccc1	4.77
O-13	OC(=O)C1CCC(CC1)CN	-3
O-130	Clc1cc(N2CCN(CC2)CCCN2N=C3N(C=CC=C3)C2=O)ccc1	2.54
O-131	o1c(ccc1[N+](=O)[O-])\C=N\O	1.28
O-133	c12c(cccc1)cccc2	3.37
O-14	o1cccc1C(=O)N1CCN(CC1)c1nc(N)c2cc(OC)c(OC)cc2n1	1.88
O-145	OC(=O)C(C)c1ccc(cc1)CC(C)C	0.88
O-146	O=C1CC[C@@]2([C@@H]3[C@H]([C@@H]4CC[C@](O)(C(=O)CO)[C@]4(C[C@@H]3O)C)CCC2=C1)C	1.54
O-147	Clc1c(cccc1Cl)C1C(C(OCC)=O)=C(NC(C)=C1C(OC)=O)C	4.2
O-148	O1[C@H]2[C@H]3N([C@H]([C@@H]12)CC(OC(=O)C(CO)c1ccccc1)C3)C	0.21
O-15	O1c2c(C(=O)C=C1C(O)=O)c(OCC(O)COc1c3c(OC(=CC3=O)C(O)=O)ccc1)ccc2	-1.15
O-150	S(=O)(=O)(Nc1ccc(cc1)C(O)CNC(C)C)C	-1.38
O-151	O=C1c2c(n(c3c2cccc3)C)CCC1Cn1ccnc1C	2.3
O-152	S1C[C@H](O[C@H]1CO)N1C=CC(=NC1=O)N	-0.92
O-158	s1cc(nc1)-c1[nH]c2c(n1)cccc2	1.94
O-16	Clc1cc2N=CNS(=O)(=O)c2cc1S(=O)(=O)N	-0.05
O-160	n1c2c(cccc2)ccc1	2.15
O-163	O(CC)C(=O)NC(=N)c1cc2[nH]c(nc2cc1)Cc1[nH]c2c(n1)cccc2	1.5
O-164	O\N=C(/N)\c1cc2[nH]c(nc2cc1)-c1ncccc1	1.6
O-166	O\N=C(/N)\c1cc2[nH]c(nc2cc1)Cc1[nH]c2nccc(c2n1)C	1
O-17	Clc1ccc(OC(C(OCC)=O)(C)C)cc1	3.39
O-170	OC(=O)[C@H](C)c1ccc(cc1)CC(C)C	1.44
O-171	O(C(=O)c1ccc(N)cc1)CCN(CC)CC	0.43
O-173	O1c2c(cccc2)C(O)=C([C@@H](CC(=O)C)c2ccccc2)C1=O	1.12
O-174	[Br-].O1c2c(cccc2)C(c2c1cccc2)C(OCC[N+](C(C)C)(C(C)C)C)=O	-1.07
O-175	[Br-].[n+]1(c2cc(N)ccc2c2c(cc(N)cc2)c1-c1ccccc1)CC	-1.1
O-177	[Br-].O1c2c(cccc2)C(c2c1cccc2)C(OC1CC2[N+](C(C1)CC2)(C)C)=O	-1.45
O-18	Fc1cc2c(-n3c(CN(C)C2=O)c(nc3)C(OCC)=O)cc1	1.21
O-180	S(Cc1nc[nH]c1C)CC\N=C(\NC#N)/NC	0.33
O-185	Clc1cc(Cl)ccc1C1(OC(CO1)CCC)Cn1ncnc1	3.5
O-189	s1c(nnc1NS(=O)(=O)c1ccc(N)cc1)C	-1.11
O-19	S1[C@H]2N(C(C(O)=O)=C(C1)C)C(=O)[C@H]2NC(=O)[C@H](N)c1ccc(O)cc1	-1.77
O-190	Clc1ccc(OC(n2ncnc2)C(=O)C(C)(C)C)cc1	2.77
O-191	Clc1cc(Cl)ccc1[C@@]1(O[C@H](CO1)COc1ccc(N2CCN(CC2)C(=O)C)cc1)Cn1ccnc1	4.33
O-192	S(=O)(=O)(NC(=O)NC1CCCCC1)c1ccc(cc1)CCNC(=O)c1ncc(nc1)C	1.91
O-193	O1[C@H](C)[C@H](C)[C@@H](OC(=O)C)[C@@H](C)C(=O)[C@@]2(OC2)C[C@H](C)[C@H](O[C@@H]2O[C@@H](C[C@H](N(C)C)[C@H]2OC(=O)C)C)[C@@H](C)[C@H](O[C@@H]2O[C@@H](C)[C@H](OC(=O)C)[C@@H](OC)C2)[C@@H](C)C1=O	3.2
O-194	n1ccn(c1)C	-0.06
O-195	O=C(C(C)(C)c1cccnc1)c1cccnc1	1.5
O-197	Oc1cccnc1	0.52
O-198	S(=O)(Cc1ncccc1)c1[nH]c2c(n1)cccc2	1.33
O-199	Clc1cc(Cl)ccc1C(OCc1ccc(Cl)cc1)Cn1ccnc1	5.25
O-2	OC(=O)[C@H]1CCn2c1ccc2C(=O)c1ccccc1	-0.27
O-20	S1[C@H]2N([C@H](C(O)=O)C1C)C(=O)[C@H]2NC(=O)COc1ccccc1	-0.62
O-201	[nH]1ccnc1C	-0.99
O-202	O(C(=O)C(=O)Nc1cc(ccc1)-c1nn[nH]n1)CCCC	-0.54
O-204	S=C(NC1CCCCC1)N1CCC(CC1)c1nc[nH]c1	2.59
O-205	S1(=O)(=O)N(C)C(C(=O)Nc2ncccc2)=C(O)c2c1cccc2	0.26
O-21	O=C1CC[C@@]2([C@@H]3[C@H]([C@H]4CC[C@@H](C(=O)C)[C@@]4(CC3)C)CCC2=C1)C	3.48
O-214	N(CCCN1c2c(CCc3c1cccc3)cccc2)(C)C	2.52
O-216	F[C@@]12[C@H]([C@@H]3C[C@@H](C)[C@](O)(C(=O)CO)[C@]3(C[C@@H]1O)C)CCC1=CC(=O)C=C[C@@]12C	1.74
O-221	O=C1CC[C@@]2([C@@H]3[C@H]([C@@H]4CC[C@H](C(=O)CO)[C@]4(C[C@@H]3O)C)CCC2=C1)C	1.89
O-224	S1c2c(N(CCN(C)C)C(=O)C(OC(=O)C)C1c1ccc(OC)cc1)cccc2	2.22
O-225	OC(=O)Cn1cc(cc1)C(=O)c1cc2c(cc1)cccc2	-0.23
O-227	OC(=O)Cn1cc(cc1)C(=O)c1ccc(cc1)C	-0.19
O-228	OC(=O)Cn1cc(cc1)C(=O)c1ccc(cc1)C(C)(C)C	0
O-229	O(C)c1ccc(cc1)C(=O)c1ccn(c1)CC(O)=O	-0.96
O-230	Clc1ccc(cc1)C(=O)c1ccn(c1)CC(O)=O	-0.29
O-231	FC(F)(F)c1ccc(cc1)C(=O)c1ccn(c1)CC(O)=O	-0.05
O-232	OC(=O)Cn1cc(cc1)C(=O)c1ccc([N+](=O)[O-])cc1	-0.72
O-234	Clc1cc(ccc1)C(=O)c1ccn(c1)CC(O)=O	-0.39
O-235	OC(=O)Cn1cc(c2c1cccc2)C(=O)c1ccccc1	-0.1
O-236	OC(=O)Cn1cc(cc1C(=O)c1ccccc1)C(=O)c1ccccc1	-0.51
O-237	O(C)c1ccc(cc1)C(=O)c1cc(n(c1)CC(O)=O)C(=O)c1ccccc1	0.12
O-238	O(C)c1ccc(cc1)C(=O)c1cc(n(c1)CC(O)=O)C(=O)c1ccc(OC)cc1	0.39
O-239	O(C)c1ccc(cc1)C(=O)c1n(ccc1)CC(O)=O	-0.87
O-24	O=C1N(N(C)C(C)=C1N(C)C)c1ccccc1	0.63
O-240	s1c2c(nc1-c1ccn(c1)CC(O)=O)cccc2	-0.35
O-241	OC(=O)Cc1[nH]c(cc1)C(=O)c1ccccc1	-0.67
O-242	OC(=O)Cn1cc(cc1)C(=O)c1ccccc1	-0.85
O-267	O(C)c1cc2N([C@@H]3[C@@]4([C@H]5N(CC=C[C@@]5(CC)[C@@H](OC(=O)C)[C@]3(O)C(OC)=O)CC4)c2cc1[C@@]1(c2[nH]c3c(c2CCN2C[C@@](O)(C[C@H](C1)C2)CC)cccc3)C(OC)=O)C=O	0.45
O-268	OC(CO)CO	-1.9
O-27	O(CC(O)CNC(C)C)c1c2c(ccc1)cccc2	1.54
O-270	O1C2C34C(C(N(CC3)C)Cc3c4c1c(O)cc3)C=CC2O	-0.44
O-277	S(=O)(Cc1ncc(C)c(OC)c1C)c1[nH]c2cc(OC)ccc2n1	2.22
O-289	S1[C@H]2N([C@@H](C(O)=O)C1(C)C)C(=O)[C@H]2NC(=O)[C@H](N)c1ccc(O)cc1	-2.56
O-29	O=C1N(N(C)C(=C1)C)c1ccccc1	0.4
O-298	Clc1cccc(Cl)c1Nc1ccccc1CC(O)=O	1.3
O-3	Clc1cccc(Cl)c1\C=N\NC(N)=N	1.4
O-303	O(C[C@H](O)CNC(C)C)c1ccccc1CC=C	0.86
O-306	OC(=O)c1ccccc1N	-1.31
O-308	O1[C@@H](CC)[C@](O)(C)[C@H](O)[C@H](C)\C(=N\OCOCCOC)\[C@@H](C[C@](O)(C)[C@H](O[C@H]2O[C@@H](C[C@@H](N(C)C)[C@H]2O)C)[C@@H](C)[C@@H](O[C@@H]2O[C@H](C)[C@@H](O)[C@@](OC)(C2)C)[C@H](C)C1=O)C	1.92
O-310	S(=O)(=O)(Nc1ncccn1)c1ccc(N)cc1	-0.6
O-314	n1cc(ccc1)[C@@H]1N(CCC1)C	0.45
O-316	Clc1cc(ccc1)C(=O)[C@@H](NC(C)(C)C)C	2.61
O-318	Clc1cc(C(=O)NCCN(CC)CC)c(OC)cc1N	0.41
O-322	F[C@@]12[C@H]([C@@H]3C[C@H](C)[C@](O)(C(=O)CO)[C@]3(C[C@@H]1O)C)CCC1=CC(=O)C=C[C@@]12C	2.1
O-325	O1[C@@H]2[C@]34CCN([C@H](Cc5c3c1c(O)cc5)[C@]4(O)CCC2=O)CC=C	1.09
O-33	O=C1NC(=N)N(C1)C	-2
O-334	S(Cc1oc(cc1)CN(C)C)CCN\C(\NC)=C\[N+](=O)[O-]	-0.53
O-344	OC(=O)[C@H](NC(=O)[C@@H](NC(=O)[C@H](N)Cc1ccccc1)Cc1ccccc1)Cc1ccccc1	-0.29
O-347	Clc1ccc(cc1)-c1c(nc(nc1N)N)CC	2.44
O-350	Clc1cc\2c(Sc3c(cccc3)/C/2=C/CCN(C)C)cc1	3.71
O-352	O(Cc1ccccc1)C(=O)NC[C@@H]1C[C@H]2[C@H](N(C1)C)Cc1c3c2cccc3n(c1)C	3.5
O-354	s1cccc1CC(=O)N[C@@]1(OC)[C@H]2SCC(COC(=O)N)=C(N2C1=O)C(O)=O	-0.6
O-361	OC(=O)c1cc(N)ccc1	-2.38
O-365	O=C1C=C2CC[C@H]3[C@H]([C@@]2(C=C1)C)C(=O)C[C@]1([C@@H]3CC[C@]1(O)C(=O)CO)C	1.44
O-367	O(C)c1cc(ccc1OC)Cc1nccc2c1cc(OC)c(OC)c2	2.89
O-37	O=C1NC(=O)NC1(c1ccccc1)c1ccccc1	2.34
O-374	S(=O)(=O)(Nc1ccc(cc1)[C@H](O)CNC(C)C)C	-1.19
O-377	Brc1cc2c(nc1)cccc2	2.91
O-379	Clc1cc2N(c3c(Sc2cc1)cccc3)CCCN(C)C	3.45
O-38	S1SCCC(=O)NC(Cc2ccc(O)cc2)C(=O)NC(Cc2ccccc2)C(=O)NC(CCC(=O)N)C(=O)NC(CC(=O)N)C(=O)NC(C1)C(=O)N1CCCC1C(=O)NC(CCCN=C(N)N)C(=O)NCC(=O)N	-1.95
O-381	O(C(=O)c1ccccc1)[C@H]1C[C@H]2N([C@H](CC2)[C@H]1C(OC)=O)C	1.07
O-383	Clc1ccc(cc1)[C@H](N1CCN(CC1)CCOCCO)c1ccccc1	3.13
O-385	s1c(cnc1NC(=O)C=1N(S(=O)(=O)c2c(cccc2)C=1O)C)C	0.12
O-391	S1(=O)(=O)NC(=O)c2c1cccc2	-1
O-396	Clc1ccccc1C1=NCC(=O)Nc2c1cc([N+](=O)[O-])cc2	2.45
O-398	Clc1ccccc1C1=NC(O)C(=O)Nc2c1cc(Cl)cc2	2.39
O-4	S1[C@H]2N(C(C(O)=O)=C(C1)C)C(=O)[C@H]2NC(=O)[C@H](N)c1ccccc1	-1
O-402	Fc1cc2c3[NH+]([C@@H](CCc3c1)C)[CH-]C(C(O)=O)=C2[O-]	0.65
O-404	Clc1cc2c(NC(=O)CN=C2c2ccccc2)cc1	3.01
O-409	OC(=O)c1ccc(N)cc1	-1.77
O-412	O1c2c3c4c(c(O)c2C)C(O)=C(NC(=O)C(=C\C=C/[C@H](C)[C@H](O)[C@@H](C)[C@@H](O)[C@@H](C)[C@H](OC(=O)C)[C@H](C)[C@@H](OC)\C=C/O[C@]1(C)C3=O)C)\C(=C/NN1CCN(CC1)C)\C4=O	0.98
O-414	F[C@H]1C2=CC(=O)C=CC2([C@H]2[C@@H]([C@H]3C[C@H](C)[C@@H](C(=O)CO)[C@@]3(C[C@H]2O)C)C1)C	2.1
O-418	OC(=O)[C@H](NC(=O)[C@H](N)Cc1ccccc1)Cc1ccccc1	-0.98
O-426	FC1=CC2=C([O-])C(=C[NH+]3[C@@H](COC(=C1N1CCN(CC1)C)[C-]23)C)C(O)=O	-0.34
O-43	OC[C@@H](O)[C@@H](O)[C@H](O)[C@H](O)CO	-3.1
O-432	O(C[C@H](O)CNC(C)C)c1c2c(ccc1)cccc2	1.41
O-434	Clc1cc(O)ccc1	2.56
O-437	Fc1cc(F)ccc1-c1cc(C(O)=O)c(O)cc1	0.37
O-440	OC(=O)[C@@H](NC(=O)[C@@H](N)Cc1c2c([nH]c1)cccc2)Cc1ccccc1	-0.5
O-448	Clc1ccc(cc1S(=O)(=O)N)C1(O)NC(=O)c2c1cccc2	0.78
O-452	S1[C@H]2N([C@@H](C(O)=O)C1(C)C)C(=O)[C@H]2NC(=O)[C@H](N)c1ccccc1	-1.85
O-456	NC(=N)N1CCc2c(C1)cccc2	-0.87
O-461	O=C1Nc2c(cc([N+](=O)[O-])cc2)C(=NC1)c1ccccc1	2.38
O-464	OC[C@@H](NC(=O)[C@@H]1C=C2[C@H](N(C1)C)Cc1c3c2cccc3n(c1)C)CC	2.13
O-466	O(C[C@H](O)CNC(C)(C)C)c1ccccc1C1CCCC1	2.06
O-468	O[C@H]([C@@H](NC)C)c1ccccc1	-0.77
O-471	O=C1N(C)C(=O)N(c2ncn(c12)C[C@@H](O)C)C	-0.07
O-475	O(C)c1cc2c(nccc2[C@H](O)[C@@H]2N3C[C@@H]([C@H](C2)CC3)C=C)cc1	2.41
O-479	Oc1c(CO)c(cnc1C)CO	-0.51
O-483	s1cccc1C(=O)c1ccc(cc1)C(C(O)=O)C	-0.3
O-485	N([C@@H](Cc1ccccc1)C)(CC#C)C	2.49
O-490	S(=O)(=O)(c1ccc(N)cc1)c1ccc(N)cc1	0.68
O-492	Fc1ccc(cc1)C[C@H](N(CC#C)C)C	2.7
O-494	S(=O)(=O)(Nc1onc(C)c1C)c1ccc(N)cc1	-0.56
O-499	OC(=O)[C@@H](NC(=O)[C@@H](N)Cc1c2c([nH]c1)cccc2)Cc1c2c([nH]c1)cccc2	-0.4
O-5	S(=O)(=O)(N)c1cc(cc(NCCCC)c1Oc1ccccc1)C(O)=O	-0.11
O-507	O(CCNC[C@H](O)COc1c2c3c([nH]c2ccc1)cccc3)c1ccccc1OC	3.53
O-509	Fc1cc2c(N(C=C(C(O)=O)C2=O)CC)cc1N1CCNCC1	-0.5
O-51	OC(=O)c1ccccc1	-1.25
O-511	O=C1C=C2CC[C@@H]3[C@@H]([C@@]2(C=C1)C)[C@H](O)C[C@@]1([C@@H]3CC[C@]1(O)C(=O)CO)C	1.83
O-521	Brc1[nH]c2c3c1C[C@@H]1N(C[C@@H](C=C1c3ccc2)C(=O)N[C@@]1(O[C@]2(O)N([C@H](CC(C)C)C(=O)N3[C@H]2CCC3)C1=O)C(C)C)C	4.2
O-524	O(C(=O)c1ccc(N)cc1)CC	1.9
O-53	O=C1NC(=O)NC(=O)C1(C)c1ccccc1	1.51
O-531	O(C(=O)C=1C(C(C(OC)=O)=C(NC=1C)C)c1cc([N+](=O)[O-])ccc1)CC	3.5
O-541	O=C(NCCN(CC)CC)c1ccc(N)cc1	-0.36
O-543	O1[C@H]2[C@@]34[C@@H]([C@@H](N(CC3)C)Cc3c4c1c(O)cc3)C=C[C@H]2O	-0.06
O-545	O(C[C@H](O)CNC(C)C)c1c2c3c([nH]c2ccc1)cccc3	1.58
O-555	Oc1ccc(cc1C(=O)N)[C@H](O)CN[C@@H](CCc1ccccc1)C	1.08
O-556	Fc1cc(ccc1-c1ccccc1)[C@@H](C(O)=O)C	0.91
O-557	O1[C@H](CC)[C@](O)(C)[C@@H](O)[C@@H](C)C(=O)[C@H](C[C@](O)(C)[C@H](O[C@@H]2O[C@@H](C[C@@H](N(C)C)[C@H]2O)C)[C@H](C)[C@H](O[C@@H]2O[C@H](C)[C@@H](O)[C@@](OC)(C2)C)[C@@H](C)C1=O)C	1.14
O-559	Fc1cc(F)ccc1[NH+]1c2nc(N3C[C@@H]4[C@H](C3)C4N)c(F)cc2C([O-])=C(C(O)=O)[CH-]1	0.25
O-56	O=C1C[C@@H](O)[C@@H](\C=C/[C@H](O)CCCCC)[C@@H]1C\C=C/CCCC(O)=O	0.41
O-560	OC[C@H](NC(=O)[C@@H]1C=C2[C@@H](N(C1)C)Cc1c3c2cccc3[nH]c1)C	1.54
O-562	Clc1ccc(cc1)C(=O)n1c2c(cc(OC)cc2)c(CC(O)=O)c1C	0.68
O-563	n1c2c(CCCC2)c(N)c2c1cccc2	0.34
O-566	S(=O)(=O)(N(CCC)CCC)c1ccc(cc1)C(O)=O	-0.23
O-567	OC(=O)[C@H](C)c1cc(ccc1)C(=O)c1ccccc1	-0.11
O-569	Fc1ccc(cc1)-c1c2c(n(C(C)C)c1\C=C\[C@H](O)C[C@@H](O)CC(O)=O)cccc2	1.14
O-57	O=C1C[C@@H](O)[C@@H](\C=C/[C@H](O)CCCCC)[C@@H]1CCCCCCC(O)=O	0.78
O-576	O(C)c1cc(N[C@@H](CCCN)C)c2ncccc2c1	1.17
O-579	N(CCC=C1c2c(CCc3c1cccc3)cccc2)(C)C	2.8
O-583	OC[C@H](O)[C@@H](O)[C@H](O)[C@@H](O)CNC	-3.62
O-584	O1[C@@H](CC)[C@](O)(C)[C@H](O)[C@@H](N(C[C@@H](C[C@](O)(C)[C@H](O[C@@H]2O[C@@H](C[C@@H](N(C)C)[C@H]2O)C)[C@@H](C)[C@H](O[C@@H]2O[C@@H](C)[C@H](O)[C@@](OC)(C2)C)[C@@H](C)C1=O)C)C)C	0.33
O-585	Fc1cc2c([NH+](C3CC3)[CH-]C(C(O)=O)=C2[O-])cc1N1CCNCC1	-1.12
O-586	S(=O)(=O)(Nc1ncccc1)c1ccc(\N=N\c2cc(C(O)=O)c(O)cc2)cc1	0.08
O-587	Oc1cc2CC[C@H]3[C@H]4CC[C@](O)(C#C)[C@@]4(CC[C@@H]3c2cc1)C	3.42
O-588	O(CCN(C)C)c1ccc(cc1)\C(=C(/CC)\c1ccccc1)\c1ccccc1	4.15
O-59	O1C(CCC1n1c2N=CNC(=O)c2nc1)CO	-0.54
O-592	n1c(N)c(\N=N\c2ccccc2)ccc1N	3.31
O-593	OC(=O)C	-2.88
O-62	O1C(C=CC1N1C=C(C)C(=O)NC1=O)CO	-0.72
O-63	O1[C@](O[C@H]2O[C@H](CO)[C@@H](O)[C@H](O)[C@H]2O)(CO)[C@@H](O)[C@H](O)[C@H]1CO	-3.34
O-64	O1C(CO)C([N-][N+]#N)CC1N1C=C(C)C(=O)NC1=O	-0.58
O-65	O=C1Nc2c(nccc2C)N(c2ncccc12)C1CC1	1.81
O-67	O=C1CC[C@@]2([C@@H]3[C@H]([C@@H]4CC[C@H](C(=O)C)[C@]4(CC3)C)CCC2=C1)C	3.48
O-73	Clc1cc(NCc2occc2)c(cc1S(=O)(=O)N)C(O)=O	-0.9
O-75	O(C)c1cc2c(cc(cc2)[C@@H](C(O)=O)C)cc1	0.3
O-8	OC(=O)CC1(CCCCC1)CN	-2
O-84	OC(=O)C(C)c1cc(ccc1)C(=O)c1ccccc1	0.1
O-85	Fc1ccc(cc1)-c1c2c(n(C(C)C)c1\C=C\[C@@H](O)C[C@@H](O)CC(O)=O)cccc2	1.4
O-88	O(CC(O)CNC(C)C)c1ccccc1CC=C	1
O-9	O1CCC[C@H]1C(=O)N1CCN(CC1)c1nc(N)c2cc(OC)c(OC)cc2n1	1.14
O-94	O1c2c(C=CC1=O)cccc2	1.415
O-97	Clc1cccc(Cl)c1C=NN=C(N)N	1.67
O-98	OC1(CCC2C3C(C4(C(=CC(=O)CC4)CC3)C)C(O)CC12C)C(=O)CO	1.53
