smiles,logP,pH
COc1ccccc1[C@@H]1CC(=O)Nc2cc(C)c(C)cc21,4.17,5.0
COc1ccc2c(c1)O[C@](O)(C(F)(F)F)CC2=O,2.79,5.0
CC(C)(C)C1(C)OC(C(N)=O)C(C(N)=O)O1,1.6,6.5
CCOc1cc(-c2nnc(-c3ccco3)o2)cc(OCC)c1OCC,3.96,10.5
C=C(c1ccc(N(C)C)cc1)c1ccc(N(C)C)cc1,5.3,7.3
Cc1ccc([C@@H](O)C#CC(O)(c2ccccc2)c2ccccc2)o1,3.53,10.5
CC(C)(C)c1cc(Cc2ccccc2)[nH]n1,4.35,10.5
C[C@H]1C[C@H](NC(=S)NCc2csc3ccccc23)CC(C)(C)C1,6.21,5.0
CCN=c1[nH]c(Oc2ccc(OCC)nn2)nc(=NC(C)C)[nH]1,3.14,10.5
c1ccc2c(c1)OCCOCCOCCO2,1.81,5.0
N#CC1C(=N)Oc2c(c(=O)oc3ccccc23)[C@H]1c1cccs1,2.34,10.5
CCOC(=O)CC1=Nn2c(nnc2-c2cccs2)SC1,2.98,10.0
O=C(Nc1ccc(C(F)(F)F)cc1)C1CCc2ccccc2O1,4.5,5.0
COCc1cc(OC(=O)N(C)C)nc(SCC(=O)C(C)(C)C)n1,3.33,5.0
O=C1C[C@@H](c2c(F)cccc2Cl)c2cc3c(cc2N1)OCCO3,3.96,5.0
CSc1scc(-c2cccs2)c1C#N,3.69,5.0
O=C(Nc1ccccc1C(F)(F)F)NC1CCCCC1,4.0,5.0
CCn1c(=NC[C@@H](O)c2ccccc2)[nH]c2c1c(=O)n(C)c(=O)n2C,3.24,6.5
Cc1nc2c(=N)[nH][nH]c(=N)c2nc1C,1.14,10.5
N#Cc1nc(N2CCCC2)nc(N(c2ccccc2)c2ccccc2)n1,5.38,6.5
N#CCc1nc(-c2ccc3c(c2)OCCCO3)cs1,2.68,5.0
CN(C)C(=O)C1OC(C)(C)OC1C(=O)N(C)C,1.49,5.0
COC(=O)C1OC(c2ccccc2)OC1C(=O)OC,2.49,5.0
CCN(CC)c1ccc(C=C2C(=O)c3ccccc3C2=O)c(OC)c1,5.05,10.5
CC(C)(C)S(=O)(=O)C(C#N)C=Nc1ccc(OC(F)(F)F)cc1,4.28,6.5
CCCC1C(=O)C[C@H](C(C)C)C(C#N)(C#N)C1(C#N)C#N,3.3,5.0
CC12CCCC(C(N)=O)(CCC1)C2,2.73,5.0
Cc1c(C)c(C)c(CSc2nnc(CC#N)n2C)c(C)c1C,4.14,6.5
CCOc1nc(C#N)nc(N2CCOCC2)n1,2.46,5.0
Cc1cc(C)c([C@H]2[C@@H]3CCCC=C3C(C#N)C(=N)C2(C#N)C#N)c(C)c1,5.48,5.0
O=C1C2[C@@H]3C[C@H]4[C@@H]5[C@@H]([C@H]1[C@@H]53)C1(OCCO1)[C@@H]24,0.51,2.0
O=C(c1ccc(F)cc1)C1CC1,2.61,5.0
C[C@@]1(c2ccc(Cl)cc2Cl)OC[C@@H](Cn2cncn2)O1,3.68,10.0
N=c1[nH]c2nc3[nH]c(=N)sc3cc2s1,1.56,10.0
CC1(C)C(C(=O)N2CCOCC2)CC[C@]1(C)C(=O)N1CCOCC1,2.46,5.0
Cc1nc(-c2ccc(Cl)cc2)cs1,3.65,7.3
CN(C)/C=C/C(=O)c1ccc(C#Cc2ccccc2)cc1,4.69,10.5
CCCn1c(=O)c(Br)cn(-c2ccccc2C)c1=O,2.82,5.0
COC(=O)COc1cc2occ(-c3csc(C)n3)c(=O)c2cc1C,3.9,10.5
Cc1ccc2c(C)[nH]c(=Nc3nc(=O)c4c([nH]3)CCCC4)nc2c1,3.92,10.0
CCCCOc1ccc(/C=C/C(=O)NC(C)C)cc1,4.45,5.0
CCN(CC)S(=O)(=O)N1CCCC(C(=O)NC2CCCCC2)C1,3.58,5.0
CC(C)=CCCC1=NN(C=O)[C@@](C)(CCC=C(C)C)C1,5.02,10.5
CC(NS(C)(=O)=O)c1ccccc1,1.8,5.0
CC[C@]1(C)NC(=S)N2N1C(=S)N[C@@]2(C)CC,2.44,5.0
CCCc1[nH]nc2c1[C@H](c1ccsc1C)C(C#N)C(=N)O2,3.83,10.5
CC(C)(C)C(=O)Nc1ccc(NC(=O)C(C)(C)C)cc1,2.79,5.0
COC(=O)NC(=O)C(O)c1ccccc1,1.41,5.0
COc1ccc(-c2n[nH]c(=N)s2)cc1OC,2.34,6.5
N#CCc1nc(-c2ccc3c(c2)OCCO3)cs1,2.92,5.0
O=C(CSc1nc2ccccc2s1)c1cccs1,4.04,5.0
CC(C)[C@H]1O[C@H]2CCCC[C@H]2C2=CCCC[C@H]21,5.87,5.0
Nc1ccccc1Nc1ccccc1,2.67,10.0
CC(=O)c1cc2ccccc2o1,2.15,5.0
O=C1c2ccccc2C(=O)N1c1ccccc1S(=O)C(F)(F)F,3.3,5.0
CCN(CC)C(=O)[C@@]12CC[C@@](C)(C(=O)O1)C2(C)C,2.66,5.0
CC(=O)/N=c1/sc2nc3ccccc3nc2n1N(C(C)=O)C(C)=O,1.1,10.0
Clc1ccc(/C=N/N=C2Cn3c(nc4ccccc43)NN2)cc1,4.81,10.5
COc1ccc2c(C)c(C)c(=O)oc2c1C,3.45,5.0
Cn1c2ccccc2n2c3nc(C#N)c(C#N)nc3c(C#N)c12,3.61,5.0
CC(C)OC(=O)c1ccc2[nH]c3c(c2c1)CCCC3,4.97,5.0
COc1ccc([C@@H]2CCCC[C@H]2O)cc1,2.85,5.0
Cc1cccc(NC(=O)NC(C)C)c1C,2.7,5.0
O=C1CC[C@H]2CCCC[C@@]2(O)O1,1.16,5.0
Cc1cc(=O)oc2cc(OC(C)C)ccc12,3.33,5.0
Cc1cc(Cl)ccc1OC(C)C(=O)NC1CCCCCC1,5.45,5.0
Clc1ccc(CSc2ncccn2)cc1Cl,4.33,5.0
CC1(C)C[C@](C)(O)[P@](C)(=O)O1,0.71,5.0
CC(C)(C)NC(=S)Nc1ccc(F)cc1,2.71,5.0
CC1=CC(C)C(CO)(CO)C(C)C1,2.93,5.0
CC1(C)C=C2OC(=N)C(C#N)C3(CCC4(CC3)OCCO4)C2C(=O)C1,3.24,10.0
CCn1c(SCc2ccccc2F)nc2sc(C)c(C)c2c1=O,5.86,10.5
Cc1cc(C)n(CCOC(=O)C2[C@H](C=C(Cl)Cl)C2(C)C)n1,4.76,10.5
N#CC1C(=N)Oc2[nH]nc(-c3cccs3)c2[C@@H]1C1CCCCC1,4.64,10.5
CC1CN(c2nc3ccccn3c(=O)c2C=C(C#N)C#N)CC(C)O1,3.24,10.0
CCn1c(SCC(=O)NC(C)(C)C)nnc1C1CCCCC1,3.2,10.0
COc1ccc(CNC(=O)C2CCCC2)cc1,2.6,5.0
COc1cc(C(=O)Nc2ccccc2C(C)(C)C)cc(OC)c1OC,3.61,5.0
O=C(CS(=O)(=O)Cc1ccccc1)Nc1ccc2c(c1)OCCO2,3.19,5.0
CCCC(=O)N1CC2(C)CN(C(=O)CCC)CC(C)(C1)C2,2.69,5.0
COc1cc(C(=O)c2ccc(F)cc2)cc(C(=O)c2ccc(F)cc2)c1,4.89,5.0
Cc1ccnc(N(C(=O)c2cc3c(s2)CCCC3)C(=O)c2cc3c(s2)CCCC3)c1,5.76,7.3
CCc1cc(=O)oc2c(C)c(OCC(=O)OC(C)(C)C)ccc12,4.52,5.0
CCN1C(=O)c2cccc3c(S(=O)(=O)N(C(=O)c4cccnc4)c4ccc(OC)cc4)ccc1c23,4.74,7.3
CCc1ccc(-n2nnnc2SCC(=O)Nc2ccc(C(C)=O)cc2)cc1,4.69,5.0
CC(C)(C)OC(=O)N1CCCC1C(=O)Oc1ccc2c(=O)c(-c3ccc(F)cc3)coc2c1,5.77,5.0
Cc1cc2c(cc1C)NC(c1cc3c(cc1Cl)OCO3)C1C(=O)CC(C)(C)CC1=N2,4.38,6.5
CCOC(=O)c1c(-n2c(O)c3c(c2O)CC(C)=C(C)C3)sc(C)c1C,4.56,5.0
CCN1C(=O)/C(=C2\SC(=S)N(Cc3ccc(OC)cc3)C2=O)c2cc(Br)ccc21,6.96,5.0
CCOc1cc(C(=O)Oc2ccc3c(C)cc(=O)oc3c2)cc(OCC)c1OCC,6.15,5.0
CCOC(=O)N1CCN(c2nc(C(F)(F)F)nc3c(C)cc(C)cc23)CC1,5.92,10.5
COc1ccc([C@H]2C[C@H](C(F)(F)F)n3ncc(C(=O)N(C)Cc4cnn(C)c4C)c3N2)cc1OC,4.25,7.3
Cc1ccc(S(=O)(=O)N2CCCN(S(=O)(=O)c3ccc(C)cc3C)CC2)c(C)c1,5.01,5.0
COc1cccc(-c2ccc3c(N)c(C(=O)Nc4ccc(F)c(F)c4)sc3n2)c1,5.86,7.3
CCOC(=O)c1c(NC(=O)C2C[C@H]3CC[C@@H]2C3)sc(C(=O)N(CC)CC)c1C,5.05,5.0
O=C(NCc1ccc(F)cc1)c1nn2c(c1Br)NC(c1cccs1)C[C@H]2C(F)(F)F,5.54,5.0
CCOC(=O)c1c(CC(C)C)csc1N=Cc1c(C)[nH]n(-c2ccccc2)c1=O,5.16,10.0
O=C(/C=C/c1ccccc1)Nc1cccc(NC(=O)c2cccc(Cl)c2)c1,5.53,5.0
O=C(Nc1cccc(Cl)c1)c1cc2n(n1)[C@H](C(F)(F)F)CC(c1ccccc1)N2,5.92,5.0
Cc1ccc(N(CCOC(=O)c2ccc(S(=O)(=O)N3CCCCC3)cc2)C2=NS(=O)(=O)c3ccccc32)cc1,5.58,5.0
CCOC(=O)Cn1c(O)c(OC(=O)c2ccccc2)c(OC(=O)c2ccccc2)c1O,5.0,5.0
N#CC1C(=N)OC2=C(C(=O)C[C@H](c3ccccc3)C2)[C@H]1c1ccccc1F,3.07,10.0
Cc1ccc(NCc2ccc3n2CC(=C2CCn4c(CNc5ccc(C)cc5)ccc42)C3=O)cc1,6.51,10.5
COC(=O)c1cccc(NC(=O)c2cc(C(=O)Nc3cccc(C(=O)OC)c3)cc(N3C(=O)c4ccccc4C3=O)c2)c1,6.09,6.5
COc1ccc(OCC(=O)N2CCN(C(=O)c3ccco3)CC2)cc1,2.76,5.0
CC(=O)Oc1cc(C(=O)Nc2ccc(Oc3ccccc3)cc2)cc(OC(C)=O)c1OC(C)=O,2.89,10.5
COc1ccc(Oc2c(C(F)(F)F)oc3cc(OC(=O)N4CCOCC4)ccc3c2=O)cc1,4.63,5.0
O=C(CSc1nnc2c3ccccc3n(Cc3ccccc3)c2n1)OCN1C(=O)c2ccccc2C1=O,4.51,6.5
O=C1C[C@@H](n2nc(-c3ccccc3)n(-c3ccccc3)c2=S)[C@@H]2COC1O2,3.65,7.3
CC(=O)Nc1ccc(C(=O)N(Cc2ccco2)C2(C(=O)Nc3c(C)cccc3C)CCCCC2)cc1,4.62,5.0
COc1ccccc1N(CCOC(O)c1cc(O)n(-c2ccccc2)c1)C1=NS(=O)(=O)c2ccccc21,2.5,6.5
O=C(CSc1nnc(-c2ccccc2)n1-c1ccccc1)N1CCN(C(=O)c2ccccc2)CC1,4.64,10.5
O=c1cc(C(O)Nc2ccccc2)s/c(=N\c2ccc(F)cc2)n1Cc1ccccc1,6.0,7.3
CCCS(=O)(=O)c1c(S(=O)(=O)CCC)c2cnccn2c1C(=O)c1ccc(C)cc1,3.93,5.0
O=C1CCC=C2OC3=CCCC(=O)C3C(c3ccc(OCc4ccccc4F)cc3)C12,4.92,5.0
CCOc1ccc(-c2[nH]nc3c2[C@H](c2ccco2)C(C#N)C(=N)O3)c(OCC)c1,4.48,10.5
CC1(C)C=C2C(C(=O)C1)[C@@H](c1cccc(Cl)c1)C(C#N)C(=N)N2c1c(F)cccc1F,5.04,5.0
COC(=O)c1cnn2c(C(F)(F)F)cc(-c3cc(OC)c(OC)c(OC)c3)nc12,4.08,5.0
CC1=CC(C(F)(F)F)(C(F)(F)F)C(C#N)C(=N)N1c1ccc(C(N)=O)cc1,4.41,5.0
COC(=O)c1c(NC(NC(=O)c2cccnc2)(C(F)(F)F)C(F)(F)F)sc2c1CCCCC2,5.75,6.5
CC1(C)C=C2OC(=N)C(C#N)[C@@H](c3c4ccccc4cc4ccccc34)C2C(=O)C1,4.99,10.5
COc1ccccc1N=c1nc(OCC(F)(F)F)[nH]c(OCC(F)(F)F)n1,5.27,5.0
CCC(C(=O)N1CCCN(C(=O)C(CC)c2ccccc2)CC1)c1ccccc1,4.93,5.0
CCC(=O)N1N=C(c2ccc(C3=NN(C(=O)CC)[C@@H](c4cccc(OC)c4OC)C3)cc2)C[C@@H]1c1cccc(OC)c1OC,6.65,7.3
COc1ccc(-n2c(O)cc(Sc3nc(C)cc(C)n3)c2O)cc1OC,2.95,10.5
Cc1ccc(S(=O)(=O)N(CCO)Cc2ccccc2)cc1,3.69,5.0
Cc1ccc(-n2c(=O)c3cc4c(=O)n(-c5ccc(C)c(C)c5)c(=O)c4cc3c2=O)cc1C,4.83,5.0
Cc1ccc(-c2cc(C(F)F)n3ncc(C(=O)N4CCSCC4)c3n2)cc1,4.55,5.0
O=C1c2ccccc2C(=O)N1c1ccccc1C(F)(F)F,3.55,5.0
COC(=O)c1c(N[C@@H](NC(C)=O)C(Cl)(Cl)Cl)sc2c1CCCC2,5.04,8.0
CCCS(=O)(=O)c1c(S(=O)(=O)CCC)c2c3ccccc3ccn2c1C(=O)c1ccccc1,4.48,5.0
O=C(NC1CCCC1)C1c2ccccc2Oc2ccccc21,3.95,5.0
CCc1ccc(OCC(=O)NCCc2ccc(OC)c(OC)c2)cc1,4.22,5.0
COc1ccc([C@H]2CC(=O)C3C(=Nc4ccc5ccccc5c4[C@@H]3c3ccc4c(c3)OCO4)C2)cc1,5.77,5.0
O=C(/C=C/c1ccc2c(c1)OCO2)Nc1ccc2c(c1)OCO2,3.72,2.0
CC(=O)Oc1cccc(N2C(=O)c3ccc(C(=O)c4ccc5c(c4)C(=O)N(c4cccc(OC(C)=O)c4)C5=O)cc3C2=O)c1,5.13,5.0
Cc1ccc(NC(=O)CSc2nnc(Cc3ccccc3)o2)cc1Cl,4.85,5.0
CCOc1ccc(N=CC(S(=O)(=O)c2ccc(C)cc2)S(=O)(=O)c2ccc(C)cc2)cc1,5.64,5.0
C(=N/n1cnnc1)\c1ccc(-n2nc(-c3ccccc3)cc2-c2ccccc2)cc1,5.58,10.0
O=c1[nH]c2ccccc2nc1CC(O)Nc1ccccc1NC(O)Cc1nc2ccccc2[nH]c1=O,3.42,6.5
Cc1sc2nc(SCC(=O)N3CCCC3)n(C3CCCCC3)c(=O)c2c1C,5.16,5.0
COc1cccc(Cn2cc(N)cn2)c1,1.55,7.3
Cc1c(NC(=O)C2CCCCN2S(=O)(=O)c2ccc(Cl)cc2)c(=O)n(-c2ccccc2)n1C,3.89,5.0
COc1cccc(OC)c1C(=O)Nc1ccc(N2CCN(C(=O)c3ccccc3C)CC2)cc1,4.16,7.3
Cc1cccc(C(=O)Nc2ccc(NC(=O)c3ccccc3)c(C)c2)c1,4.14,5.0
CCC(=NN=c1sc(C)c(O)n1Cc1ccco1)c1ccccc1,5.07,6.5
Cn1ncc(Cl)c1-c1nc(-c2no[nH]c2=N)no1,2.77,5.0
O=C1C2OC[C@H](O2)[C@H]2C1[C@@H]1C=C[C@H]2C1,1.48,5.0
C=CCn1c(C)c(C=C2C(=O)OC3(CCCCC3)OC2=O)c2ccccc21,4.62,5.0
COc1ccc(N2C3=C(C(=O)CC(C)(C)C3)C(c3ccc4c(c3)OCO4)C3=C2CC(C)(C)CC3=O)cc1,5.72,5.0
CCn1cc(C2C3=C(CC(C)(C)CC3=O)N(c3ccc(C)cc3)C3=C2C(=O)CC(C)(C)C3)c(C)n1,5.35,10.5
O=C(C1CCCO1)N1CCN(C(=S)Nc2ccc(Oc3ccccc3)cc2)CC1,4.18,6.5
COC(=O)C=C1OC(=N)C(C(=O)OCc2ccccc2)[C@@]2(C(=O)Nc3ccccc32)C1C(=O)OC,4.25,10.5
C[C@@H]1C=CCc2c1c(O)n(-c1cccc(C(=O)OCC(=O)c3ccc(Br)cc3)c1)c2O,5.29,5.0
COc1ccc([C@@H]2[C@@H]3CCCC=C3C(C#N)C(=N)C2(C#N)C#N)cc1COCC(F)(F)F,5.5,5.0
CCN(CC)C(=O)c1sc(NC(=O)c2cc(OC)cc(OC)c2)c(C(=O)OC)c1C,5.47,6.5
O=C(c1nn2c(c1Br)NC(c1cccs1)C[C@H]2C(F)(F)F)N1CCCC1,4.47,5.0
Cc1ccc(-c2c(C#N)c(Sc3c(C)[nH]n(-c4ccccc4)c3=O)[nH]c(=N)c2C#N)cc1,4.99,10.5
CCc1nc2sc(C#N)c(N)n2c(=O)c1C#N,2.09,5.0
CSc1ccc([C@@H]2c3c(c(O)n(-c4cccc(C(F)(F)F)c4)c3O)ON2c2ccccc2)cc1,5.98,10.0
C#Cc1cccc(NC(=O)c2cc(C(=O)Nc3cccc(C#C)c3)cc(N3C(=O)c4ccccc4C3=O)c2)c1,6.85,5.0
Cc1ccc(C)c(NC(=O)C2CC3c4ccccc4C2c2ccccc23)c1,5.26,5.0
O=C(c1c(F)cccc1F)N1CCCC1,1.88,5.0
CC(OC(=O)c1cccc(C(F)(F)F)c1)C(N)=O,2.75,5.0
O=C(c1cc2ccccc2s1)N1CCCN(c2ccc(C(F)(F)F)cn2)CC1,4.92,10.5
O=C(COc1nnc(SCC(=O)c2ccc3c(c2)OCCO3)n1C1Cc2ccccc2C1)c1ccc(F)cc1,5.47,6.5
Cc1ccc(N2CC(=O)N(/N=C/c3cn(-c4ccccc4)nc3-c3ccc(Cl)cc3)CC2=O)cc1,6.14,6.5
CSc1nc2c(C#N)c(SC)nn2c(-c2ccc(Cl)cc2)c1C#N,5.51,5.0
Cc1cccc(NC(=O)CSc2ccccn2)c1C,3.19,7.3
CCOC(=O)c1cn(C(C)(C)C)c(O)c1Nc1ccc(OC(=O)Nc2ccc(OC(F)(F)F)cc2)cc1,6.72,5.0
Cn1c(SCc2cc(F)cc(F)c2)nnc1-c1ccc2nonc2c1,3.68,7.3
COc1cc2c(cc1OC)[C@@]1(C)N(CC2)C(=O)OC12CCCCC2,3.47,5.0
CC1=C(C)Cc2c(c(O)n(-c3cccc(Br)c3)c2O)C1,3.93,5.0
O=C(c1cccnc1)N1CCN(S(=O)(=O)c2ccccc2)CC1,2.3,7.3
CCc1ccc2nc3c(cc2c1)c(=O)n(-c1ccccc1)c1c3c(=O)n(C)c(=O)n1C,4.31,10.5
CCOC(=O)C1C(C)=NC(=O)N[C@H]1c1ccc(-c2cc(C(F)(F)F)cc(C(F)(F)F)c2)o1,6.04,5.0
FC(F)(F)c1nc(-c2ccc(-c3noc(C(F)(F)F)n3)cc2)no1,6.06,5.0
Cc1nn(-c2ccccc2)c(C)c1-c1nnc(-c2c(C)nn(-c3ccccc3)c2C)o1,5.56,6.5
Cc1cc(C)n(-c2ccc(-n3cccc3/C=C(\C#N)S(C)(=O)=O)cc2)n1,4.25,7.3
O=C(/C=C/c1cccs1)Nc1ccc(I)cc1,4.67,2.0
CC(C)(C)c1cc(-c2nc(-c3ccc(C(F)(F)F)cn3)no2)n(Cc2ccccc2)n1,6.58,10.5
FC(F)(F)c1ccc(-n2cc3ccccc3n2)cc1,4.42,5.0
CCCN(CCC)S(=O)(=O)c1ccc(C(=O)N2CC[C@@H]3c4ccccc4C(=O)N3C2)cc1,4.55,5.0
C[C@H]1CN(C(=N)NS(=O)(=O)c2cc(C(F)(F)F)cc(C(F)(F)F)c2)C[C@@H](C)O1,4.43,5.0
Cc1cc(C)n(C2=NCCN2S(=O)(=O)c2cc(C(F)(F)F)cc(C(F)(F)F)c2)n1,4.7,10.5
COc1ccc(N(C(=O)C2CCCCC2)S(=O)(=O)c2ccc3c4c(cccc24)C(=O)N3C)cc1,5.26,5.0
n1onc2c1NC1Nc3nonc3NC1N2,0.3,7.3
COc1cc(CC(=NC(=O)c2ccccc2)C(=O)Nc2cccc(CO)c2)ccc1OC(C)=O,4.04,6.5
COc1cccc(NC(=O)CSc2nnc3ccccn23)c1,2.45,7.3
N#CC1C(=N)C(C#N)(C#N)[C@@H](c2ccccc2Cl)[C@@H]2CSCC=C12,4.5,5.0
CC[C@@H]1CCCCN1C(=O)C1CC(c2cc(Cl)c(OC)cc2OC)=NO1,4.55,10.0
C=CCN1C(=S)N(c2ccc(CC)cc2)[C@H]2CS(=O)(=O)C[C@@H]21,2.86,5.0
Oc1c2c(c(O)n1-c1nccs1)C1c3ccccc3C2c2ccccc21,3.83,10.0
O=C(c1ccccc1)c1ccc(N2CCN(C(=O)c3c(F)cccc3F)CC2)c(F)c1,5.14,7.3
Cc1cccc(C)c1NC(=O)CSc1nnnn1-c1ccc(OC(F)(F)F)cc1,4.82,5.0
Cc1nc(N(C)C)c2sc(=S)n(-c3ccccc3)c2n1,3.62,10.5
CCOC(=O)C1=C2SC(C)C(=O)N2C(=N)C(C(=O)OCC)[C@@H]1c1ccc(Cl)cc1Cl,5.49,10.0
COc1ccc(CCNC(=O)CSc2nc3c(c(=O)n(C)c(=O)n3C)n2Cc2ccccc2F)cc1OC,4.0,5.0
CCOC(=O)C1CCN(S(=O)(=O)c2nc3nc(C)cc(C)n3n2)CC1,2.71,7.3
Cc1ccc(N[C@H]2O[C@@H](CO)[C@H](O)[C@@H](O)[C@H]2O)cc1Br,2.28,7.0
COc1ccc(S(=O)(=O)n2c(=O)n(S(=O)(=O)c3ccc(OC)cc3)c3ccccc32)cc1,5.22,5.0
CN1C(=O)N(C)C2(c3ccccc3)Nn3c(s/c(=C\c4ccc(Br)cc4)c3=O)=NC12c1ccccc1,5.72,10.5
O=C(Cn1c(=O)n(-c2ccccc2)c(=O)n1CC(=O)N1CCCCC1)N1CCCCC1,2.78,5.0
O=C1/C(=C/c2c(Sc3ccccc3)nc3ccccn3c2=O)SC(=S)N1C[C@H]1CCCO1,5.87,5.0
COC(=O)c1cc(-n2c(O)c3c(c2O)[C@]2(C(OC(C)=O)OC(C)=O)C=C[C@H]3O2)ccc1Cl,3.77,6.5
CCC(NS(=O)(=O)c1ccc(C)cc1)C(=O)Oc1ccc2c3c(c(=O)oc2c1)CCCC3,3.08,2.0
COc1cc(C2=Nc3cc(C)c(C)cc3NC3CC(C)(C)CC(=O)C23)cc(OC)c1OC(C)=O,4.21,10.0
COc1cc2c3c(c1)/C(=C1/SC(=NC(C)=O)NC1=O)C(=O)N3C(C)(C)C=C2C,4.62,7.0
CC1=C(C(=O)N2CCCCC2)C(c2cccs2)C2C(=O)CCCC2=N1,3.37,6.0
COc1ccc([C@@H]2Nc3ccccc3C(=O)N2c2ccccc2)cc1COc1ccc(NC(C)=O)cc1,4.65,8.0
CCCCC(=O)NC1C2CC3CC(C2)CC1C3,3.8,5.0
CC1=C(C(=O)OCCc2ccccc2)[C@@H](c2ccc(Cl)cc2)C2C(=O)CCCC2=N1,5.48,7.3
CC(=O)c1cccc(-n2c(O)c3c(c2O)[C@@H]2C=C[C@H]3C2=C(c2ccc(C)cc2)c2ccc(C)cc2)c1,6.25,5.0
CCOC(=O)c1c(C)nc(SC[C@@]2(O)CCCC[C@@H]2SC)c(C#N)c1-c1ccccc1,6.01,5.0
Cc1c(C(=O)Nc2ccc(S(=O)(=O)N3CCCCCC3)cc2)oc2ccc(F)cc12,5.68,5.0
COC(=O)c1ccc(C2C3C(=O)C[C@@H](c4ccco4)CC3=Nc3ccccc3N2C(=O)C2CC2)cc1,4.44,5.0
O=C(COC(=O)c1cccc(N2C(=O)c3ccccc3C2=O)c1)c1ccc(F)cc1,4.68,5.0
Cc1nccn1S(=O)(=O)c1ccc(Cl)cc1,2.93,7.3
NC(=O)c1cc(-n2c(O)c3c(c2O)CC=CC3)ccc1N1CCCCC1,3.68,10.0
CC(=O)Oc1ccc(C(=O)Nc2cccc(C(=O)c3cccc(NC(=O)c4ccc(OC(C)=O)cc4)c3)c2)cc1,5.34,5.0
Cc1ccc(NC(=O)c2ccc(S(=O)(=O)N3CCOCC3)cc2)c(C(=O)c2ccccc2)c1,4.54,5.0
CC(=O)C1=C(C)N=C(SCC(=O)c2ccc(Cl)cc2Cl)C(C#N)[C@@H]1c1cccs1,5.25,10.5
COc1cccc([C@@H]2C3=C(CCCC3=O)N=C(C)C2C(=O)OC[C@@H]2CCCO2)c1,3.62,7.3
NC(=O)c1cc(NC(=O)c2cc(C(F)(F)F)cc(C(F)(F)F)c2)cc(C(N)=O)c1,3.87,5.0
COc1ccccc1N1C(=O)c2ccc(C(=O)Nc3ccc(-c4nnc(-c5ccccc5)o4)cc3)cc2C1=O,6.17,6.5
CCC(OC(=O)CNC(=O)c1ccc(N2C(=O)c3ccccc3C2=O)cc1)C(=O)c1ccccc1,4.15,2.0
CC(=O)C1=C(C)N=C(SCC(=O)Nc2ccccc2)C(C#N)[C@H]1c1ccccc1Cl,4.97,10.5
O=C1c2ccc(-c3ccc4c(c3)C(=O)N(CCO)C4=O)cc2C(=O)N1CCO,3.19,5.0
COc1ccc(NC(=O)c2cc(NC(=O)c3ccccc3)cc(C(=O)Nc3ccc(OC)cc3)c2)cc1,5.59,5.0
COc1ccc([C@@H]2c3c(c(O)n(-c4sc5c(c4C#N)CCCC5)c3O)ON2c2ccccc2C)cc1,5.83,5.0
CCOC(=O)c1c(N=Cc2c(O)n(C)c(=O)n(C)c2=O)sc2c1CC[C@@H](CC)C2,5.76,5.0
CCOc1cc([C@H]2[C@@H]3CN(C(=O)OC(C)(C)C)CC=C3C(C#N)C(=N)C2(C#N)C#N)ccc1OC(C)C,5.83,5.0
Cc1ccc(S(=O)(=O)/N=C2\SC(=CN(C)C)C(=O)N2C2CCCCC2)cc1,4.75,6.5
CCOc1ccc(C[C@H]2c3cc(OCC)c(OCC)cc3CCN2C(=O)c2scnc2C)cc1OCC,4.98,5.0
CC1(C)OC[C@H](COc2c(F)c(N3CCOCC3)nc(F)c2Cl)O1,4.07,5.0
COc1cccc(-c2[nH]nc3c2[C@@H](c2cc(OC)c(OC)cc2Br)C(C#N)C(=N)O3)c1,4.52,10.5
CC=NC(=O)C(Cc1cn(-c2ccccc2)nc1-c1cccs1)NC(=O)c1ccccc1,4.64,5.0
COC(=O)c1ccc(N(C(=O)C(F)(F)F)[C@@H]2C=CS(=O)(=O)C2)cc1,2.05,5.0
CNc1nc2c(C)cccn2c(=O)c1C=O,2.68,7.3
CC(=O)N=c1[nH]c2cc3sc(=NC(C)=O)[nH]c3cc2s1,3.13,6.5
COc1ccc(C2CC(=O)C3C(=Nc4ccccc4N(C(=O)C(F)(F)F)C3c3cc(OC)c(OC)c(OC)c3)C2)cc1,4.87,7.3
CCOC(=O)c1[nH]c2ccc(CO)c(Cl)c2c1C,3.92,5.0
N#Cc1nc2c(S(=O)(=O)c3ccccc3)c(N)n(Cc3ccc(F)cc3)c2nc1C#N,4.86,5.0
CCOCCOC(=O)C(C)n1cnc2sc3c(c2c1=O)CC[C@H](C)C3,4.25,10.0
Cc1nnc2c(=O)n(CCN=c3[nH]cc(C(F)(F)F)cc3Cl)c3ccc(Cl)cc3n12,4.57,10.5
Cc1ccc(C)n1-c1ccc(-c2ccnc3ncnn23)cc1,3.5,10.0
COc1ccc(C(=O)CC=Nc2ccc(Cl)c(C(F)(F)F)c2)cc1OC,5.31,5.0
COC(=O)C=CCN1C(=O)c2ccccc2C1=O,2.46,5.0
C[C@@H](NC(=O)C1CCN(C(=O)c2ccc(F)cc2)CC1)c1ccccc1,3.48,5.0
C[C@@]1(c2ccc(Cl)cc2)NC(=S)N2[C@@H]1NC(=S)N2c1ccc(Cl)cc1,4.94,5.0
CN(C)C(CC=Nc1cc(Cl)cc(Cl)c1)=C(C#N)C#N,1.59,6.5
O=c1c(NC(O)c2ccc(Cl)cc2)cc2c(O)cccc2n1CCN=c1[nH]cc(C(F)(F)F)cc1Cl,5.83,7.3
N#C[C@@H](Cc1cccs1)c1ncc(C(F)(F)F)cc1Cl,4.09,5.0
CC(Oc1ccc(F)cc1F)C(=O)c1cn(-c2ccc(OC(F)(F)F)cc2)nn1,5.83,5.0
CCOC(O)=c1[nH]c(=C2C(=O)c3ccccc3C2=O)c2c(O)n(N(C)c3ncc(C(F)(F)F)cc3Cl)c(O)c12,4.38,10.0
Cc1c(OCc2c(F)cccc2Cl)c(=O)ccn1Cc1ccc(Cl)cc1,5.63,10.5
CC1(C)C=C2OC(=N)C(C#N)[C@@H](c3ccc(C(F)(F)F)cc3)C2C(=O)C1,4.55,5.0
CCOc1ccc(CC(=O)C2=C(N3CCCC3)CCCC2=O)cc1OCC,3.3,6.5
COC(=O)c1c(C)sc2c1OC(=N)C(C#N)[C@@H]2c1cc(Br)cs1,5.06,10.5
COC(=O)c1cc(OC)c(OC)cc1NC(=O)COc1nonc1N1CCOCC1,4.49,6.5
CN(C)c1nc(=N)nc(COC(=O)c2ccc(-n3cnnc3)cc2)[nH]1,2.74,10.5
COc1ccc([C@@H]2CC(=O)N(c3sc4c(c3C#N)CCCC4)C3=C2C(=O)CCC3)c(OC)c1,4.55,5.0
COc1cccc(OCCn2c(=O)c3cc4c(=O)n(CCOc5cccc(OC)c5)c(=O)c4cc3c2=O)c1,5.43,5.0
CC(C)(C)C(=O)C1[C@H](c2ccsc2)C(C#N)(C#N)[C@H]2C=Cc3ccccc3N12,3.37,10.0
CC1=C(C(=O)OCCc2ccccc2)[C@@H](c2ccc3c(c2)OCO3)C2C(=O)C[C@@H](c3cccs3)CC2=N1,5.44,10.0
COc1ccccc1[C@@H]1C=C2N=C(C)C(C(=O)OC3CCCC3)[C@@H](c3ccc(OC(C)=O)cc3)C2C(=O)C1,5.81,10.0
CCOc1cc(C#N)c(NC(=O)c2cc(S(=O)(=O)N3CCOCC3)c(Cl)cc2Cl)cc1OCC,4.31,5.0
N#CC1C(=N)Oc2c(oc(CO)cc2=O)C1c1ccccc1OCc1ccccc1Cl,4.34,6.5
COC(=O)CSc1nc(=NCC(C)C)nc(N2CCOCC2)[nH]1,3.75,8.0
COc1ccccc1NC(=S)N[C@H](NC(=O)c1ccccc1C)C(Cl)(Cl)Cl,3.95,2.0
C[C@H]1CN(C(=O)c2cc(-c3ccc4c(c3)OCO4)nc3ccccc23)C[C@H](C)O1,4.19,10.0
Cc1ccc(-n2c(C)cc(=O)cc2C)cc1C,2.95,10.5
CCc1cccc(C)c1N(C(=O)Cn1c(C(C)O)nc2ccccc21)[C@@H](C)COC,4.48,8.0
COc1cc(C2c3c(cc(C)[nH]c3=O)OC(=N)C2C#N)cc(OC)c1OC,2.55,10.5
O=C(c1ccccc1)N1CCCCC(Sc2nnc3ccccn23)C1=O,3.14,10.5
CCCN(CCC)S(=O)(=O)c1ccc(C(=O)OCCn2c(O)c3c(c2O)C2c4ccccc4C3c3ccccc32)cc1,4.17,5.0
COc1c(Cl)ccc(Cl)c1C(=O)Nc1ccc(C)cc1C,4.0,5.0
CCOC(=O)c1[nH]c(=N)sc1C,1.74,8.0
O=C(Oc1ccc2cc(-c3nc4ccccc4s3)c(=O)oc2c1)c1ccccc1,5.7,10.0
CC(C)CCn1c(=NCCO)[nH]c2c1c(=O)n(C)c(=O)n2C,2.93,7.3
CCOC(=O)c1c(N)n2c(=O)/c(=C/c3ccc(C(=O)OC)cc3)sc2c(C(=O)OC)c1=c1ccc(=C(O)OC)cc1,6.95,7.3
O=C1C(=O)N(OCc2ccc(Br)cc2)[C@H]2CCCC[C@@H]2N1OCc1ccc(Br)cc1,5.49,7.3
COCCn1c(C)cc(C(=O)CSc2ncnc3sc(C)c(C)c23)c1C,4.59,6.5
COC(=O)c1ccc(C(=O)OC)c(NC(=O)CSc2ncnc3sc4c(c23)CC[C@@H](C)C4)c1,5.79,6.5
Cc1ccc(NC(=O)C2CCCN2C(=O)OC(C)(C)C)cc1C,3.9,5.0
COC(=O)C(NC(=O)CON=C1C=C2CC[C@H]3[C@H](CC[C@]4(C)[C@H]3CC[C@@]4(O)C(C)=O)[C@]2(C)CC1)c1ccccc1,6.27,7.3
CCCC[C@@]1(c2ccccc2)NC(=S)N(c2ccc(C)cc2)N1,5.1,10.0
N=c1[nH]c(SCC(=O)N(CCO)CCO)nc2sc3c(c12)CCCC3,3.2,10.5
CCOP(=O)(Cc1ccc(CP(=O)(OCC)OCC)o1)OCC,3.25,7.3
COc1ccc(/N=C/c2ccc(/C=N/c3ccc(OC)cc3)cc2)cc1,5.24,10.0
CCCc1[nH]nc2c1[C@@]1(C(=O)N(CC(N)=O)c3ccccc31)C(C(=O)OC)C(=N)O2,4.48,8.0
O=C(Nc1cccc(-c2cnc3ccccc3n2)c1)c1cccs1,4.34,7.3
O=S(=O)(Oc1ccccc1[C@@H]1c2c(c(O)n(-c3ccc(Cl)cc3)c2O)ON1c1ccccc1)c1ccccc1,6.47,7.3
CCCC(=O)OCC(=O)Nc1ccc(F)cc1Cl,3.02,5.0
O=C(CN1C(=O)/C(=C2\SC(=S)N(Cc3ccco3)C2=O)c2ccccc21)Nc1ccc(F)cc1,6.36,6.5
Cc1ccccc1-c1noc(CCl)n1,3.3,5.0
Oc1c(CSCc2ccccc2)[nH]c(=S)n1C1CCCCC1,4.58,2.0
CCOC(=O)N1CCN(C(=O)c2ccc(-n3c(O)c4c(c3O)CCCC4)cc2)CC1,3.74,5.0
CC(C)CCn1c(=NCCO)[nH]c2c1c(=O)n(C)c(=O)n2C,5.36,5.0
COc1ccc(OC)c(NC(=O)c2ccc(N=C3C(=O)N(C4CCCCC4)C(=O)C3Cl)cc2)c1,5.96,5.0
CN1C(=CC=CC(=O)C(F)(F)F)C(C)(C)c2ccccc21,4.41,6.5
C[C@H]1CCc2[nH]c(=NC(=O)c3ccc(F)c(F)c3)sc2C1,4.79,6.5
COc1ccc(N2C(=S)N=C(N[C@@H]([C@@H](Oc3ccc(Cl)cc3)n3cncn3)C(C)(C)C)C2(C)C)cc1,5.56,6.5
CCCCCCSC1=C(C#N)C(c2cccs2)C(C(=O)Nc2ccccc2OC)C(C)=N1,6.28,5.0
ClC1=C(Cl)[C@]2(Cl)[C@@H]3C=CC[C@@H]3[C@@]1(Cl)C2(Cl)Cl,5.69,5.0
COc1ccc2c(C=Nc3c(C)n(C)n(-c4ccccc4)c3=O)c(=O)n(Cc3ccco3)c(O)c2c1,4.66,10.0
CCOC(=O)Cc1nc2nonc2[nH]c1=O,1.61,10.0
O=C(/C=C/c1ccc2c(c1)OCO2)NCCCCNC(=O)/C=C/c1ccc2c(c1)OCO2,4.59,5.0
COC(=O)c1ccc(OC(=O)c2cc(OC)cc(OC)c2)cc1,4.64,5.0
COc1ccc([C@@H]2C3=C(CCCC3=O)N(c3ccccc3C(F)(F)F)C(=N)C2C#N)cc1CSc1ccccn1,5.45,10.5
CC(C)C(=O)N[C@H](Oc1ccc(C=O)cc1)C(Cl)(Cl)Cl,3.68,5.0
CC(C)C(C(=O)N=c1[nH]c(-c2ccc(S(=O)(=O)N3CCOCC3)cc2)cs1)N1C(=O)c2ccccc2C1=O,5.32,7.3
CC(C)OC(=O)C1=C(CSc2nc3c(cc2C#N)CCCCC3)OC(=N)C(C#N)[C@@H]1c1ccncc1,5.43,10.0
Cc1ccccc1OCC(=O)NCCNC(=O)COc1ccccc1C,4.25,6.5
CC(=O)n1cc(O)n(CC(=O)N(Cc2ccccc2)c2nc(-c3ccccc3)cs2)c1=S,4.43,6.5
COc1cc([C@@H]2C3=C(CCCC3=O)N(c3ccccc3C(F)(F)F)C(=N)C2C(=O)c2ccccc2)cc(OC)c1OC,4.51,5.0
C=CCOc1cccc([C@@H]2c3c(oc4ccccc4c3=O)C(=O)N2c2nnc(C)s2)c1,4.52,6.5
C#CCOc1c(I)cc(C=C2C(=O)N(C)C(=S)N(C)C2=O)cc1OCC,3.72,5.0
COc1nc(=Nc2ccccc2)nc(Cl)[nH]1,2.89,5.0
O=C1c2ccc(Oc3cccc(Oc4ccc5c(c4)C(=O)N(CCO)C5=O)c3)cc2C(=O)N1CCO,4.61,5.0
COc1cccc(-c2cn3c4c(=O)n(C)c(=O)n(C)c4nc3n2-c2cccc(C)c2)c1,4.16,5.0
CCc1ccc(-c2csc(C(C#N)C=Nc3ccc4c(c3)OCO4)n2)cc1,6.59,5.0
CCN(C(=O)Cn1c(O)c2c(c1O)CCCC2)c1nnc(-c2ccc(Cl)cc2)s1,4.91,6.5
COc1ccc([C@@H](C)n2c(C)c3c(C)nnc(C)c3c2C)cc1,3.43,8.0
C[C@@H]1CCCN(c2nc3c(c(=O)n(C)c(=O)n3C)n2CCSc2nc3ccccc3s2)C1,5.05,6.5
N#Cc1c(SCC(=O)OCc2ccccc2)nsc1SCC(=O)OCc1ccccc1,5.6,5.0
O=C(CCCCCN1C(=O)/C(=C\c2cccs2)SC1=S)N1CCOCC1,4.92,6.5
C=CCOC(=O)COc1ccc2c(=O)c(-c3ccc(Cl)cc3)c(C)oc2c1,4.84,5.0
CCc1cc2c3c(c1)[C@@]1(C(=O)N3C(C)(C)C=C2C)C2=C(CC(C)(C)CC2=O)OC(=N)C1C#N,5.39,10.5
CCCSc1nc2c(c(=O)n1-c1ccc(Br)cc1)SCC2,4.61,10.0
CCCCCC(=O)NC1(CCC)CCCC1,4.28,5.0
CCOC(=O)C1=C(C)OC(=N)C(C#N)[C@H]1c1cccc(I)c1,4.48,5.0
CCCCN1C(=O)N(C)[C@@H]2[C@H]1N(C)C(=O)N2CCCC,2.69,5.0
CC(=O)c1sc(SCCOc2ccccc2)nc1C,3.86,2.0
O=C1c2ccccc2C(=O)C12O[C@@H](c1ccccc1)c1c2c(O)n(-c2ccccc2)c1O,4.0,5.0
CCc1ccc([C@@H]2C(C(=O)OC(C)C)=C(C)N=C3SCCC(=O)N32)cc1,4.75,10.0
Cc1cc2c(c(=O)o1)[C@@H](c1cccc(F)c1F)C(C#N)C(=N)O2,3.1,10.5
NN=c1c(F)c(F)[nH]c(F)c1F,0.86,7.0
O=C(/C=C/c1ccccc1)Nc1ccc(N2CCN(C(=O)c3cccs3)CC2)cc1,4.94,7.0
CCOC(=O)C1C(C)=NC(=S)N[C@@H]1c1ccc(OCc2ccc(Cl)cc2)c(OCC)c1,5.31,5.0
COc1ccc(C(=O)OCC(=O)c2cc(C)n(C[C@@H]3CCCO3)c2C)c(OC)c1,4.18,5.0
Cc1c(C(=O)N2CCN(S(=O)(=O)c3ccccc3)CC2)sc2nc3n(c(=O)c12)CCCCC3,4.13,10.5
C=C(C)CSc1nnc(-c2cccc(S(=O)(=O)N3CCOCC3)c2)n1C1CCCC1,4.73,10.5
O=C(CSc1nnc(-c2cccs2)o1)NCCn1c(O)csc1=O,2.31,5.0
Cn1c(C(C#N)C(=O)C(Sc2ccccc2)c2ccccc2)nc2ccccc21,5.28,7.0
O=C(Nc1ccc(OC(F)F)cc1)c1ccc(COc2ccc(I)cc2)o1,5.99,5.0
Cc1ccc(Cn2c(O)c(C=C3CC=CCC3)sc2=S)cc1,6.26,6.5
O=C(NCCc1ccccc1)c1ccc(Cl)cc1,3.71,5.0
O=C(c1cccc(S(=O)(=O)N2CCOCC2)c1)N1CCN(c2cccc(Cl)c2)CC1,4.34,7.3
CC(=O)c1ccc(NC(=O)CNC(=O)CNC(=O)C2O[C@@H]3OC(C)(C)O[C@@H]3[C@H]3OC(C)(C)O[C@@H]23)cc1,3.39,5.0
Cc1cccc(C)c1NC(=O)Cn1cc(C(=O)C2CC2)c2ccccc21,3.47,2.0
CCOC(=O)c1c(NC(=O)CSc2nnc(C)s2)sc2c1CCCCC2,5.03,7.3
Cc1ccc(N(C[C@H](O)Cn2c3ccccc3c3ccccc32)S(C)(=O)=O)c(C)c1,5.56,6.5
CC1CCC2(CC1)N=C(c1ccccc1)C(=O)N2CC(=O)Nc1ccc2c(c1)OCCO2,5.07,6.5
CC(C)Cn1c(O)c(C=C2CC=CCC2)sc1=S,6.66,5.0
C[C@]12CO[C@]3(C(=O)NCC(F)(F)F)C[C@H]1CC[C@]23C,3.11,5.0
COCCCNC(=O)c1cc(Br)c(C)c(C)c1C,2.93,10.5
C=CCn1/c(=N/C(=O)c2cc(OC)c(OC)c(OC)c2)sc2cccc(OC)c21,5.14,10.5
CC[C@@H]1CCCCN1C(=O)COc1cccc2c1CCN(Cc1ccc(Cl)cc1)C2=O,5.23,6.5
Cc1[nH]n(-c2ccccc2)c(=N)c1-c1ccccc1,3.27,7.3
COc1ccccc1NC(=O)C1C(C)=Nc2nc(SCc3ccccc3F)nn2C1c1ccncc1,4.66,7.3
COc1cc2c(cc1OC)[C@H](COc1ccc3c(C)cc(=O)oc3c1)N(C(=O)C1CCCCC1)CC2,5.07,5.0
O=C(Nc1ccc(N2CCN(C(=O)c3ccco3)CC2)c(Cl)c1)c1c(F)c(F)c(F)c(F)c1F,5.85,6.5
CCCOc1ccc(NC(=O)Cc2c(O)n(-c3ccc(Cl)cc3)c(=S)n2C2CC2)cc1,5.41,5.0
C=CCNC(=O)CSc1nc(C(F)F)cc(-c2cn(C)nc2C)c1C#N,3.74,6.5
Cc1cccc(Cl)c1Cn1ccc(=Nc2nnc(Cc3ccc(-n4cnnn4)cc3)s2)[nH]1,4.99,10.0
Cc1cc(C(F)(F)F)nn1C(C)c1n[nH]c(=Nc2ccn(Cc3ccccc3)n2)s1,5.34,10.0
Cn1ncc(Br)c1C(=O)N1CCCCCC1,2.63,5.0
COC(=O)c1cc(OC)c(OC)cc1NC(=O)CSc1nncn1C,2.78,7.3
COc1cc([C@H]2NC(=O)N=C(C)C2C(=O)OC(C)C)ccc1OC(F)F,3.75,5.0
CC1=NN(C(=O)c2ccccc2Cl)[C@](O)(c2ccc(Cl)cc2)C1,3.73,5.0
COc1ccccc1/C=N/n1c(C)cc(C)c(C#N)c1=O,3.08,5.0
O=C(c1cccc(COCC(F)(F)C(F)F)c1)N1CC[C@@H](C(F)(F)F)n2nccc21,4.27,5.0
O=C(NCC1CCCO1)c1cc2nc(C3CC3)cc(C(F)(F)F)n2n1,3.33,5.0
CCn1cc(CN(C)C(=O)c2cc3cc(Br)ccc3oc2=O)c(C)n1,3.27,5.0
C[C@@H]1CCCCN1C(=O)CCCCC(=O)N1CCCC[C@H]1C,3.42,5.0
CCCn1c2ccccc2c2nnc(SCC(=O)N[C@H](C)c3ccccc3)nc21,4.36,7.3
CCCC1=NC(=O)N[C@@H](c2ccc3c(c2)OCO3)C1C(=O)OCC,3.59,5.0
COc1cc([C@H]2c3c(C)n[nH]c3OC(=N)C2C#N)ccc1OCc1cccc(F)c1,4.42,10.5
Cc1ccc(/C=C/C(=O)NCCNC(=O)/C=C/c2ccc(C)o2)o1,3.97,5.0
COCCCNC(=S)N1[C@H](C)CCC[C@H]1C,2.8,5.0
CCSCCOC(=O)C1=C(C)N=C2C[C@H](c3cccs3)CC(=O)C2[C@H]1c1ccc2c(c1)OCO2,5.0,10.0
FC(F)Oc1ccc(NC(=S)NC[C@@H]2CCCO2)cc1Cl,3.74,5.0
Cc1c(CN(C)C(=O)C(C)n2nc(C(F)F)c(Br)c2C)cnn1C,3.12,5.0
O=C(c1sc2cc(Cl)ccc2c1Cl)N1CCN(C(=S)NC[C@H]2CCCO2)CC1,4.83,5.0
Cc1nn(C)cc1-c1cc(C(F)(F)F)n2nc(C(=O)N3C[C@H](C)O[C@H](C)C3)cc2n1,4.11,10.0
Cc1nn(C)cc1-c1cc(C(F)(F)F)n2ncc(C(=O)N(C3CCCCC3)C3CCCCC3)c2n1,5.81,10.5
CC(C(=O)Nc1ccc2c(C(F)(F)F)cc(=O)oc2c1)n1nc(C(F)(F)F)c(Cl)c1C1CC1,6.63,5.0
Cc1c(Cl)c(C(F)(F)F)nn1C(C)C(=O)N1CCOCC1,3.08,5.0
O=C(Cn1nnc2c(O)n(-c3ccc(Cl)cc3Cl)c(O)c21)Nc1ccccc1,4.3,6.5
CCn1ccc(CN(C)C(=O)c2ccccc2COc2ccc(F)cc2F)n1,4.43,5.0
Nn1c(COc2ccccc2)nnc1SC(F)F,1.85,7.3
C=CCNC(=O)CSc1nnc(CCn2nc(C)c(Br)c2C)n1CC,3.53,10.5
O=C(NC1CC1)c1ccc(COc2c(F)c(F)cc(F)c2F)o1,3.54,5.0
CCOCCOC(=O)C1=C(C)N=C2CCCC(=O)C2[C@@H]1c1ccc(C)cc1,3.89,10.0
CCn1c(SCc2nc3c4cnn(C)c4ncn3n2)nnc1-c1cc(C(F)(F)F)n(C)n1,3.85,7.3
CCOC(=O)N1CCN(C(=O)c2noc3c2C[C@@H](C(C)(C)C)CC3)CC1,4.52,5.0
Cc1cc(C(F)(F)F)n2nc(-c3nnc(-c4cccc(C(F)(F)F)c4)o3)cc2n1,4.92,10.0
CCCOC(=O)c1c(NC(=O)C2CCN(S(C)(=O)=O)CC2)sc(C(N)=O)c1C,3.9,6.5
CC(C)COc1ccc(C(=O)N2N=C(C(F)F)C[C@@]2(O)C(F)F)cc1,5.16,5.0
CC(C)(C)c1cc(C(F)(F)F)nc(SCCNC(=O)C2CCCCC2)n1,5.77,6.5
CCn1cc(-c2nc3c4c(C)c(C)sc4ncn3n2)cn1,3.77,5.0
CCCNC(=O)N1CCN(C(=O)NCCC)CC1,1.04,10.5
O=C(NC(Sc1ncccn1)C(=O)c1ccccc1)c1ccccc1,3.62,5.0
Cc1cc(C)n2c(SCc3ccc(C(=O)c4ccccc4)cc3)nnc2n1,4.43,10.5
CC(=O)N[C@H]1[C@@H](Oc2cccc3ccccc23)O[C@@H]2COC(C)(C)O[C@H]2[C@@H]1O,3.8,6.5
CCOC(=O)C1=C(C)N=c2s/c(=C\c3ccc(OC(C)=O)cc3)c(=O)n2C1c1cccs1,4.77,10.5
CCOC(=O)c1sc(=NCCN=c2[nH]c(C)c(C(=O)OCC)s2)[nH]c1C,4.66,10.5
CN(C(=O)c1c(F)c(F)c(F)c(F)c1F)C(C)(C)C,3.45,5.0
CCCC[C@H](CC)Cn1c(SCC(=O)Nc2ccc(OC)cc2)nc2c1c(=O)n(C)c(=O)n2C,5.51,5.0
O=C(Cn1cc(C(=O)C(F)(F)F)c2cc(Br)ccc21)N1CCCCCC1,4.62,5.0
O=S(=O)(/C=C/C=C/Sc1ccccc1)c1ccccc1,4.03,2.0
CC(=O)Nc1ccc([C@H]2c3c(-c4cc(C)sc4C)n[nH]c3OC(=N)C2C#N)cc1,4.26,9.0
CC(=O)Nc1ccc([C@@H]2c3c(C)nn(-c4cccc(Cl)c4)c3OC(=N)C2C#N)cc1,4.93,7.0
N#CC1(C#N)[C@H](c2ccc(Br)s2)C(C(=O)c2ccccc2)N2c3ccccc3C=C[C@@H]21,5.05,6.5
CN(CCO)S(=O)(=O)c1ccc2c(c1)oc(=O)c1cc(S(=O)(=O)N(C)CCO)ccc12,3.2,5.0
CCOCc1c(C)cc(C)c([C@H]2c3c(C)n[nH]c3OC(=N)C2C#N)c1C,4.09,10.0
Cc1ccccc1OC1C(=O)N(Cc2ccc3c(c2)OCO3)[C@H]1c1ccc2c(c1)OCO2,4.37,2.0
COc1ccccc1NC(=O)C1=C(C)N=C(SCC(=O)Nc2ccc(C)c(Cl)c2)C(C#N)[C@@H]1c1ccco1,6.27,5.0
O=S(=O)(/N=C\c1ccc(Br)cc1)c1cccs1,2.14,5.0
Cc1ccc(SCC(=O)NCc2cccc(CNC(=O)CSc3ccc(C)cc3)c2)cc1,5.08,5.0
O=C(CN1C(=O)c2ccccc2S1(=O)=O)Nc1ccc(S(=O)(=O)N2CCCCCC2)cc1,4.73,5.0
CC(C)OCCCNC(=O)C(=O)NCc1ccc(C(C)C)cc1,4.57,5.0
COc1cc(C(=O)Nc2cccc(C#N)c2)cc(OC)c1OC,3.44,5.0
Cc1ccccc1N[C@@H](c1ccccc1F)P(=O)(OC(C)C)OC(C)C,5.63,5.0
CCn1c(SCC(=O)Nc2ccc(C(=O)OC)cc2)nnc1-c1ccccc1,4.24,7.3
COc1ccc([C@@H]2C3=C(CC(C)(C)CC3=O)N(c3ccc(Cl)cc3)C(=N)C2C#N)cc1OC,4.34,5.0
CCOc1ccc(Br)cc1[C@H]1C2C(=O)CC(C)(C)CC2=Nc2ncnn21,3.85,7.3
CCOC(=O)CSc1nnnn1-c1cccc2ccccc12,3.8,5.0
C#CCN1C(=O)C2CC[C@@](C)(C1=O)C2(C)C,2.28,5.0
c1ccc(-n2nnnc2OCCOc2nnnn2-c2ccccc2)cc1,3.72,5.0
CS(=O)(=O)N(CC(=O)N1CCc2ccccc2C1)c1ccc(OCc2ccccc2)cc1,4.91,5.0
CCCOc1ccc(-n2c(O)cc(N3CCNC3=S)c2O)cc1,2.68,6.5
CS(=O)(=O)N(CC(=O)Nc1c(F)cccc1F)c1cc(Cl)c(Cl)cc1Cl,4.34,6.5
CC(C)N(Cc1nc(-c2ccccc2)no1)C(=O)c1ccccc1CCc1ccccc1,5.98,5.0
O=C(c1ccc(Cl)cc1)N(Cc1ccc(Cl)c(Cl)c1)n1c(O)c2c(c1O)CCCC2,5.51,6.5
CC(C(=O)NC1CCCC1)N(c1ccc(Cl)cc1)S(C)(=O)=O,3.48,5.0
CC(=O)c1ccc(C(C)(C)C)cc1NC(=O)c1ccccc1,5.13,5.0
Cc1ccc([C@@H](O)P(=O)(OCC(C)C)OCC(C)C)cc1,4.44,5.0
CCCCOC(=O)C1=C(C)N=C2CCCC(=O)C2[C@H]1c1ccccc1OC,4.21,7.3
Cc1ccc2[nH]c3[nH]c(=NN=CC=Cc4ccco4)nnc3c2c1,2.18,6.5
O=P(OCC(F)(F)F)(OCC(F)(F)F)N1CCOCC1,2.69,5.0
O=C(C=Cc1ccco1)Nc1ccccc1NC(=O)/C=C/c1ccco1,3.79,2.0
C/C(=C\c1ccco1)[C@@H]1c2c(-c3ccccc3)n[nH]c2OC(=N)C1C#N,4.82,10.5
COC(=O)c1cccc(NC(=O)c2ccc(C)cc2)c1,3.72,5.0
COc1cc(OC)c(C2C3C(=O)CCCC3=Nc3ncnn32)cc1OC,2.19,7.3
COc1ccc([C@H]2C[C@@H](c3ccc(-c4ccccc4)cc3)Nc3ncnn32)cc1,5.42,7.3
O=P(Oc1ccccc1)(Oc1ccccc1)O[C@@H]1C=CS(=O)(=O)C1,2.48,6.5
O=C(c1ccc2c(c1)C(=O)N(c1nccs1)C2=O)c1ccc2c(c1)C(=O)N(c1nccs1)C2=O,3.25,10.0
Cn1c(C(=O)N2CCC3(CC2)OCCO3)cc2c(=O)n3ccccc3nc21,2.87,7.3
CCOC(=O)C1=C(C)N=C2C[C@@H](c3ccc(OC)c(OC)c3)CC(=O)C2[C@H]1c1ccccc1OC,3.79,10.0
O=C(Nc1ccc(S(=O)(=O)c2ccc(NC(=O)c3cccs3)cc2)cc1)c1cccs1,4.46,5.0
COc1ccc(-n2c(O)c3ccccc3cc2=O)cc1,2.56,5.0
COc1ccc([C@@H]2C3C(=O)C[C@@H](c4ccco4)CC3=Nc3ccccc3N2C(=O)C(F)(F)F)cc1,4.62,5.0
CCc1noc(-c2[nH]c3ccccc3c2C(=O)C(=O)N(C)C)c1C,2.68,10.0
CCCC(=O)NC[C@@H](C)NC(=O)CCC,1.43,5.0
C[C@@H]1CCC2[C@](C)(CC[C@@H]3OC(C)(C)OC[C@@]23C)[C@@]12CCC1(COC(=O)C1)O2,4.24,5.0
C[C@H](NC(=O)C1CC1)c1ccccc1,1.85,5.0
CCOC(=O)C1CCN(C(=O)c2ccc(Cl)c(N=C3N[C@@H]4CS(=O)(=O)C[C@@H]4S3)c2)CC1,2.96,10.5
Cc1cccc(NC(=O)Cc2ccc(Br)cc2)c1C,4.05,5.0
CCC(Sc1nc2ccccc2c2nc(Cc3ccccc3)c(O)n12)C(=O)N1CCOCC1,3.95,10.0
CCC(Sc1nc2ccccc2c2nc(CC(C)C)c(O)n12)C(=O)Nc1ccc2c(c1)OCO2,4.85,7.3
O=C1/C(=C/c2ccsc2)SC(=S)N1c1cccc(C(F)(F)F)c1,5.8,5.0
Cc1cccc(N=c2[nH]c3ccccc3[nH]c2=Nc2c(C)n(C)n(-c3ccccc3)c2=O)c1,5.96,5.0
NC(=O)C1CCN(C(=O)c2ccc3c(=O)n(Cc4ccco4)c(SCC(=O)c4ccccc4)nc3c2)CC1,5.31,5.0
Cc1cc(SCC(=O)NCc2ccc3c(c2)OCO3)nc2ccccc12,4.15,8.0
CCOc1cc(C(=O)Nc2ccc(OC)c(OC)c2)cc(OCC)c1OCC,4.11,5.0
COc1ccc(C=O)cc1COc1c(F)c(F)cc(F)c1F,4.24,5.0
CC[C@H](C)NC(=O)NC(C(F)(F)F)C(F)(F)F,2.84,5.0
CCc1ccccc1NC(=O)[C@]12CC[C@](C)(C(=O)O1)C2(C)C,3.31,5.0
COC(=O)C(CCSC)NC(=O)c1cc2c(n(-c3ccccc3)c1=O)CC(C)(C)CC2=O,3.97,5.0
Cc1ccc(C(=O)COc2cccc(-n3c(O)c4c(c3O)[C@@H]3CC[C@H]4C3)c2)cc1C,4.71,5.0
C#CCOc1ccc(C2C3=C(CC(C)(C)CC3=O)OC3=C2C(=O)CC(C)(C)C3)cc1OCC,4.93,5.0
C[C@@H](CCc1ccccc1)NC(=O)C(=O)NC[C@@H]1COc2ccccc2O1,4.8,6.5
C[C@@H](NC(=O)CN(C1CCCCC1)S(=O)(=O)c1ccccc1)c1ccccc1,4.9,5.0
C=c1c(=Cc2sc(=S)n(CC)c2O)cc(C)n1-c1ccc2c(c1)OCO2,2.52,6.5
COc1cc2c(cc1OC)[C@@H](COc1ccc(F)cc1)N(C(=O)/C=C/c1ccccc1)CC2,5.45,5.0
CCN(C(=O)C(=O)c1cn(CC(=O)N2CCOCC2)c2ccccc12)c1ccccc1,2.05,2.0
Cc1sc2ncn(CC(=O)N[C@@H]3CCC[C@@H](C)[C@H]3C)c(=O)c2c1C,4.34,8.0
O=C(NC[C@@H]1CCCO1)c1sc2ccccc2c1Cl,3.56,5.0
CSc1ccc(S(=O)(=O)N(CC(=O)NC[C@@H]2CCCO2)c2ccc(C)cc2)cc1,4.3,5.0
O=C(c1nn(-c2ccccc2)c(=O)c2ccccc12)N1CCOCC1,2.47,7.3
CCCc1ccc(OCc2ccc(C(=O)Nc3ccccc3C(=O)OC)o2)c(OC)c1,5.89,5.0
O=C1C(c2cccc(Br)c2)N(CCC2=CCCCC2)C(=O)CN1C1CCCCC1,5.6,5.0
CC1CCN(S(=O)(=O)N2CCC(C(=O)N[C@@H](C)c3ccccc3)CC2)CC1,4.92,5.0
O=C(NC(Cc1ccc(Cl)cc1)C(=O)N=Cc1ccccc1)c1ccccc1,4.41,5.0
O=C(Nc1ccccc1C(F)(F)F)C1CCC1,2.55,5.0
COCON1C(=O)CN(C(C)=O)[C@H]1c1ccc(Cl)cc1Cl,1.98,2.0
CCCCOc1ccc(C(=O)N(CCN2C(=O)c3ccccc3C2=O)c2cccc(OC)c2)cc1,5.35,5.0
COc1cc(/C=N\n2cnc3sc4c(c3c2=O)CCCC4)ccc1OCc1ccccc1,5.68,5.0
Cc1ccc(N2C(=O)N(c3cccc(Cl)c3)[C@@H]3CS(=O)(=O)C[C@@H]32)cc1,3.56,5.0
Cc1cc(C)nc(-n2nc(C)c3c2N=C2CC(C)(C)CC(=O)C2[C@@H]3c2ccco2)n1,4.34,7.3
C[C@H]1CCC[C@@H](C)N1C(=O)COC(=O)c1ccc2c(c1)S(=O)(=O)c1ccccc1C2=O,4.39,5.0
O=C(OCC(=O)N1CCC(Cc2ccccc2)CC1)C1CCCCC1,4.98,5.0
Cn1c(N)c(C(=O)CSc2nc3ccccc3nc2SCC(=O)c2c(N)n(C)c(=O)n(C)c2=O)c(=O)n(C)c1=O,2.59,10.5
COc1cc(C=O)ccc1OS(=O)(=O)c1ccc(F)c(F)c1,3.68,6.5
COC(=O)CN(c1ccccc1)S(=O)(=O)c1ccc(OC)cc1,3.43,5.0
O=C(COC(=O)c1cccc(S(=O)(=O)N2CCc3ccccc32)c1)Nc1ccc(F)c(F)c1F,5.31,5.0
CN1C(=CC(=O)COC(=O)C(c2ccccc2)c2ccccc2)C(C)(C)c2ccccc21,6.27,5.0
Cc1ccc(S(=O)(=O)N(C)c2ccc(OCC(=O)N3CCN(c4ncccn4)CC3)cc2)cc1,4.46,10.5
C[C@H]1CCCN(C(=O)COC(=O)COc2cc(Cl)c(Cl)cc2Cl)C1,4.97,6.5
COc1cc(C(=O)COC(=O)CCCOc2ccc(Cl)cc2Cl)cc(OC)c1OC,5.59,6.5
COC[C@H](C)NC(=O)CCl,0.61,6.5
Cc1[nH]c2ccccc2c1C1=CN2CCS(=O)(=O)N=C2S1,1.56,2.0
Cc1onc(-c2c(F)cccc2Cl)c1C(=O)OCC(=O)N1[C@H](C)CCC[C@H]1C,4.38,5.0
CC[C@H]1CS/C(=N\c2cccc(C)c2)N1C(=O)CCN1C(=O)c2ccccc2C1=O,4.96,8.0
N#CC(=Cc1ccc2c(c1)OCO2)C(=O)NCc1cccc(CNC(=O)C(C#N)=Cc2ccc3c(c2)OCO3)c1,4.92,6.5
C=CCn1c(SCC(=O)N2C[C@@]3(C)C[C@@H]2CC(C)(C)C3)nc2sc(CC)cc2c1=O,6.04,10.5
CCOC(=O)c1c(C)[nH]c(C)c1C(=O)COC(=O)c1ccc(F)c(S(=O)(=O)N2CCOCC2)c1,3.63,5.0
COc1cc(/C=C/C(=O)Nc2ccc(N3CCCCC3)cc2)ccc1OC(F)F,5.36,8.0
CC[C@@H]1CCCCN1C(=O)CSc1nc(C)cc(C)n1,3.61,10.5
COc1ccc(S(=O)(=O)N2CCCCCC2)cc1C(=O)OCC(=O)c1c(N)n(C)c(=O)n(C)c1=O,4.59,10.5
COc1ccc(NC(=O)C(OC(=O)CNC(=O)c2ccc(C)s2)c2ccccc2)cc1Cl,4.54,2.0
CCN(CC)S(=O)(=O)c1ccc(C(=O)N2CCNC(=O)C2CC(=O)OC)cc1,1.14,2.0
COC(=O)c1sc(=N)[nH]c1C,1.48,7.3
CCOC(=O)c1[nH]c(C)c(C(=O)OCC(=O)N2CCc3ccccc32)c1C,4.47,6.5
CCCCNC(=S)N(C)/N=C/c1ccc(OCc2ccc(Cl)cc2)c(OC)c1,6.8,6.5
Nc1cccc2c1C(=O)N(C(=O)c1cc(-c3ccccc3Cl)nc3ccccc13)C2=O,4.63,10.5
Cc1ccccc1N1C(=O)c2ccc(C(=O)OCC(=O)c3c(N)n(C)c(=O)n(C)c3=O)cc2C1=O,4.55,10.5
Cc1cc(Cl)ccc1NC(=S)NCCc1c[nH]c2ccccc12,4.34,5.0
OC[C@H]1CCCN(c2ncnc3scc(-c4ccccc4)c23)C1,3.9,8.0
O=C(OCC(=O)N(C1CCCCC1)C1CCCCC1)c1ccc(Cl)nc1,4.99,5.0
CC(=O)N1Cc2ccccc2CC1C(=O)OCc1ccc(C#N)cc1,2.41,2.0
Cc1ccc(C)c(S(=O)(=O)N(C)c2ccc(OC(=O)c3ccc4c(c3)OCO4)cc2)c1,5.87,5.0
NC(=O)C(C(=O)/C=C/c1ccc(Cl)cc1)=C1SCS1,3.64,6.5
COc1ccc(C)cc1-n1nnnc1SCC(=O)Nc1cc(C(N)=O)cc(C(N)=O)c1,4.15,5.0
CC(C)NC(=S)N1CCN(S(=O)(=O)c2cccc(C(F)(F)F)c2)CC1,3.9,5.0
O=C(OCCN1C(=O)c2ccccc2C1=O)C1C[C@H](O)CN1S(=O)(=O)c1ccc(Cl)cc1,3.65,5.0
COC(=O)C(O)c1c(-c2ccc(Cl)cc2)nc(=O)[nH]c1-c1ccc(Cl)cc1,3.56,2.0
O=C(Cn1cnnn1)N(Cc1ccco1)Cc1cccs1,4.33,5.0
Cc1ccccc1N1CCN(C(=O)c2ccc(S(=O)(=O)N(C)c3ccccc3)cc2)CC1,5.31,10.5
CCOC(=O)c1[nH]c(C)c(C(=O)OCC(=O)N(C)[C@@H]2CCS(=O)(=O)C2)c1C,3.35,5.0
CC(=O)c1ccc(-c2ccc([C@H]3NC(=S)N=C(C)C3C(=O)OC(C)(C)C)o2)cc1,4.53,5.0
COc1ccc(-c2nnc(SCC(=O)c3c(N)n(C)c(=O)n(C)c3=O)n2-c2cccc(C(F)(F)F)c2)cc1,4.89,10.5
CC(=O)NCCc1ccc(S(=O)(=O)N2CCOCC2)cc1,2.0,5.0
CCN(C(=O)COC(=O)/C(=C/c1ccc(Cl)cc1)c1ccc(F)cc1)[C@@H]1CCS(=O)(=O)C1,4.95,5.0
Cc1ccc(NC(=O)COC(=O)/C(=C/c2cccs2)c2cccs2)c(C)c1,3.83,6.5
Cc1ccc2c(c1)n(Cc1cccc(S(=O)(=O)N(C)C)c1)c(=O)c(=O)n2Cc1ccccc1,3.37,2.0
COC(=O)CCN=c1[nH]c(-c2cccnc2)nc2sc3c(c12)CCCC3,4.69,10.5
CCCn1c(SCc2cc(=O)n3cc(Br)ccc3n2)nnc1-c1cccc(C)c1,4.43,6.5
CC(N=C1NS(=O)(=O)c2ccccc21)C(=O)OCC(=O)/C=C1/N(C)c2ccccc2C1(C)C,4.21,2.0
CCOc1cc(/C=N/n2cnc3sc(C)c(C)c3c2=O)cc(Br)c1OCC(N)=O,4.98,10.5
Cn1c(N)c(C(=O)COC(=O)C2CC2)c(=O)n(C)c1=O,2.17,10.0
O=C(OCC(=O)N1CCCC1)c1c2ccccc2cc2ccccc12,4.09,5.0
O=C(CC=Nc1cccc(C(F)(F)F)c1)c1ccc(Br)cc1,5.65,5.0
CCOC(=O)C1=C(C)N=C(C)C(C(=O)OC)C1c1ccco1,3.67,10.0
O=C(COC(=O)/C=C/c1ccc(F)cc1)Nc1cc(C(F)(F)F)ccc1N1CCOCC1,5.08,2.0
Cc1cc(C(=O)COC(=O)c2oc3ccccc3c2COC(C)C)c(C)n1-c1c(C)n(C)n(-c2ccccc2)c1=O,5.39,5.0
O=C(Nc1ccc2c(c1)OCO2)C1COc2ccccc2O1,3.28,5.0
COc1ccc(-c2nnc(SCc3cc(=O)oc4ccc5ccccc5c34)n2N)cc1,4.24,5.0
Cn1c(N)c(C(=O)CSc2nc3sc4c(c3c(=O)n2Cc2ccccc2)CCC4)c(=O)n(C)c1=O,5.21,10.5
Cc1ccc(N(CC(=O)Nc2ccccc2C(=O)NCc2ccco2)S(C)(=O)=O)cc1,4.32,5.0
CCOC(=O)/C=c1/s/c(=C/c2c(F)cccc2F)c(=O)n1CC(=O)N(C)C,3.17,2.0
CC1(C)[C@@]2(C)CC[C@]1(C(=O)Nc1ccccc1C(F)(F)F)c1nc3ccccc3nc12,6.01,7.3
Cc1cc(C(=O)Cn2c(O)c3c(c2O)CC=CC3)c(C)n1Cc1ccc2c(c1)OCO2,4.38,5.0
COc1cccc(/C=C/C(=O)OCC(=O)c2cc(C)n(-c3cc(C)on3)c2C)c1,5.2,6.5
Cc1cccc(-n2c(SC(C)C(N)=O)nnc2-c2cccc(S(=O)(=O)N(C)C)c2)c1,3.81,10.5
COc1cc(/C=C/C(=O)N[C@H]2CCCc3ccccc32)cc(OC)c1OC,4.27,5.0
C[C@H]1CN(C(=O)c2csc3c2CCCC3)/C(=N/c2ccc(Cl)cc2)S1,5.53,5.0
COc1cc2c(cc1OC)CN(C(=O)c1cccc(S(=O)(=O)N3CCCCC3)c1)CC2,4.2,5.0
COc1ccc(N(CC(=O)N[C@@H]2CCS(=O)(=O)C2)S(=O)(=O)c2ccc(C)c(Cl)c2)cc1,3.32,2.0
COC(=O)C1=C(C)N=C(C)C(C(=O)OC)[C@@H]1c1cccc(Cl)c1,4.22,10.0
CC(C)C(Sc1nnc(C(F)(F)F)n1C)C(=O)NC(N)=O,2.12,7.3
CC(C)N(Cc1nnc(-c2ccc(Cl)cc2)o1)C(=O)C1COc2ccccc2O1,4.09,2.0
COc1ccc(C(=O)CSc2nnc(-c3ccccc3)o2)cc1,4.15,5.0
Cc1cc(C)n2nc(SCC(=O)NCCNC(=O)CSc3nc4nc(C)cc(C)n4n3)nc2n1,0.82,10.5
Cn1c(=O)c(C(=O)CN2CCSc3ccccc32)c(N)n(Cc2ccccc2)c1=O,4.71,10.5
O=C(Cc1coc2cc3c(cc12)CCC3)OC1CCCCC1=O,4.43,5.0
CCN(CC)S(=O)(=O)c1ccc2nnn(OCC(=O)NC(c3ccccc3)c3ccccc3)c2c1,4.49,5.0
CC(C)=CC(=O)OCC(=O)Nc1ccc(S(=O)(=O)N(C)C)cc1,2.26,2.0
Cc1c(NC(=O)CC(c2ccccc2)c2ccccc2)cccc1-n1cnnn1,3.2,2.0
CSc1ncccc1C(=O)OCC(=O)Nc1c(C)n(C)n(-c2ccccc2)c1=O,3.63,8.0
Cc1ccc(C(=O)N2C(=O)c3cccc(N)c3C2=O)cc1NC(=O)c1ccco1,3.55,7.0
CC(C)NC(=O)COC(=O)c1ccc(S(=O)(=O)N2CCCCCC2)cc1,3.78,5.0
CC(=O)N(c1ccccc1)c1nc(/C=C/C(=O)Nc2ccc3c(c2)OCO3)cs1,4.37,8.0
CC(=O)Nc1cccc(C(=O)OCC(=O)c2c(N)n(C)c(=O)n(C)c2=O)c1,3.57,5.0
COc1cccc(C(=O)N2CCC[C@H](c3ccccc3)C2)c1,4.04,5.0
CC1CCCC(C)N1C(=O)CSc1nnc(-c2ccco2)n1Cc1ccccc1,4.49,7.3
Cc1cc(C)n2nc(SC(C)C(=O)NCC(=O)Nc3ccc(F)c(F)c3F)nc2n1,2.18,2.0
O=C(Cn1cc(C(F)(F)F)cc(Cl)c1=O)N1CCN(C(=O)c2ccco2)CC1,2.27,5.0
COc1cccc(NC(=O)C(OC(=O)C2=COCCO2)c2ccccc2)c1,3.81,5.0
C=CCn1c(SCC(=O)NCc2ccc(C(=O)OCC)cc2)nc2sc(C)c(C)c2c1=O,4.83,7.3
O=C(CSc1nc2ccccc2c(=O)n1-c1ccc(Cl)cc1)NC1CCCCC1,4.92,6.5
Cc1cccc(C)c1NC(=O)CNC(=O)C1CCN(S(=O)(=O)c2cccc(Cl)c2Cl)CC1,3.41,2.0
CC(=O)c1c(C)[nH]c(C(=O)COC(=O)c2ccccc2NC(=O)c2ccco2)c1C,4.73,5.0
CC(Sc1nnnn1-c1ccc(Cl)cc1)C(=O)NCC(=O)Nc1ccc(F)c(F)c1F,4.52,5.0
CC(=O)c1ccc(N2CCN(C(=O)/C=C/c3ccc(C)o3)CC2)cc1,4.3,10.0
COc1ccc(C(=O)/C=C/C=C(Cl)Cl)cc1,4.4,5.0
CCC(CC)NC(=O)c1ccc(Cl)c(S(=O)(=O)N2CCCC2)c1,3.6,5.0
Cn1c(SCC(=O)NC2CCCCCC2)nnc1-c1ccc(Cl)cc1,4.21,7.3
CC(Sc1nc2ccccc2c(=O)n1-c1ccc(F)cc1)C(=O)NCc1ccc2c(c1)OCO2,4.63,5.0
CCOC(=O)C1C(C)=NC(=O)C[C@@H]1c1cc(OC)c(OC)cc1Br,3.93,5.0
COC(=O)c1ccc(C)c(NC(=O)Cc2coc3cc4c(cc23)CCC4)c1,4.78,5.0
CCN(CC)S(=O)(=O)c1ccc(/C=C/C(=O)NC2CCCCC2)cc1,4.34,5.0
O=C(COC(=O)c1ccccc1F)Nc1ccccc1,3.18,5.0
CCCCNc1ccccc1C(=O)OCC(=O)N[C@@H]1CCS(=O)(=O)C1,4.09,8.0
COCCn1c(C)cc(C(=O)CSc2n[nH]c3nc4ccccc4n23)c1C,3.45,10.5
N#CCOC(=O)c1ccccc1SCC(=O)N1CCCC1,2.57,6.5
COC(=O)c1ccc(Br)c(S(=O)(=O)N2CCCCC2)c1,3.66,5.0
CCOc1ccc(NC(=O)CN(C)C(=O)c2ccc(C)o2)cc1OCC,2.09,10.5
C=CCn1c(SCC(=O)Nc2ccc(C)c(F)c2)nnc1-c1cccs1,4.48,7.3
Nn1c(SCC(=O)Nc2ccccc2-c2ccccc2)nnc1-c1ccc(OC(F)F)cc1,4.85,5.0
C[C@H](NC(=O)CSc1ncnc2c1cnn2-c1ccccc1)c1ccccc1,4.73,10.5
CCOC(=O)N1CCN(C(=O)/C=C/c2ccc(Cl)c(Cl)c2)CC1,4.34,5.0
C[C@H]1C[C@H](C)CN(C(=O)CSc2nnc(-c3ccccc3)n2C)C1,3.68,10.0
COc1cccc(-n2c(SCc3cc(=O)n4ccsc4n3)nc3ccccc3c2=O)c1,3.56,2.0
CCc1ccccc1N=c1[nH]c(CSc2nnc(-c3ccc(OC(F)F)cc3)n2N)nc(=N)[nH]1,4.35,7.3
COc1ccc(C(=O)Nc2cccc(F)c2)cc1S(=O)(=O)N1CCOCC1,3.64,5.0
CCCCN1C(=O)c2ccc(C(=O)OCC(=O)N[C@H](C)C(C)C)cc2C1=O,3.62,5.0
CCCCOc1ccc(C(=O)Oc2ccc3c(c2)OCO3)cc1OC,4.77,5.0
Cc1ccc(CNC(=O)C2CCN(S(=O)(=O)c3ccc4c(c3)OCCCO4)CC2)cc1,4.01,5.0
CCN(C(=O)C(C)OC(=O)c1cc(OC)c(OC)c(OC)c1)c1ccccc1,3.4,10.5
CC(Sc1nnc(-c2ccc(F)cc2)n1-c1ccccc1)C(N)=O,3.38,7.3
O=C(COc1ccc2ccccc2c1)N1CCN(S(=O)(=O)c2ccc3c(c2)OCCO3)CC1,4.47,5.0
CC(Oc1ccccc1)C(=O)Nc1ccc(OC(F)(F)F)cc1,4.77,5.0
CCOc1ccc(-n2c(SCC(=O)NC3CC3)nc3sc4c(c3c2=O)CCC4)cc1,4.64,5.0
COCCCNC(=O)c1ccccc1C(F)(F)F,2.0,5.0
N#CCSc1nc2ccccc2c(=O)n1-c1ccc(OC(F)F)cc1,4.17,5.0
Cc1noc(C)c1C(=O)OC(C)C(=O)Nc1ccc2c(c1)OCCO2,2.78,5.0
COc1ccc(C(C)=O)cc1COC(=O)c1cc(Cl)ccc1Cl,4.45,5.0
Cc1cc(C)c(NC(=O)CSc2nnc(-c3ccc(OC(F)F)cc3)n2N)c(C)c1,4.41,10.0
COC(=O)c1cccc(NC(=O)CCN2C(=O)c3ccccc3C2=O)c1,3.39,5.0
C[C@H]1CCCC[C@@H]1NC(=O)COc1ncnc2ccccc12,3.11,6.5
C[C@@H]1CCCC[C@H]1NC(=O)COC(=O)C1=COCCO1,2.48,5.0
CN(Cc1ccccc1)S(=O)(=O)c1ccc(NC(=O)Cc2ccc(F)cc2)cc1,5.14,5.0
CN(C1=NS(=O)(=O)c2ccccc21)c1ccc(OC(=O)c2ccccc2)cc1,4.26,5.0
CC(C)N(C(=O)CSc1n[nH]c(=NCc2ccccc2)s1)C(C)C,4.09,7.3
O=C1Nc2cc(C(=O)NC3CC3)ccc2S/C1=C\c1ccccc1,4.32,5.0
O=C(CSc1nnc(-c2ccccc2F)n1CCc1ccccc1)N1CCOCC1,3.79,7.3
CCOC(=O)c1ccc(NCc2c(C)[nH]c(C(=O)OCC)c2C)cc1,5.09,5.0
c1nc(=NC2CCCC2)c2c3c(sc2[nH]1)CCCC3,4.17,10.0
CCC[C@@H](C)NC(=O)COc1ncnc2sc3c(c12)CC[C@@H](C)C3,4.55,10.0
O=C(CSc1ncnc2sc3c(c12)CCC3)Nc1ccc(F)cc1,4.69,7.3
Cc1cc(Br)ccc1NC(=O)CSc1n[nH]c(=N)s1,2.69,7.3
COC(=O)c1ccc(-n2c(C)cc(C(=O)COc3cccc(-n4cnnn4)c3)c2C)cc1,4.77,5.0
Cc1ccc(OCCC(=O)N2CCN(S(=O)(=O)c3cccs3)CC2)cc1,2.98,2.0
COc1ccc(C(C(=O)Nc2ccc3c(c2)OCCO3)N(C)C(=O)Cc2c[nH]c3ccccc23)cc1,3.76,2.0
CN(C)S(=O)(=O)c1cccc(C(=O)NCCc2ccc(Cl)cc2Cl)c1,4.48,10.0
Cc1cc2ccccc2c(=O)n1CC(=O)NCC(=O)N1CCN(c2cccc(Cl)c2)CC1,4.45,7.3
O=C(OCc1c(F)cccc1Cl)c1cccc(S(=O)(=O)N2CCCC2)c1,4.22,2.0
COc1ccc(C(=O)Cn2c(N3CCCCCC3)nc3c2c(=O)n(C)c(=O)n3C)cc1,4.42,10.0
COc1cc(C#N)ccc1OC(=O)/C=C/c1cccc(F)c1,4.46,5.0
COc1ccc([C@H]2C(C(=O)Nc3ccc(F)cc3F)c3cc(OC)c(OC)cc3C(=O)N2C)cc1OC,3.66,5.0
COc1ccc(NC(=O)c2sc3sc(C(=O)Nc4ccc(OC)c(OC)c4)c(N)c3c2N)cc1OC,4.88,10.0
COc1ccc([C@@H]2C(C(=O)OCCOC(C)C)=C(C)N=C3C[C@@H](c4cccs4)CC(=O)C32)cc1OC,4.45,10.0
COCCOC(=O)C1=C(C)N=C2CC(c3cccc(OC)c3)CC(=O)C2C1c1coc2ccc(C)cc2c1=O,5.23,10.5
CCSCCOC(=O)c1c(C)nc2c(c1=c1ccc(=C(O)OC)cc1)=C(O)C[C@@H](c1cccs1)C2,5.24,10.0
CCc1c(C#N)c(SCC(=O)N2CCc3cc(OC)c(OC)cc3C2)nc2c1C(=O)CC(C)(C)C2,4.89,5.0
CN(C)S(=O)(=O)c1ccc(C(=O)OC2CCCCC2)cc1,4.27,5.0
COc1ccc([C@@H]2C(C(=O)N3CCCCCC3)c3ccccc3C(=O)N2Cc2ccc(F)cc2)cc1,5.01,5.0
Cc1cccc(NC(=O)Cc2s/c(=N\c3c(C)cccc3C)n(C)c2O)c1,4.75,6.5
CCOc1ccccc1OCC(=O)Nc1ccc2ccccc2c1,4.73,5.0
CCOc1ccc(NC(=O)CSc2nc3ccsc3c(=O)n2-c2ccccc2)cc1,4.33,5.0
OCC#CC(O)(c1ccc(F)cc1)c1ccc(F)cc1,3.61,5.0
CC/N=C1\S/C(=C\c2cn(CC(=O)Nc3cccc(C)c3)c3ccccc23)C(=O)N1CC,5.8,10.0
OC[C@@H](O)Cn1c(SCCSc2nc3ccccc3n2C[C@H](O)CO)nc2ccccc21,3.29,10.5
CCOC(=O)c1ccc(C#N)cc1,1.87,5.0
C=CCn1c(SCc2ccccc2)nc2ccccc2c1=O,5.11,7.3
