smiles,logP
CC1=CC(=O)C=CC1=O,0.72
c1ccc(P(c2ccccc2)c2ccccc2)cc1,5.69
O=S(Cc1ccccc1)Cc1ccccc1,1.99
COc1ccc(CC#N)cc1,1.7
CN(Cc1ccccc1)c1ccccc1,4.22
CCN(CC)C(C)=O,0.34
C[Si](C)(C)Cc1ccccc1,4.13
CC(=O)c1ccncc1,0.48
CCN(CC)N=O,0.48
CCCN(CCC)N=O,1.36
CC(C)CN(CC(C)C)N=O,2.34
O=NN1CCCCC1,0.36
O=NN1CCOCC1,-0.44
O=C(O)CBr,0.41
O=C(O)CCl,0.22
Nc1ccccc1C(=O)O,1.21
O=[PH](=O)(O)c1ccccc1,0.54
O=C(O)c1ccccc1,1.87
O=C(O)c1ccc([N+](=O)[O-])cc1Cl,2.03
O=C(O)CO,-1.11
O=C(O)c1ccccn1,0.72
CC(Br)C(=O)O,0.92
O=C(O)CCCl,0.41
O=C(O)c1ccccc1O,2.26
O=C(O)c1cc([N+](=O)[O-])cc([N+](=O)[O-])c1O,1.71
O=C(O)c1cc([N+](=O)[O-])ccc1O,2.34
CC1CC(C)C(=O)C(C(O)CC2CC(=O)NC(=O)C2)C1,0.55
CCCCOC(N)=O,0.85
CC(=O)Nc1cc(C)cc(C)c1,2.17
O=[N+]([O-])c1ccccc1SSc1ccccc1[N+](=O)[O-],3.37
CC(=O)Nc1ccc(S(N)(=O)=O)cc1,-0.04
Nc1ccc(Cl)c(Cl)c1,2.69
NC(=S)N/N=C/c1ccccc1,1.86
Nc1cc([N+](=O)[O-])cc([N+](=O)[O-])c1,1.89
O=C(O)CCCc1ccccc1,2.42
O=C(O)Cc1ccc2ccccc2c1,2.81
O=C(CCl)Nc1ccccc1,1.63
Cc1ccc(S(=O)(=O)N(C)N=O)cc1,0.58
CC(C)N(N=O)C(C)C,1.38
O=NN1CCN(N=O)CC1,-0.85
O=[N+]([O-])c1cccc2cccnc12,1.4
O=P(c1ccccc1)(c1ccccc1)c1ccccc1,2.83
O=C(O)Cc1ccccc1F,1.5
O=C(O)Cc1ccc(F)cc1,1.55
Oc1ccc(O)c(Cl)c1,1.4
C[N+](=O)[O-],-0.35
O=C(O)COc1cc(Cl)c(Cl)cc1Cl,3.31
N=c1cccc[nH]1,0.48
ClC(c1ccccc1)(c1ccccc1)c1ccccc1,5.25
O=C(O)CCS,0.43
c1ccc2c(c1)Sc1ccccc1S2,4.47
CCC(C)=NO,0.63
CC(=O)Nc1ccc(Cl)cc1,2.09
O=C1C=CC(=NCl)C=C1,1.26
OCC(F)(F)F,0.41
O=C(O)C1CCCCC1,1.96
Nc1cccc2c1C(=O)c1ccccc1C2=O,3.74
Cc1cc(C)nc(C)c1,1.88
c1ccc2c(c1)Oc1ccccc1S2,4.54
C1CNCCN1,-1.5
Cc1cc2ccccc2cn1,2.68
C#CC(C)(C)O,0.28
Nc1ccc(F)cc1,1.15
O=NN(c1ccccc1)c1ccccc1,3.13
Clc1ccc2c(Cl)ccnc2c1,3.57
Cc1cccc2cc[nH]c12,2.56
O=C(c1ccccc1)c1ccccc1O,3.52
C1OC1C1CO1,-0.28
c1ccc(C2CO2)cc1,1.61
NNC(=O)c1ccccc1N,-0.18
NNS(=O)(=O)c1ccccc1,-0.14
NNC(=O)c1ccccc1,0.19
NNC(=O)c1ccccc1O,0.6
O=C(OOC(=O)c1ccccc1)c1ccccc1,3.46
C(=N/c1ccccc1)\c1ccccc1,2.82
CN(Cc1cnc2[nH]c(=N)[nH]c(=N)c2n1)c1ccc(C(=O)NC(CCC(=O)O)C(=O)O)cc1,-1.85
CC(=O)OCC(=O)C1(O)CCC2C3CC=C4CC(=O)CCC4(C)C3C(O)CC21C,2.19
CCOC(N)=O,-0.15
CNC(C)=O,-1.05
NC=O,-1.51
CS(=O)(=O)OCCCCOS(C)(=O)=O,-0.52
c1ncc2[nH]cnc2n1,-0.37
S=c1[nH]cnc2[nH]cnc12,0.01
COc1cc2c(c(OC)c1OC)-c1ccc(OC)c(=O)cc1C(NC(C)=O)CC2,1.03
c1ccc2[nH]cnc2c1,1.32
CC(=O)c1cccnc1,0.43
CN(CCCl)CCCl,0.91
CS(C)=O,-1.35
CCc1ccncc1,1.65
CC(C)(C(=O)O)C(=O)O,0.39
c1ccn2nnnc2c1,-0.09
C=C(C)C1CC=C(C)CC1,4.57
CC(C)(C)C(=O)C(C)(C)C,3.0
CCc1ccc([N+](=O)[O-])cc1,3.03
CC(C)(C)C#N,1.08
CC(=O)C(C)(C)C,1.2
CC(O)C(C)(C)C,1.48
CCc1ccccn1,1.69
CCCc1ccncc1,2.1
OC/C=C/CO,-0.81
NC1(C(=O)O)CCCC1,-2.28
CC(C)CCO,1.16
CCCCCC#N,1.66
O=C(O)C1CC1,0.63
Clc1ccc(-c2ccc(Cl)cc2)cc1,5.23
CC(C)(Oc1ccc(Cl)cc1)C(=O)O,2.57
ClC(Cl)=C(c1ccc(Cl)cc1)c1ccc(Cl)cc1,6.51
CCC(CC)C(=O)O,1.68
Nc1ccccc1CO,-0.05
COCCO,-0.77
CC(C)OCCO,0.05
O=[N+]([O-])c1ccc2c3c(cccc13)CC2,3.85
CC(=O)Nc1ccccc1[N+](=O)[O-],1.0
CC(=O)Nc1cccc([N+](=O)[O-])c1,1.47
CC(=O)Nc1ccc([N+](=O)[O-])cc1,1.66
O=[N+]([O-])c1ccc(O)cc1,1.91
O=[N+]([O-])c1ccc(-c2ccccc2)cc1,3.82
COC(=O)c1cccc([N+](=O)[O-])c1,1.89
CC(=O)OCC1OC(OC(C)=O)C(OC(C)=O)C(OC(C)=O)C1OC(C)=O,0.63
O=c1[nH]cnc2[nH]ncc12,-0.55
O=C1OCc2ccccc21,0.8
CCCCSC#N,2.03
O=C(O)c1ccncc1,0.32
Cc1ccc(=N)[nH]c1,1.02
Nc1cc(Cl)ccc1Cl,2.75
Cc1ccc(N)cc1N,0.14
Cc1ccc(N)c(N)c1,0.66
CCCCCC(=O)Nc1ccccc1,3.28
CCCCOC(=O)c1ccccc1O,4.63
ClCC(Br)CBr,2.96
O=[N+]([O-])c1ccc(O)c([N+](=O)[O-])c1,1.67
c1ccc2nc(-c3ccc4ccccc4n3)ccc2c1,4.31
Nc1ccccc1O,0.62
O=[N+]([O-])c1c(O)cccc1O,1.56
Oc1ccc(Nc2ccccc2)cc1,2.82
Nc1ccc(O)cc1,0.04
Nc1cccc(O)c1,0.21
Oc1ccccc1-c1ccccc1,3.09
Cc1ccc(O)cc1C,2.23
c1ccc(-c2ccccn2)nc1,1.5
O=[N+]([O-])c1cccc(O)c1,2.0
O=[N+]([O-])c1ccccc1O,1.79
Oc1c(Cl)cc(Cl)c(Cl)c1Cl,4.45
Oc1c(Cl)c(Cl)c(Cl)c(Cl)c1Cl,5.12
Oc1ccc(Cl)c(O)c1,1.8
CCCCCCc1ccc(O)cc1O,3.45
Oc1cccc(O)c1,0.8
Oc1cc(O)cc(O)c1,0.16
Oc1ccccc1O,0.88
NC(=O)N/N=C/c1ccccc1,1.27
CC(=O)C1CCC2C3CC=C4CC(O)CCC4(C)C3CCC12C,4.22
CC(=O)Nc1ccc(C=O)cc1,1.25
CC(C)(c1ccc(O)cc1)c1ccc(O)cc1,3.32
Cc1cccc(C(=O)O)c1O,2.86
O=C(O)/C=C/C=C/c1ccccc1,3.15
Cc1ccccc1N(C)C,2.85
Cc1ccc(N(C)C)cc1,2.81
Cc1cccc(N(C)C)c1,2.8
CCOc1cc(C=O)ccc1O,1.58
CC(C)NC(C)C,1.4
CCOc1ccccc1O,1.68
N#CCCCc1ccccc1,2.21
Clc1cc(Cl)c(Cl)c(Cl)c1Cl,5.17
Oc1ccc(-c2ccccc2)cc1,3.2
OCCOc1ccccc1,1.16
NC(=O)COc1ccccc1,0.76
CC(=O)COc1ccccc1,1.04
NC(=O)Cc1ccccc1,0.45
COc1cc([N+](=O)[O-])c2ncccc2c1,1.87
O=C(c1ccccc1)c1ccc(O)cc1,3.07
CC(C)c1ccc(O)cc1,2.9
Cc1cc(C)c(C)c(C)c1C,4.56
O=C(O)CS,0.09
CC(C)c1ccc(C(=O)O)cc1,3.4
CC1COC(=O)O1,-0.41
S=C1NCCN1,-0.66
CC(=O)C1CC1,0.49
O=c1cc(CO)occ1O,-0.64
OCC(O)C(O)C(O)C(O)CO,-3.1
c1ccc2[nH]ccc2c1,2.14
O=C1c2ccccc2Cc2ccccc21,3.66
O=C(O)c1ccccc1-c1ccccc1C(=O)O,2.07
NC(CC(=O)O)c1ccccc1,-1.4
Nc1cc2ccccc2c2ccccc12,3.56
O=C(c1ccccc1)N1CCCCC1,2.2
N#Cc1ccccc1[N+](=O)[O-],1.02
C=CCCCCCCCCC(=O)O,3.86
C/C(=C\c1ccccc1)[N+](=O)[O-],2.52
N=C(N)c1ccccc1,0.65
Nc1ccc(N=Nc2ccccc2)cc1,3.41
c1ccc2c(c1)Nc1ccccc1S2,4.15
Oc1cccc2cccnc12,1.85
CC/C=C/C/C=C/C/C=C/CCCCCCCC(=O)O,6.46
Oc1ccc2ccccc2c1,2.7
ClC(Cl)=Nc1ccccc1,2.54
Cn1c(=O)c2[nH]cnc2n(C)c1=O,-0.02
O=C(O)/C=C/c1ccc([N+](=O)[O-])cc1,2.12
C=c1c(C)c(O)c(=C)c(C)c1O,2.23
C(=C/c1ccccc1)\c1ccccc1,4.81
O=C(O)COc1ccc2ccccc2c1,2.53
CCCCCCCN,2.57
O=Cc1ccc(Cl)cc1,2.1
Cc1cc([N+](=O)[O-])cc([N+](=O)[O-])c1O,2.12
Nc1ccc(C(=O)O)c(O)c1,0.89
CCN1CCCCC1,1.75
O=C(O)CCC(=O)c1ccccc1,1.3
Brc1ccc(-c2ccc(Br)cc2)cc1,5.72
c1ccc(/N=N/c2ccccc2)cc1,3.82
CC(C)OC(=O)Nc1ccccc1,2.6
O=C(O)Cc1ccc(C(=O)O)cc1,1.24
Nc1c(Cl)cc(Cl)cc1Cl,3.52
CC(N)=S,-0.26
NN,-2.07
Cc1cccc(C)c1O,2.36
O=Cc1ccc(O)cc1,1.35
COc1cc(C(=O)O)cc(OC)c1O,1.04
N=c1[nH]c(=N)[nH]c(=N)[nH]1,-1.37
CC(=O)Nc1ccc(N)cc1,0.08
Oc1c(Br)cc(Br)cc1Br,4.13
CC(=O)N(C)c1ccccc1,1.12
OCCc1ccccn1,0.12
COc1cccc(C=O)c1O,1.37
COc1ccc(CO)cc1,1.1
Cc1cccc(C)n1,1.68
CC(=O)Nc1ccc(I)cc1,2.71
Cc1ccc(C(N)=O)cc1,1.18
CC(O)C(C)O,-0.92
Oc1c(Cl)cc(Cl)cc1Cl,3.69
Cc1ccccc1C(N)=O,0.76
Cc1cccc(C(N)=O)c1,1.18
Cc1cccc(NC(N)=O)c1,1.29
O=C(O)c1ccccc1S,2.39
Cc1ccccc1S(N)(=O)=O,0.84
OCC(Br)(Br)Br,2.1
CCCCCCC(=O)O,2.42
Cc1ccccc1C(=O)O,2.46
COCC(C)OC(C)=O,0.56
CCC(C)c1ccc(O)cc1,3.08
Cc1cccc(C(=O)O)c1,2.37
Cc1ccc(C(=O)O)cc1,2.27
COc1c(Br)cc(Br)cc1Br,4.48
CCCCCC(C)O,2.31
CNS(=O)(=O)c1ccc(C)cc1,1.28
C=C(C)c1cc(O)c(C)cc1O,2.2
Oc1cc(Cl)c(Cl)cc1Cl,3.72
CC(=O)NN,-1.58
O=C1CCCCN1,-0.46
Cc1cc(Cl)ccc1OCC(=O)O,3.25
Oc1ccc(O)n1-c1ccccc1,0.06
CC(=O)c1cccc(O)c1,1.39
CN1CCCCC1,1.3
O=[N+]([O-])/C=C/c1ccc(Cl)cc1,2.44
O=C(C(O)CO)C(O)C(O)CO,-1.88
S=C(Nc1ccccc1)c1ccccc1,3.03
C=CCC#N,0.4
O=[N+]([O-])c1cc(Br)c(O)c(Br)c1,3.57
CCCCC(O)CC,2.24
N#CCCCl,0.18
CCCCCCN,2.06
CCCCCC=O,1.78
CCCCNC(N)=O,0.41
Cc1ccc(C)c(O)c1,2.33
Nc1ccc(S(=O)(=O)Nc2ccccc2)cc1,1.55
c1ccc(Nc2cccc3ccccc23)cc1,4.2
CCCOC(=O)c1cc(O)c(O)c(O)c1,1.8
c1ccc(N2CCOCC2)cc1,1.36
CC(=O)Oc1ccc([N+](=O)[O-])cc1,1.5
O=C(O)C(Cl)Cl,0.92
CCOP(=O)(CC)OCC,0.66
CCOP(=O)(OCC)OCC,0.8
CC(=O)CC(C)=O,0.4
c1ccc(SSc2ccccc2)cc1,4.41
Cc1ccc(S(=O)(=O)F)cc1,2.74
O=C(O)/C=C/C(=O)O,0.46
NC(=O)NNc1ccccc1,0.13
O=C1c2ccccc2C(=O)N1c1ccccc1,2.4
NC(=O)Nc1ccccc1,0.83
O=C(O)c1cc(I)ccc1O,3.34
CC1(C(=O)O)CCC2(C)CCC3(C)C(=C2C1)CC(=O)C1C2(C)CCC(OC4OC(C(=O)O)C(O)C(O)C4OC4OC(C(=O)O)C(O)C(O)C4O)C(C)(C)C2CCC13C,2.8
O=C1C(O)c2c(O)cc(O)cc2OC1c1ccc(O)c(O)c1,0.95
O=C1C=CC(=O)C(c2ccccc2)=C1,1.95
Oc1cc(O)c2c(c1)OC(c1ccc(O)c(O)c1)C(O)C2,0.51
COc1cc(C=CC(=O)O)ccc1O,1.51
Cc1occc(=O)c1O,0.09
O=C(O)C(O)(c1ccccc1)c1ccccc1,2.3
CCC(=O)c1ccc(O)cc1,2.03
CC(CCl)OC(C)CCl,2.48
Cc1cc(Cl)ccc1O,2.63
OCCBr,0.23
Oc1ccccc1Cl,2.15
Oc1ccc(Cl)cc1,2.39
Cc1cccc(Cl)c1O,2.8
Oc1ccc(Cl)cc1Cl,3.06
NC(=O)c1ccc([N+](=O)[O-])cc1,0.82
NCC(=O)O,-3.21
O=C(O)COc1ccc(Cl)cc1Cl,2.81
c1ccc(C2CC2)cc1,3.27
O=C(O)Cc1ccccc1,1.41
CNC=O,-0.97
COC(N)=O,-0.66
COc1ccc(CC(N)C(=O)NC2C(CO)OC(n3cnc4c(N(C)C)ncnc43)C2O)cc1,0.03
c1ccc2[nH]nnc2c1,1.44
CCc1[nH]c(=N)[nH]c(=N)c1-c1ccc(Cl)cc1,2.69
O=C(NC(CO)C(O)c1ccc([N+](=O)[O-])cc1)C(Cl)Cl,1.14
CC=C(c1ccc(O)cc1)C(CC)c1ccc(O)cc1,5.07
CNC1CCc2cc(OC)c(OC)c(OC)c2-c2ccc(OC)c(=O)cc21,1.37
CC(=O)Nc1cccc(C)c1,1.68
O=C1NC(=O)c2ccccc21,1.15
COC(=O)c1ccccc1N,1.88
COC(=O)CC#N,-0.47
NC(=O)c1ccccc1,0.64
NC(=O)c1ccccc1O,1.28
CCOc1ccc(N)cc1,1.24
O=C(O)c1cccc([N+](=O)[O-])c1C(=O)O,0.75
COc1ccccc1N,1.18
O=Nc1ccc(O)cc1,1.29
O=C(O)CCCc1c[nH]c2ccccc12,2.3
O=C(Nc1ccccc1)c1ccccc1,2.62
CC(=O)N(c1ccccc1)c1ccccc1,2.02
ON=C(O)c1ccccc1,0.26
CC(=O)N(C)C,-0.77
Cc1ccc([N+](=O)[O-])c(O)c1,2.31
CC(=O)Nc1ccccc1-c1ccccc1,2.02
COc1cc(-c2ccc(N)c(OC)c2)ccc1N,1.81
CC(O)CN,-0.96
OC(O)C(Cl)(Cl)Cl,0.99
O=P(OCCCl)(OCCCl)OCCCl,1.44
O=P(OCC(Br)CBr)(OCC(Br)CBr)OCC(Br)CBr,4.29
CC(=O)c1ccc(N)cc1,0.83
CCOC(=O)Nc1ccccc1,2.3
CCC(N)C(=O)O,-2.54
O=C(O)CCc1c[nH]c2ccccc12,1.75
N=c1nc(-c2ccccc2)[nH]c(=N)[nH]1,1.36
NC(=S)Nc1cccc2ccccc12,1.65
CC(=O)C1CCC2C3CC=C4CC(=O)CCC4(C)C3C(O)CC12C,2.36
CC12CCC3C4=C(CCC3C1CCC2O)CC(=O)CC4,2.62
CC(=O)Nc1ccccc1C,0.85
c1ccc2cnccc2c1,2.08
c1ccc2ncccc2c1,2.03
Cc1ccc2ccccc2n1,2.59
N#CCc1ccccc1,1.56
c1ccc2nc3ccccc3cc2c1,3.4
Cc1ccccn1,1.11
Nc1cc(C(F)(F)F)cc(C(F)(F)F)c1,3.57
Cc1ccnc2ccccc12,2.61
O=[N+]([O-])Cc1ccccc1,1.75
c1ccc2c(c1)[nH]c1ccccc12,3.72
Nc1ccc(-c2ccc(N)cc2)cc1,1.34
CNc1ccccc1,1.66
COC(=O)c1ccc(C(=O)OC)cc1,2.25
O=Cc1cccc(O)c1,1.38
CCNC(=S)NCC,0.57
c1ccc(NNc2ccccc2)cc1,2.94
Nc1ccc(-c2ccc(N)c(Cl)c2)cc1Cl,3.51
O=[N+]([O-])c1ccc(Br)cc1,2.55
CCCCOCCOCCSC#N,1.68
O=[N+]([O-])c1cccc(I)c1,2.94
Nc1ccc(Cl)cc1[N+](=O)[O-],2.72
NNC(=O)c1cccc([N+](=O)[O-])c1,0.23
Cc1cccc2ccccc12,3.87
Cc1ccc2ccccc2c1,3.86
CCC(CO)(CO)CO,-1.48
CC(C)(O)C(F)(F)F,1.04
CC(O)C(F)(F)F,0.71
CC(=O)c1ccccc1[N+](=O)[O-],1.28
CCCCC[N+](=O)[O-],2.01
CCCC[N+](=O)[O-],1.47
CC(C)(C)[N+](=O)[O-],1.17
CC(C)C[N+](=O)[O-],1.4
Cc1ccc(O)cc1,1.94
CC(C)(C)c1ccc(O)cc1,3.31
CC(=O)c1ccc(O)cc1,1.35
ClC(Cl)=C(Cl)C(Cl)=C(Cl)Cl,4.78
CCCCCCCO,2.62
CCCCC(C)O,1.76
CCCCCCC(C)=O,2.37
CCCCCCCCCC(=O)OC,4.41
CC1CCC(O)CC1,1.79
CC(=O)CCC(=O)O,-0.49
O=C(O)c1cc2ccccc2cc1O,3.05
C=Nc1cccc2c(O)c3ccccc3c(O)c12,4.1
CCCCCCCCCCCCO,5.13
CCCCNC(=S)NCCCC,2.75
N#CCC#N,-0.6
O=C(O)c1ccccc1I,2.4
O=C(O)c1ccc(I)cc1,3.02
COc1ccc(C#N)cc1,1.7
COc1ccccc1C(=O)O,1.59
COC(=O)c1ccc(N)cc1,1.37
CCC(=O)c1ccccc1O,2.54
O=C(O)Cc1c[nH]c2ccccc12,1.41
C=CC(C)(O)CCC=C(C)C,2.97
CN(c1ccccc1)c1ccccc1,3.9
COC(=O)c1ccccc1C(=O)c1ccccc1,2.7
N#CCCCC#N,-0.72
O=[N+]([O-])c1ccc([N+](=O)[O-])cc1,1.46
O=c1[nH]c2ccccc2o1,1.16
OCc1ccccc1O,0.73
COc1ccccc1O,1.32
CC1CCC(=O)CC1,1.38
COC(=O)c1ccc(O)cc1,1.96
CN(C=O)c1ccccc1,1.09
Cc1ccc(O)c(C)c1,2.3
COc1ccccc1OC(C)=O,1.38
Cc1c(C)c(C)c(C)c(C)c1C,5.11
Clc1nc(=Nc2ccccc2Cl)nc(Cl)[nH]1,3.88
c1ccc(-c2cccc(-c3ccccn3)n2)nc1,1.96
CCCCCCCCCCCC(=O)OCCCC,6.51
NC(CC(=O)O)C(=O)O,-3.89
Brc1cccnc1,1.6
O=C(O)c1cccc(Br)c1,2.87
O=C(O)c1cc(Br)ccc1O,3.23
COc1cc(C(=O)O)ccc1O,1.43
CC(=O)Nc1ccccc1O,0.72
CC(=O)Nc1cccc(O)c1,0.73
CC(=O)Nc1ccc(O)cc1,0.46
Cc1ccc(CO)cc1,1.58
CC(=O)Nc1ccccc1C(=O)O,1.88
CC(=O)Nc1cccc(C(=O)O)c1,1.32
CC(=O)Nc1ccc(C(=O)O)cc1,1.31
COc1ccccc1NC(C)=O,0.67
COc1cccc(NC(C)=O)c1,1.3
CCCCCCCCCC(C)=O,4.09
OCC1OC(Oc2ccc(O)cc2)C(O)C(O)C1O,-1.35
O=C(C(=O)c1ccccc1)c1ccccc1,3.38
OC(c1ccccc1)(c1ccccc1)c1ccccc1,3.68
CCCNCCC,1.67
NNc1ccc([N+](=O)[O-])cc1,1.41
CCN,-0.13
O=[N+]([O-])c1cc(Cl)c(O)c(Cl)c1,2.94
COc1ccc(Cl)cc1,2.78
COC(=O)c1ccccc1[N+](=O)[O-],1.66
COC(=O)c1ccc([N+](=O)[O-])cc1,1.89
COc1ccc(OC)c(N)c1,1.2
CCCCC(CC)C(=O)O,2.64
O=[N+]([O-])c1ccc2ncccc2c1,1.82
CCOC(=O)c1ccccc1N,2.57
O=Nc1c(O)ccc2ccccc12,2.28
Cc1ccc2ncccc2c1,2.47
Nc1ccc2ccccc2c1,2.28
Nc1cccc2ccccc12,2.25
CC(=O)Nc1c(C)cc(C)cc1[N+](=O)[O-],1.18
Cc1ccc(C(C)C)cc1,4.1
Cc1cc(O)ccc1Cl,3.1
CC1=CC(=O)c2ccccc2C1=O,2.2
COc1ccc2ccccc2c1,3.47
CCCCCCCCCCCCCCCC(=O)OC,7.38
Cc1c2ccccc2c(C)c2ccccc12,5.69
COc1ccc(OCC(=O)O)cc1,1.23
c1cnc2c(c1)ccc1cccnc12,2.05
O=C(O)c1ccccc1Nc1ccccc1,4.36
O=C1C(=Nc2ccccc2)C(Cl)C(=O)c2ccccc21,4.22
Clc1cc(Cl)cc(Cl)c1,4.19
CC(C)(O)C(=O)O,-0.36
Cc1ccc(C)[nH]1,1.47
O=C(/C=C/c1ccccc1)c1ccccc1,3.08
Nc1cccc(C(F)(F)F)c1,2.29
CC(=O)OCc1ccccc1,1.96
c1ccc(Sc2ccccc2)cc1,4.45
CCCCCCCCCCCCc1ccccc1,8.65
O=C1CCCO1,-0.64
O=C1CCCN1,-0.85
CN1CCCC1=O,-0.38
CC(C)(O)C(Cl)(Cl)Cl,2.03
O=C(O)Cc1ccc(I)cc1,2.64
Nc1ccc(Oc2ccccc2)cc1,2.96
CC(C)(C)O,0.35
Clc1ccccn1,1.22
Nc1cc([N+](=O)[O-])ccc1O,1.26
COc1ccc(F)cc1,2.26
Clc1ccc2ncccc2c1,2.73
COc1ccc(NC(C)=O)cc1,1.03
CCOC(=O)c1ccc(N)cc1,1.86
c1ccc(Cc2ccccc2)cc1,4.14
Nc1ccc(Cc2ccc(N)cc2)cc1,1.59
NNC(N)=O,-2.75
CN1CSC(=S)N(C)C1,1.4
Nc1ccccc1S,1.43
O=C(O)c1ccc(O)cc1O,1.63
C=CCOc1ccccc1,2.94
Nc1ccc(S(=O)(=O)N=c2cccc[nH]2)cc1,0.35
O=[N+]([O-])c1ccccc1Nc1ccccc1,3.66
C=CC(=O)O,0.35
C=C(C)C(=O)OC,1.38
O=Nc1ccc(NO)cc1,1.49
Nc1cccc(N)c1,-0.33
Nc1ccc(N)cc1,-0.3
CC(=O)Oc1cccc(C)c1,2.09
CC(=O)OCC(COC(C)=O)OC(C)=O,0.25
CC(C)(C)c1ccc(C(=O)O)cc1,3.85
CCCCOCCOP(=O)(OCCOCCCC)OCCOCCCC,3.75
O=CO,-0.54
N#CCCC#N,-0.99
CCCOC(N)=O,0.36
Nc1cc([N+](=O)[O-])cc([N+](=O)[O-])c1O,0.93
CCCS(=O)(=O)CCC,0.39
O=C1NS(=O)(=O)c2ccccc21,0.91
CCOc1cccc(O)c1,1.98
CC1=CC(=O)CC(C)(C)C1,1.7
COc1cccc([N+](=O)[O-])c1,2.16
C#Cc1ccccc1,2.53
OCCNCCO,-1.43
COc1ccc(O)cc1,1.58
O=C(O)c1ccc(O)cc1,1.58
Cc1cc(O)ccc1O,0.91
CC(O)CNCC(C)O,-0.82
Cc1cc(O)c(C(C)C)cc1Cl,3.92
CC(=O)N(C)c1ccc(O)cc1,0.61
Oc1ccc(Br)cc1,2.59
CC=NO,-0.13
Cc1c(N(C)C)c(=O)n(-c2ccccc2)n1C,1.0
CCCCCCCC(=O)O,3.05
CCCCCCCCCC(=O)O,4.09
CCCCCCCCCCCC(=O)O,4.6
CCCCCCCCCCCC(=O)OC,5.41
CCCCCCCCCCCCCC(=O)O,6.11
CCCCCCCCCCCCCC(=O)OC,6.41
CCCCCCCCCCCCCCCC(=O)O,7.17
NC(N)=S,-1.08
O=Nc1ccc2ccccc2c1O,2.46
Cn1c(=O)c2c(ncn2C)n(C)c1=O,-0.07
Cn1cnc2c1c(=O)[nH]c(=O)n2C,-0.78
O=NN(Cc1ccccc1)c1ccccc1,3.38
CN1CCCC1c1cccnc1,1.17
CC(O)=NO,-1.59
Ic1cccnc1,1.8
Fc1ccccn1,0.84
Fc1cccnc1,0.77
O=[N+]([O-])c1cc[n+]([O-])cc1,-0.55
C1=C\C=C/C=C\C=C/1,3.08
CCc1ccccc1[N+](=O)[O-],2.58
Cc1ccc(CN)cc1,1.46
CC(C)c1ccccc1O,2.88
CC(C)c1cccc(C(C)C)c1O,3.79
CC1(C)OC(=O)c2ccccc21,1.73
COC(=O)/C=C/C(=O)OC,0.74
C=CC(=O)OCCCC,2.36
C1CCCCCC1,4.0
COc1ccccc1OCC(=O)O,0.98
Cc1cccc(C)c1C,3.66
OC1CCCc2ccccc21,1.98
O=C1c2ccccc2-c2ccccc21,3.58
O=[N+]([O-])c1ccc2c(c1)Cc1ccccc1-2,3.37
C(#Cc1ccccc1)c1ccccc1,4.78
O=C1c2ccccc2-c2cccc3cccc1c23,4.81
Oc1ccc(C2CCCCC2)cc1,4.22
OCc1ccc(Cl)cc1,1.96
CCOC(OCC)OCC,1.2
c1ccc2c(c1)CCC2,3.18
Cc1ccccc1OCC(=O)O,1.98
COc1ccc(/C=C/C(=O)O)cc1,2.68
CCOC(=O)C(O)c1ccccc1,1.53
O=C(O)C1c2ccccc2-c2ccccc21,2.8
Cc1ccc(C(O)c2ccccc2)cc1,3.13
NS(=O)(=O)c1ccccc1,0.31
CN(C)Cc1ccccc1,1.98
O=C(O)c1ccccc1C(=O)O,0.73
CCCC(C)=O,0.91
Cc1cc(C)c(O)c(C)c1,2.73
Nc1ccccc1N,0.15
CN(C)C=O,-1.01
C=CC1CN2CCC1CC2C(O)c1ccnc2ccccc12,2.82
O=C1CC2OCC=C3CN4CCC56c7ccccc7N1C5C2C3CC46,1.93
CC(C)[N+](=O)[O-],0.93
Nc1ccc([N+](=O)[O-])cc1N,0.88
N#Cc1cccc([N+](=O)[O-])c1,1.17
N#Cc1ccc([N+](=O)[O-])cc1,1.19
Cc1ccc(Cl)cc1[N+](=O)[O-],3.05
Cc1ccc(O)c([N+](=O)[O-])c1,2.37
O=[N+]([O-])c1cccc(CO)c1,1.21
O=[N+]([O-])c1ccc(CO)cc1,1.26
CNc1ccc([N+](=O)[O-])cc1,2.04
N#CCCCCCC#N,0.05
N#CCc1ccc([N+](=O)[O-])cc1,1.37
CC(=O)Oc1ccccc1[N+](=O)[O-],1.55
O=C(O)Cc1ccc([N+](=O)[O-])cc1,1.39
Cc1cccc([N+](=O)[O-])c1C,2.83
O=[N+]([O-])c1ccc(Oc2ccccc2)cc1,3.92
O=[N+]([O-])c1cccc(Cl)c1,2.46
O=Cc1cccc([N+](=O)[O-])c1,1.47
COc1ccccc1[N+](=O)[O-],1.73
COc1ccc([N+](=O)[O-])cc1,2.03
COc1ccc(N)c([N+](=O)[O-])c1,1.94
COc1ccc([N+](=O)[O-])cc1N,1.47
CC(=O)c1cccc([N+](=O)[O-])c1,1.42
NC(=O)c1ccccc1C(N)=O,-1.73
CCCCCCCC#N,2.75
COc1ccc(NC(C)=O)c([N+](=O)[O-])c1,1.09
CN(C)c1ccc(C=O)cc1,1.81
CCCCCCCCCO,3.77
Nc1ccc2ccccc2c1S(=O)(=O)O,-1.16
N#CCC(=O)O,-0.76
O=[N+]([O-])c1cc(Cl)c(Cl)c(Cl)c1Cl,3.93
S=C=Nc1ccccc1,3.28
COc1ccc(C=O)cc1,1.76
COc1ccc(C(C)=O)cc1,1.74
CC(=O)/C=C/c1ccccc1,2.07
CCOC(=O)C(=O)Nc1ccccc1,1.48
CCCCCO,1.51
CC(C)CO,0.76
NNc1ccc([N+](=O)[O-])cc1[N+](=O)[O-],1.47
NNc1ccccc1,1.25
O=C1CCCCC1,0.81
CC(=O)CC(C)C,1.31
O=Cc1ccccc1[N+](=O)[O-],1.74
Oc1ccc(Br)cc1Br,3.22
C1CCc2nnnn2CC1,0.14
CC(C)c1cc([N+](=O)[O-])cc([N+](=O)[O-])c1O,3.1
Oc1c(Cl)cc(Cl)c2ccccc12,4.23
CCCOC(=O)c1ccc(O)cc1,3.04
CCC1C(=O)OCC1Cc1cncn1C,0.12
OCc1ccccc1OC1OC(CO)C(O)C(O)C1O,-1.22
NC(=S)Nc1ccccc1,0.71
NCCCCN,-0.7
Cn1c(=O)ccc2ccccc21,1.45
CC(=O)c1c(O)c(C)c(O)c2c1OC1=CC(=O)C(C(C)=O)C(=O)C12C,2.88
c1ccc(COCc2ccccc2)cc1,3.31
NNc1ccc(Br)cc1,1.39
NN(c1ccccc1)c1ccccc1,2.8
Nc1cccc2cccc(N)c12,1.78
CNC(C)Cc1ccccc1,2.07
Nc1ccc(S(=O)(=O)c2ccc(N)cc2)cc1,0.97
O=C(Cc1ccccc1)c1ccccc1,3.18
O=Cc1ccc([N+](=O)[O-])cc1,1.56
CC(C)CCC#N,1.54
N#Cc1ccc(Cl)cc1,2.47
CC(=O)c1ccc(Cl)cc1,2.32
CC(=O)Nc1cccc(Cl)c1,2.15
CC(C)=NNc1ccc([N+](=O)[O-])cc1[N+](=O)[O-],3.05
CCCC(=O)Nc1ccccc1,2.05
CC(CCC(=O)O)C1CCC2C3C(O)CC4CC(O)CCC4(C)C3CC(O)C12C,2.02
Cl/C=C/Cl,2.09
CC(Cl)[N+](=O)[O-],1.1
Nc1ccc(Cl)cc1N,1.28
COc1ccc(C)cc1N,1.74
Clc1ccc2ccccc2n1,2.71
Clc1cccc2ccccc12,3.9
CC12CCC(CC1)C(C)(C)O2,2.5
c1ccc2c(c1)ccc1c3ccccc3ccc21,5.5
BrC(Br)(Br)Br,3.42
N#CCCl,0.45
Nc1ccccc1Cl,1.9
Nc1ccc(Sc2ccc(N)cc2)cc1,2.18
ClCCCCl,2.0
Oc1c(Br)cccc1Br,3.36
O=[N+]([O-])c1cccc([N+](=O)[O-])c1O,1.37
CN(C)c1ccc(/N=N/c2ccccc2)cc1,4.58
O=C1CCCCO1,-0.35
COc1ccccc1C,2.74
COc1ccc(C)cc1,2.66
COc1cccc(C)c1,2.66
CC(=O)Oc1ccccc1C,1.93
OCCSCCO,-0.63
O=[N+]([O-])c1ccc(Cl)c([N+](=O)[O-])c1,2.17
O=[N+]([O-])c1cc(Cl)ccc1Cl,3.09
O=[N+]([O-])c1ccc(Cl)c(Cl)c1,3.12
Oc1cc(Cl)ccc1Cl,3.06
Ic1ccc(I)cc1,4.11
ON=C1CCCCC1,0.84
O=C(O)c1cc(I)cc(I)c1O,4.56
N#Cc1ccc(C(=O)O)cc1,1.56
O=C1CC(=O)c2ccccc21,0.61
O=[N+]([O-])c1cccc2cccc([N+](=O)[O-])c12,2.58
COc1ccc(CCN)cc1OC,0.77
Cc1cc(C(C)(C)C)c(O)c(C(C)(C)C)c1,5.1
CCCCOC(=O)c1ccc(C(=O)OCCCC)cc1,5.53
C=CC#N,0.25
CCC[N+](=O)[O-],0.87
CC(C)C(O)C(C)(C)CO,1.24
CCCCOC(=O)c1ccccc1C(=O)OCCCC,4.72
S=P(N1CC1)(N1CC1)N1CC1,0.53
CCC=O,0.59
Cc1nc2ccccc2[nH]1,1.43
c1cc2cccc3c4cccc5cccc(c(c1)c23)c54,6.25
CCOC(=O)CC(SP(=S)(OC)OC)C(=O)OCC,2.36
C=CCO,0.17
Brc1ccccc1,2.99
Cc1ccc(Br)cc1,3.42
CC(C)C(=O)c1ccccc1,2.73
CC(C)(C)c1ccccc1,4.11
Cc1ccc(C(C)(C)C)cc1,5.17
COP(=O)(OC)OC=C(Cl)Cl,1.47
ClCC1CO1,0.45
CCOCOCC,0.84
CCOC(=O)c1cccc([N+](=O)[O-])c1,2.35
CCOC(=O)c1ccc([N+](=O)[O-])cc1,2.33
Cc1cc(C)c(C)cc1C,4.0
CCOC(=O)/C=C/c1ccccc1,2.99
CCOC(=O)CC(=O)c1ccccc1,1.87
O=S(c1ccccc1)c1ccccc1,2.06
O=S(=O)(c1ccccc1)c1ccccc1,2.4
c1ccc(Nc2ccccc2)cc1,3.5
c1ccc2c(c1)Cc1ccccc1-2,4.18
c1ccc(OCCOc2ccccc2)cc1,3.81
c1ccc2c(c1)-c1cccc3cccc-2c13,5.16
c1ccc(-c2ccc(-c3ccccc3)cc2)cc1,6.03
CCCCN(CCCC)N=O,2.63
CCOC(=O)c1ccncc1,1.43
Sc1ccccc1,2.52
Oc1ccccc1Br,2.35
C=CCCC(C)=O,1.02
O=C(O)c1ccccc1Br,2.2
COc1ccccc1Br,2.86
N#CN,-0.82
CC(=O)OCCBr,1.11
O=[N+]([O-])c1cccc(Br)c1,2.64
Nc1ccc(Br)cc1,2.26
Nc1ccccc1Br,2.11
CCCCNc1ccccc1,3.58
Nc1ccc(S(=O)(=O)O)cc1,-2.16
CC(=O)NCCc1ccccc1,1.19
O=[N+]([O-])c1cccc([N+](=O)[O-])c1,1.49
Cc1ccc([N+](=O)[O-])cc1[N+](=O)[O-],1.98
CN(C)c1ccccc1,2.31
CC(C)c1ccc(N)cc1,2.49
Oc1ccc2c(O)cccc2c1,1.94
Oc1cccc2c(O)cccc12,1.94
CCN(CC)c1ccccc1,3.31
C=Cc1ccc2c(O)c3ccccc3c(O)c2c1,4.37
BrCBr,1.7
ClCBr,1.41
CCNC,0.15
CCC(C)C(=O)O,1.18
CCCCCC(C)=O,1.98
CCCCCCCBr,4.36
COC(=O)c1ccccc1Cl,2.38
COC(=O)c1ccc(OC)cc1,2.27
N=c1[nH]cnc2c1ncn2C1OC(CO)C(O)C1O,-1.05
O=C1C(=O)c2ccccc2-c2ccccc21,2.52
C=C(C)C(=O)O,0.93
O=S(=O)(O)c1ccc2ccccc2c1,0.63
COc1ccc(OC)cc1,2.04
CCN(CCO)c1ccccc1,2.1
CCCN,0.48
CC1CCCC(C)N1,1.53
Cc1cc2ccccc2[nH]1,2.53
CC1OC(OC2C=C3CCC4C(CCC5(C)C(c6ccc(=O)oc6)CCC45O)C3(C)CC2)C(O)C(O)C1O,2.48
COC1CC(OC2CCC3(C=O)C4CCC5(C)C(c6coc(O)c6)CCC5(O)C4CCC3(O)C2)OC(C)C1O,0.64
Nc1cccc(S(N)(=O)=O)c1,-0.38
Nc1ccc(C(=O)NCC(=O)O)cc1,-0.89
N=c1c2ccccc2[nH]c2ccccc12,2.74
C1CC2OC2CC1C1CO1,0.44
CC#N,-0.34
CC=O,-0.34
C=CCBr,1.79
C=CCN,0.03
CC(C)=NO,0.12
CC(N)C(=O)O,-2.96
NCCC(=O)O,-3.05
CC(C)O,0.05
CNC(=O)NC(C)=O,-0.7
C=CCOC(C)=O,0.97
N#CCCCCC#N,-0.32
Nc1ccc(S(N)(=O)=O)cc1,-0.62
CC(=O)CCC(C)=O,-0.27
O=C(O)CCCCC(=O)O,0.08
CCOC(C)OCC,0.84
Nc1ccc(C(=O)O)cc1,0.83
Cc1ccc(O)c(N)c1,1.16
COc1cccc(N)c1,0.93
C=CC(OC(C)=O)OC(C)=O,0.78
CC(=O)c1ccccc1,1.58
CC(=O)Nc1ccccc1,1.16
CC(=O)c1cccc(N)c1,0.83
Cc1ccc(C)c(N)c1,1.83
CC(=O)Nc1ccc(C)cc1,1.7
CC(=O)Nc1cc(C)ccc1C,1.47
CCOc1ccccc1NC(C)=O,1.49
CCOc1cccc(NC(C)=O)c1,1.82
CCOc1ccc(NC(C)=O)cc1,1.58
O=C1C(=O)c2cccc3cccc1c23,1.95
c1cc2c3c(cccc3c1)CC2,3.92
Nc1ccc(-c2ccccc2)cc1,2.86
Nc1ccccc1-c1ccccc1,2.84
C=CCOC(=O)c1ccccc1C(=O)OCC=C,3.23
O=C(O)CCC(=O)O,-0.59
CCCC(=O)O,0.79
CCCCC(=O)O,1.39
O=C(O)CC(O)(CC(=O)O)C(=O)O,-1.72
O=c1[nH]c2ccccc2s1,1.76
O=C(O)c1ccc([N+](=O)[O-])cc1,1.89
COc1ccc(C(=O)O)cc1OC,1.61
CC1=CCC2CC1C2(C)C,4.83
CC(=O)OC(OC(C)=O)c1ccccc1,1.62
O=[N+]([O-])c1cc(C2CCCCC2)c(O)c([N+](=O)[O-])c1,4.12
CC(O)C#N,-0.94
CN(C)C#N,-0.15
NCCCO,-1.12
N#CCCNCCC#N,-1.34
COc1ccc(C(=O)c2ccccc2)c(O)c1,3.79
Cc1cc(Cc2cc(C)cc(C(C)(C)C)c2O)c(O)c(C(C)(C)C)c1,6.25
C=CC(N)=O,-0.67
Nc1cc([N+](=O)[O-])ccc1C(=O)O,1.91
Nc1ccc(N)c2c1C(=O)c1ccccc1C2=O,3.0
Cn1cnc2c(=N)[nH]cnc21,-0.03
Cn1cnc2[nH]cnc(=N)c21,-0.03
CCCCCCCCCCC(=O)O,4.42
O=c1cc(O)[nH]c(=O)[nH]1,-1.47
NC(=O)CC(N)C(=O)O,-3.82
CCCCCBr,3.37
CCC(C)(C)Cl,2.52
CCCCCN,1.49
ClC1C(Cl)C(Cl)C(Cl)C(Cl)C1Cl,4.14
Nc1ccccc1,0.9
N=C(N)NCCCC(N)C(=O)O,-4.2
O=Cc1ccccc1,1.48
COc1ccccc1,2.11
COc1ccc(N)cc1,0.95
O=C(O)C(O)c1ccccc1,0.62
COc1ccc(C(=O)O)cc1,1.96
NC(C(=O)O)c1ccccc1,-1.7
NCC(O)c1ccc(O)c(O)c1,-1.24
Nc1cccc2cccnc12,1.16
Nc1cnc2ccccc2c1,1.63
Cc1cc(=O)n(-c2ccccc2)n1C,0.38
O=C1c2ccccc2C(=O)c2ccccc21,3.39
c1ccc2cc3ccccc3cc2c1,4.45
CCC#N,0.16
CN(C)P(=O)(N(C)C)N(C)C,0.28
ClC(Cl)Br,2.0
BrC(Br)Br,2.4
CCC(Br)C(=O)O,1.42
CC(C)CN,0.73
CCCCN,0.97
CCC(C)N,0.74
Brc1ccccn1,1.42
CCC(C)OC(C)=O,1.72
CC(=O)OCC(C)C,1.78
FC(F)(F)c1ccccc1,3.01
N#Cc1ccccc1,1.56
BrCc1ccccc1,2.92
COc1ccc(Br)cc1,3.05
ClCc1ccccc1,2.3
OCc1ccccc1,1.1
NCc1ccccc1,1.09
CC(=O)Nc1ccc(Br)cc1,2.29
COCc1ccccc1,1.92
CNCc1ccccc1,1.52
CC(=O)NCc1ccccc1,0.95
CCOCc1ccccc1,2.16
c1ccc(Cc2ccncc2)cc1,2.62
O=C(c1ccccc1)c1ccccc1,3.18
Oc1ccc(Cc2ccccc2)cc1,3.47
O=C(OCc1ccccc1)c1ccc(O)cc1,3.56
O=C(OCc1ccccc1)c1ccccc1,3.97
Cc1cc(C)c(C)c(C)c1,4.1
OCC(O)C(O)CO,-2.29
OCC(CO)(CO)CO,-1.69
OCC(O)c1oc(O)c(O)c1O,-1.64
O=C(O)CC(=O)O,-0.81
Cc1ccccc1OCC(O)CO,1.41
COc1ccccc1/C=C/C(=O)O,2.54
NCCCN,-1.43
O=C1C=CC(=O)N1c1ccccc1,1.09
Nc1ccccc1SSc1ccccc1N,3.05
C#CC1(O)CCCCC1,1.73
COC(=O)c1ccccc1O,2.55
CCOC(=O)c1ccccc1O,2.95
CCCOC(=O)c1ccccc1O,3.8
C=CC(=O)OCC,1.32
CCCCCC(=O)O,1.92
COC(=O)c1ccc(Cl)cc1,2.87
OCCNc1ccccc1,0.82
CCCCOCCOCCOCc1cc2c(cc1CCC)OCO2,4.75
C=COC(C)=O,0.73
C=COCC,1.04
CCCC(C)C(=O)O,1.8
NC(=O)CCl,-0.53
N#CCCCCl,0.56
CCCC#N,0.53
CCCCCl,2.64
CCCC(N)=O,-0.21
CCC(C)CO,1.29
Clc1ccccc1,2.84
O=C(O)c1cccc(Cl)c1,2.68
O=C(O)c1ccc(Cl)cc1,2.65
CCCC(=O)OCC(O)CO,-0.17
O=C(O)COc1ccccc1Cl,1.86
CC(=O)Nc1ccccc1Cl,1.28
C=CCCCCCC,4.57
CCCCOCCCC,3.21
CCCC(=O)c1ccccc1,2.77
CCCCc1ccccc1,4.38
CCC(C)c1ccccc1,4.57
CCCCOC(=O)c1ccccc1,3.84
CCCCOC(=O)c1ccc(O)cc1,3.57
CCCCOP(=O)(OCCCC)OCCCC,4.0
O=C(Nc1ccccc1)Nc1ccccc1,3.0
COc1ccc(C=O)cc1OC,1.22
C=C(C)C1Cc2c(ccc3c2OC2COc4cc(OC)c(OC)cc4C2C3=O)O1,4.1
CCOC(=O)c1ccc(O)cc1,2.47
O=C(O)c1cc(O)ccc1O,1.74
COc1cc(OC)cc(C(=O)O)c1,2.19
O=C1CC(=O)c2ccccc2C1=O,1.38
O=S(=O)(O)c1cccc2cccc(O)c12,-0.17
CCNc1cccc2ccccc12,3.45
O=C1c2ccccc2C(=O)c2c(O)cccc21,3.52
O=C1C(c2[nH]c3ccccc3c2O)=Nc2ccccc21,3.72
CNC,-0.38
CC1(C)NC(=O)NC1=O,-0.48
CCC(=O)CC,0.99
CCC(O)CC,1.21
CCOC(=O)CC(C)=O,0.25
CCCC(O)CCC,2.22
COc1cccc(OC)c1,2.21
C=C(C)CC(C)(C)C,4.55
CCOc1ccc(C(=O)O)cc1,2.39
Oc1cc2ccccc2cc1O,2.24
CN(C)c1cccc2ccccc12,3.46
CCCCCCCCCCCC,6.1
NC(=O)N(c1ccccc1)c1ccccc1,1.53
CCOC(=O)C(Cc1ccccc1)C(=O)OCC,2.76
O=C1NC(=O)C(c2ccccc2)(c2ccccc2)N1,2.47
CNC(=S)NC,-0.24
C1COCCO1,-0.27
Cc1cc(C)[nH]n1,1.01
O=C(O)c1cc([N+](=O)[O-])cc([N+](=O)[O-])c1,1.55
Cc1cc(=O)cc(C)o1,0.1
CCNc1ccccc1,2.16
O=C(O)C(c1ccccc1)c1ccccc1,3.09
O=[N+]([O-])C(Cl)(Cl)Cl,2.09
NC(CS)C(=O)O,-2.49
CC(=O)C(C)=O,-1.34
Clc1cccc(Cl)c1,3.53
Nc1ccc(Cl)cc1Cl,2.78
Cc1ccc(Cl)cc1Cl,4.24
Cc1ccccc1Cl,3.42
Cc1cccc(Cl)c1,3.28
Cc1cccc(O)c1,1.96
O=C(O)COc1ccc(Cl)cc1,2.25
CCCCNCCCC,2.83
O=c1ccc2ccccc2o1,1.39
OC/C=C/c1ccccc1,1.95
CC(C)c1ccccc1,3.66
CCCCCCCCCC,5.01
c1ccc(CCc2ccccc2)cc1,4.79
CC(CCC(=O)O)C1CCC2C3CCC4CC(O)CCC4(C)C3CC(O)C12C,3.5
CC[N+](=O)[O-],0.18
C#CCO,-0.38
C=CC=O,-0.01
CC(=O)c1ccccc1N,1.63
CCBr,1.61
CCI,2.0
CCOC=O,0.23
CCOC(=O)C(Cl)(Cl)Cl,2.39
CCOC(=O)CBr,1.12
CCOC(=O)NC,0.34
CCOCCO,-0.32
CCOC(=O)CC,1.21
CCOC(=O)OCC,1.21
CCOC(=O)C(=O)OCC,0.56
Cc1cccc(F)c1,2.75
Cc1ccc(F)cc1,2.58
O=CNc1ccccc1,1.15
CCOC(=O)CC(=O)OCC,0.96
CCOC(=O)c1cccnc1,1.32
CCc1cccc(O)c1,2.4
CCOC(=O)CCC(=O)OCC,1.2
CCOC(=O)CCCCC(=O)O,0.91
CCOC(=O)C(=O)C(O)C(O)OCC,-0.29
CCC1CCCCC1,4.56
CCOC(=O)c1ccccc1,2.64
CCOS(=O)(=O)c1ccc(C)cc1,1.81
CCOC(=O)Cc1ccccc1,2.28
C=CCc1ccc(O)c(OC)c1,2.27
CCOC(=O)/C(C#N)=C/c1ccccc1,2.43
CCOC(=O)c1ccccc1C(=O)OCC,2.47
CCCCCCCCCCCC(=O)OCC,5.71
COP(=O)(OC)C(O)C(Cl)(Cl)Cl,0.51
COP(=S)(OC)Oc1cc(Cl)c(Cl)cc1Cl,4.88
COP(=S)(OC)Oc1ccc([N+](=O)[O-])c(Cl)c1,3.45
ClC1=C(Cl)C2(Cl)C3C(Cl)C=CC3C1(Cl)C2(Cl)Cl,6.1
ClC1=C(Cl)C2(Cl)C3C(Cl)C(Cl)CC3C1(Cl)C2(Cl)Cl,6.16
CCOP(=S)(OCC)Oc1ccc([N+](=O)[O-])cc1,3.83
ClC1=C(Cl)C2(Cl)C3C4CC(C5OC45)C3C1(Cl)C2(Cl)Cl,5.2
ClC1=C(Cl)C2(Cl)C3C4C=CC(C4)C3C1(Cl)C2(Cl)Cl,6.5
CCOP(=S)(OCC)Oc1cc(C)nc(C(C)C)n1,3.81
Clc1ccc(C(c2ccc(Cl)cc2)C(Cl)(Cl)Cl)cc1,6.91
Clc1ccc(C(c2ccc(Cl)cc2)C(Cl)Cl)cc1,6.02
CCOP(=S)(Oc1ccc([N+](=O)[O-])cc1)c1ccccc1,4.78
CCOP(=S)(OCC)Oc1ccc2c(C)c(Cl)c(=O)oc2c1,4.13
COc1ccc(C(c2ccc(OC)cc2)C(Cl)(Cl)Cl)cc1,5.08
Cc1ccc([N+](=O)[O-])cc1N,1.87
CN(C)C(=O)Nc1ccc(Cl)cc1,1.94
CN(C)C(=O)Nc1ccc(Cl)c(Cl)c1,2.68
O=Cc1ccccn1,0.44
O=Cc1cccnc1,0.29
O=Cc1ccncc1,0.43
CNC(C)C(O)c1ccccc1,0.93
CC12C=CC(=O)C=C1CCC1C2C(O)CC2(C)C1CCC2(O)C(=O)CO,1.62
CC(=O)c1ccc(C(C)C)cc1,2.98
CN(C)C1C(=O)C(C(N)=O)C(=O)C2(O)C(=O)C3C(=O)c4c(O)cccc4C(C)(O)C3C(O)C12,-0.9
ClCCCBr,2.18
O=C(O)/C=C/c1ccccc1,2.13
ClC(Cl)(Cl)C(Cl)(Cl)Cl,4.14
O=c1[nH]cc(O)[nH]1,-1.69
OCC(O)CO,-1.76
ClC1=C(Cl)C(Cl)(Cl)C(Cl)=C1Cl,5.04
C=CC(=C)C,2.42
O=C(O)CCCC(=O)O,-0.29
NC(CCC(=O)O)C(=O)O,-3.69
CSCCC(N)C(=O)O,-1.87
Clc1c(Cl)c(Cl)c(Cl)c(Cl)c1Cl,5.73
Ic1ccccc1,3.25
Oc1ccccc1I,2.65
Nc1ccc(I)cc1,2.34
Oc1ccc(O)cc1,0.59
CC(C)CC(N)C(=O)O,-1.52
NCCCCC(N)C(=O)O,-3.05
CCCCCCO,2.03
O=C1Nc2ccccc2C1=O,0.83
CC(=O)c1ccccc1O,1.92
COc1cccc(C(=O)O)c1,2.02
Cc1cc(C)cc(O)c1,2.35
C1=Cc2ccccc2C1,2.92
O=C(O)CCc1ccccc1,1.84
Cc1cc(C)cc(C)c1,3.42
CC(C)CCOCCC(C)C,4.25
CC(C)CCOC(=O)c1ccccc1,4.15
CCCCOC(C)=O,1.78
C=CCC1(CC=C)C(=O)NC(=O)NC1=O,1.15
CC(=O)c1ccc(OCC(=O)O)cc1,0.87
CI,1.51
CC(Cl)(Cl)Cl,2.49
CSSC,1.77
COC(=O)C(=O)OC,-0.17
CCC(=O)OC,0.84
C1COCCN1,-0.86
CC(=O)C(C)C,0.84
CCCC(=O)OC,1.29
CN1CCOCC1,-0.33
Cn1ccccc1=O,-0.23
CC1CCCCC1,3.61
COC(=O)c1ccc(Br)cc1,2.95
COC(=O)c1ccccc1,2.12
CNc1ccccc1C,2.16
CNc1cccc(C)c1,2.19
Cc1cccc(CO)c1,1.6
C=C(C)c1ccccc1,3.48
CC(=O)c1ccc(C)cc1,2.1
COC(=O)c1ccccc1C,2.75
COC(=O)Cc1ccccc1,1.83
Cc1cc(=O)oc2cc(O)ccc12,1.9
Cc1cccc2cccnc12,2.6
COC(=O)/C=C/c1ccccc1,2.62
CCCCCCCCCCCCCCCCCC(=O)OC,8.35
NC(=O)C(F)(F)F,0.12
Fc1ccc(Br)cc1,3.08
O=C(Nc1ccccc1)C(F)(F)F,2.21
C(=C/c1ccccn1)\c1ccccn1,2.11
CC12CCC3C(CC=C4CC(=O)CCC43C)C1CCC2=O,2.75
C#CC1(O)CCC2C3CC=C4CC(=O)CCC4C3CCC21C,2.97
C#CC1(O)CCC2C3CC=C4CC(=O)CCC4(C)C3CCC21C,3.11
CC(=O)OCC(=O)C1CCC2C3CC=C4CC(=O)CCC4(C)C3CCC12C,3.08
CC(C)(C)N,0.4
O=[N+]([O-])c1ccccc1,1.85
Nc1cccc([N+](=O)[O-])c1,1.37
O=C(O)c1ccccc1[N+](=O)[O-],1.46
Cc1ccccc1[N+](=O)[O-],2.3
Cc1cccc([N+](=O)[O-])c1,2.45
Cc1ccc([N+](=O)[O-])cc1,2.37
NC(=O)CI,-0.19
O=C(O)CSc1ccccc1,1.88
O=C1C=CC(=O)c2ccccc21,1.71
O=[N+]([O-])c1cccc2ccccc12,3.19
Oc1cccc2ccccc12,2.85
O=S(=O)(O)c1ccc(O)c2ccccc12,-0.44
CN(C)c1ccc(C(=O)c2ccc(N(C)C)cc2)cc1,3.87
NNC(=O)c1ccncc1,-0.7
CC12CCC3c4ccc(O)cc4CCC3C1CCC2=O,3.13
CC12CCC(=O)C=C1CCC1C2CCC2(C)C(O)CCC12,3.32
CC12CCC(=O)C=C1CCC1C2CCC2(C)C1CCC2(C)O,3.36
CC12CCC(=O)C=C1CCC1C2C(=O)CC2(C)C1CCC2(O)C(=O)CO,1.47
CC(=O)C1CCC2C3CC=C4CC(=O)CCC4(C)C3CCC12C,3.87
CC12CCC(=O)C=C1CCC1C2C(O)CC2(C)C(C(=O)CO)CCC12,1.94
C#CCCCC,2.73
O=P(N1CC1)(N1CC1)N1CC1,-0.62
CC(C)C(N)C(=O)O,-2.26
ClC(Cl)=C(Cl)Cl,3.4
O=[N+]([O-])c1ccc(Cl)cc1,2.39
Nc1ccccc1[N+](=O)[O-],1.85
Nc1ccc([N+](=O)[O-])cc1,1.39
CC1OC(C)OC(C)O1,0.67
O=C(O)c1cccc([N+](=O)[O-])c1,1.83
NNC(=O)c1ccc([N+](=O)[O-])cc1,0.35
O=C(CBr)c1ccccc1,2.19
O=[N+]([O-])/C=C/c1ccccc1,2.11
O=C(O)COc1ccccc1,1.34
Cc1cccc(C)c1[N+](=O)[O-],2.95
CCOc1ccc([N+](=O)[O-])cc1,2.53
CN(C)c1cccc([N+](=O)[O-])c1,2.16
CN(C)c1ccc([N+](=O)[O-])cc1,2.27
CCCCCCCCBr,4.89
CCCCCCCC,5.18
CCCCCCCCO,3.0
CCCCCCCCN,2.9
CC(=O)Nc1ccc(C)cc1[N+](=O)[O-],1.49
CC(=O)Cc1ccccc1,1.44
O=S(=O)(O)c1cccc2c(O)cccc12,-0.17
CC(=O)Oc1cccc2ccccc12,2.78
CCC1(c2ccccc2)C(=O)NC(=O)NC1=O,1.47
c1ccc2c(c1)ccc1ncccc12,3.43
CCCCCCCC/C=C/CCCCCCCC(=O)O,7.64
Oc1cccc(C(F)(F)F)c1,2.95
CCOc1ccc(O)cc1,1.81
Oc1c(Cl)cc(Cl)c(Cl)c1Cc1c(O)c(Cl)cc(Cl)c1Cl,7.54
CC12CCC3c4ccc(O)cc4CCC3C1CCC2O,4.01
CC12CCC3C(CC=C4CC(O)CCC43C)C1CCC2=O,3.23
CC12CCC3C(CCC4CC(O)CCC43C)C1CCC2=O,3.69
Cc1ccc(S(N)(=O)=O)cc1,0.82
CCc1ccc(S(N)(=O)=O)cc1,1.31
NS(=O)(=O)c1ccc(Cl)cc1,1.15
CCC(Br)(CC)C(=O)NC(N)=O,1.54
CCC(C)C(N)C(=O)O,-1.7
NC(Cc1ccccc1)C(=O)O,-1.44
NC(C=O)C(O)O,-3.07
NC(Cc1ccc(O)cc1)C(=O)O,-2.04
O=C(O)CNC(=O)c1ccccc1,0.31
NCCO,-1.31
CC12C=CC(=O)C=C1CCC1C2C(=O)CC2(C)C1CCC2(O)C(=O)CO,1.46
OC1CCCCC1O,0.23
CCc1ccccc1O,2.47
O=Cc1c[nH]c2ccccc12,1.68
COc1cccc(OC)c1OC,1.53
COC(=O)CCc1ccccc1,2.32
O=C(O)CCCC(=O)c1ccccc1,1.49
C=CN1CCCC1=O,0.37
O=C(O)COc1ccccc1F,1.39
O=[N+]([O-])c1c(Cl)c(Cl)cc(Cl)c1Cl,4.38
Fc1ccc(F)c(F)c1,2.52
Fc1cccc(Br)c1,2.92
Fc1cccc(Cl)c1,2.76
Fc1ccc(Cl)cc1,2.78
Fc1ccccc1F,2.37
O=[N+]([O-])c1ccc(F)cc1,1.8
O=[N+]([O-])c1ccc(F)cc1O,1.91
Fc1cccc(F)c1,2.21
Fc1ccc(F)cc1,2.13
Nc1ccc(F)c(Cl)c1,2.06
Oc1ccccc1F,1.71
Oc1ccc(F)cc1,1.77
Nc1ccc(F)cc1F,1.54
Nc1cccc(Br)c1,2.1
Nc1ccccc1F,1.26
Nc1cccc(F)c1,1.3
FC(F)(F)c1ccccc1Cl,3.53
O=[N+]([O-])c1cccc(C(F)(F)F)c1,2.62
Nc1cc(C(F)(F)F)ccc1Cl,3.06
O=C(O)c1ccccc1F,1.77
O=C(O)c1cccc(F)c1,2.15
O=C(O)c1ccc(F)cc1,2.07
Nc1ccccc1C(F)(F)F,2.41
Nc1ccc(C(F)(F)F)cc1,1.95
COc1ccccc1F,2.14
FC(F)(F)c1cccc(C(F)(F)F)c1,3.83
CC(=O)Nc1cccc(F)c1,1.65
CC(=O)Nc1ccc(F)cc1,1.47
CCCCC(N)C(=O)O,-1.53
O=c1[nH]c2ccccc2[nH]1,1.12
O=C1OC(=O)c2ccccc21,1.6
O=S1(=O)OC(c2ccc(O)cc2)(c2ccc(O)cc2)c2ccccc21,3.02
N=C1C=CC(=C(c2ccc(N)cc2)c2ccc(N)cc2)C=C1,-0.21
CNCC(=O)O,-2.78
CC12CCC(=O)C=C1CCC1C2C(O)CC2(C)C1CCC2(O)C(=O)CO,1.61
CC(=O)NS(=O)(=O)c1ccc(N)cc1,-0.96
Cc1cc(C)[nH]c(=NS(=O)(=O)c2ccc(N)cc2)n1,0.89
OC(c1ccccc1)C(O)c1ccccc1,1.91
OCCCCCl,0.85
NCCc1ccccc1,1.41
CC(C)=CC=C(C)C,3.5
CCC1(CCC(C)C)C(=O)NC(=O)NC1=O,2.07
CCCC(C)C1(CC)C(=O)NC(=O)NC1=O,2.1
CCCCCC1(CC)C(=O)NC(=O)NC1=O,2.24
C=CCC1(C(C)CCC)C(=O)NC(=O)NC1=O,1.97
CC(=O)NC(Cc1ccc(O)cc1)C(=O)O,1.32
CC(=O)OCC(=O)C1(O)CCC2C3CC=C4CC(=O)C=CC4(C)C3C(O)CC21C,2.4
CC12CCC3C(CCC4CC(=O)CCC43C)C1CCC2O,3.55
C#CC1(O)CCC2C3CCc4cc(O)ccc4C3CCC21C,3.67
CNC(=O)Nc1ccccc1,1.12
CN(C)C(=O)c1ccccc1,0.62
BrC1CCCCC1,3.2
COC(=O)CCCCC(=O)OC,1.03
Cc1ccc(C(C)C)c(O)c1,3.3
Cc1cc(-c2ccc(N)c(C)c2)ccc1N,2.34
OCCNCc1ccccc1,0.79
CC12CCC(=O)C=C1CCC1C2CCC2(C)C(C(=O)CO)CCC12,2.88
Cn1c(O)ccc1O,-0.95
CS(=O)(=O)Nc1ccccc1,0.95
Nc1ccc2ccc3cccc4ccc1c2c34,4.31
CN1CCc2cccc3c2C1Cc1ccc(O)c(O)c1-3,2.3
c1ncncn1,-0.73
CCC(C)C1(CC)C(=O)NC(=O)NC1=O,1.69
C=CCC1=C(C)C(OC(=O)C2C(C=C(C)C)C2(C)C)CC1=O,4.78
Cc1ccc2cc(C)c(C)cc2c1,4.73
O=C1CC(c2ccc(O)cc2)Oc2cc(O)cc(O)c21,2.52
CC1C(=O)C(=O)c2ccccc2C1=O,1.2
CC12CCC3c4ccc(O)cc4CCC3C1CC(O)C2O,2.45
OC(CCN1CCCCC1)(c1ccccc1)C1CCCCC1,4.49
Nc1ccc2c(c1)Cc1ccccc1-2,3.14
Nc1ccc2c(c1)Cc1cc([N+](=O)[O-])ccc1-2,3.06
O=C1c2cc([N+](=O)[O-])ccc2-c2c1cc([N+](=O)[O-])cc2[N+](=O)[O-],2.42
CC1(O)CCC2C3CCC4CC(=O)CCC4(C)C3(F)C(O)CC21C,2.38
NC(=O)Nc1ccc(Cl)cc1,1.8
CC(C)N=C(N)N=C(N)Nc1ccc(Cl)cc1,2.53
c1ccc(CNc2ccccc2)cc1,3.13
NC(Cc1c[nH]c2ccccc12)C(=O)O,-1.06
Cn1cc(O)[nH]c1=N,-1.76
O=C(O)c1cccnc1,0.36
COC(=O)c1cccnc1,0.83
NC(=O)c1cccnc1,-0.37
COc1ccc(CN(CCN(C)C)c2ccccn2)cc1,3.27
c1ccc2nc3ccccc3nc2c1,2.84
NC(CSSCC(N)C(=O)O)C(=O)O,-5.08
CN(C)C1C(=O)C(C(N)=O)C(=O)C2(O)C(=O)C3C(=O)c4c(O)ccc(Cl)c4C(C)(O)C3CC12,-0.62
CC12C=CC(=O)C=C1CCC1C3CC(O)C(O)(C(=O)CO)C3(C)CC(O)C12F,1.16
O=C1C=CC(=O)N1,-0.29
CN(C)c1nc(N(C)C)nc(N(C)C)n1,2.73
CCN=c1nc(Cl)[nH]c(N(CC)CC)n1,3.34
CCN=c1[nH]c(Cl)nc(=N)[nH]1,1.15
CC(=O)Oc1c[nH]c2ccccc12,2.01
CNCC(O)c1cccc(O)c1,-0.31
N=C(N)NS(=O)(=O)c1ccc(N)cc1,-1.22
N=c1[nH]cnc2[nH]cnc12,-0.09
CCOC(=O)N(C)C,0.89
C=C1CC23CC1(O)CCC2C12C=CC(O)C(C)(C(=O)O1)C2C3C(=O)O,0.24
CN(C)CC(=O)O,-2.91
O=C(O)Cc1ccc(Cl)cc1,2.12
O=C(O)Cc1ccc(Br)cc1,2.31
O=C(O)Cc1cccc(O)c1,0.85
CC(C)(C)C1=CC(=O)C=C(C(C)(C)C)C1=O,4.42
CC(C)(C)c1cc(C(C)(C)C)c(O)c(C(C)(C)C)c1,6.06
CC(C)c1ccc([N+](=O)[O-])cc1,3.45
CC(C)C(=O)C(C)C,1.86
CCCCCCC(C)O,2.9
CCCCCCCC(C)=O,3.14
Oc1ccccc1C=Nc1ccccc1,3.09
O=C(Nc1ccccc1)c1ccccc1O,3.27
CNC(=O)NC,-0.49
NC(=O)c1cnccn1,-0.6
c1ccc(-c2ccccc2)cc1,3.98
CN(C)CCCN1c2ccccc2Sc2ccc(C(F)(F)F)cc21,5.54
O=c1c2ccccc2oc2ccccc12,3.39
Nc1cccc(C(=O)O)c1,0.65
Nc1cccnc1,0.11
N=c1cc[nH]cc1,0.26
O=C(O)c1ccccc1Cl,2.05
CC(=O)c1ccccn1,0.85
O=C(Cc1ccccc1)Nc1ccccc1,2.7
CNCCc1ccccc1,1.91
C=c1cc(O)c(=C)cc1O,1.28
O=C(O)c1cccc(C(=O)O)c1,1.66
c1ccc2c(c1)CCCN2,2.29
CCCOC(=O)c1ccccc1C(=O)OCCC,3.27
CC(C)OC(=O)c1ccccc1C(=O)OC(C)C,2.83
CC(C)COC(=O)c1ccccc1C(=O)OCC(C)C,4.11
CCCCCCCCOC(=O)c1ccccc1C(=O)OCCCCCCCC,8.06
O=Cc1ccccc1Cl,2.33
Cc1ccccc1N,1.32
Cc1cccc(N)c1,1.4
Cc1ccc(N)cc1,1.39
COc1cc(C=O)ccc1O,1.21
COC(=O)c1ccccc1C(=O)OC,1.56
CC(=O)C1(O)CCC2C3CC=C4CC(=O)CCC4(C)C3CCC21C,3.17
O=[As](O)(O)c1ccccc1,0.06
C=CC1CC=CCC1,3.93
O=C(O)Cc1cccc2ccccc12,2.24
O=Cc1ccc(C(=O)O)cc1,1.76
O=c1c2ccccc2sc2ccccc12,3.99
c1ccc2c(c1)ccc1cccnc12,3.43
CCC(C)(C)C(=O)O,1.9
CCN(CC)C(=O)c1ccccc1,1.25
O=[N+]([O-])CCO,-0.42
CNCCNC,-0.62
c1ccc(-n2cccc2)cc1,3.08
CC(=O)C(N)C(O)O,-2.94
CN(C)c1ccc(C(=O)O)cc1,1.28
O=C(O)c1cc2ccccc2[nH]1,2.31
NC(=O)C(Cl)(Cl)Cl,1.04
O=C(O)c1ccc(O)c(O)c1,0.86
Cc1ccc(C(=O)O)c(O)c1,2.99
CC(=O)c1ccc(C(=O)O)cc1,1.61
COc1cc(CC(=O)O)ccc1O,0.33
COc1ccccc1OC,1.6
O=C/C=C/c1ccccc1,1.9
N#CCCc1ccccc1,1.72
CCC(=O)c1ccccc1,2.19
ClCCCc1ccccc1,3.55
NC(Cc1ccc(O)c(O)c1)C(=O)O,-2.74
CCCc1ccccc1,3.69
OCCCc1ccccc1,1.88
CCCCC(CC)COC(=O)c1ccccc1C(=O)OCC(CC)CCCC,7.6
O=C(O)C1CCCCN1,-2.31
CCOC(=O)C(N)Cc1ccc(O)cc1,0.72
CN(C)CCCN1c2ccccc2Sc2ccccc21,4.55
CN(C)CCCN1c2ccccc2S(=O)c2ccc(Cl)cc21,2.32
CN1CCN(CCCN2c3ccccc3Sc3ccc(C(F)(F)F)cc32)CC1,5.03
CN1CCN(CCCN2c3ccccc3Sc3ccc(Cl)cc32)CC1,4.88
CN(C)CCCN1c2ccccc2Sc2ccc(Cl)cc21,5.19
Cc1ccc(O)c(O)c1,1.37
c1cc2ccc3cccc4ccc(c1)c2c34,4.88
CC(=O)c1ccc(Br)cc1,2.43
CC1=CC(=O)C=C(C)C1=O,1.22
N#C/C=C/C#N,-0.25
N#Cc1cccnc1,0.36
N#Cc1ccccc1C#N,0.99
Nc1cccc(Cl)c1,1.88
O=C(O)c1ccc(Br)cc1,2.86
O=C(O)c1ccc(Cl)c(Cl)c1,3.25
Clc1ccc(Br)cc1,3.54
Oc1cccc(-c2ccccc2)c1,3.23
CCC(C)[N+](=O)[O-],1.2
O=c1c(Cc2c(O)oc3ccccc3c2=O)c(O)oc2ccccc12,2.07
CCC(CC)=C(c1ccc(O)cc1)c1ccc(O)cc1,5.07
CNC(=O)Oc1ccc(C(C)=O)cc1,1.01
[O-][n+]1ccccc1,-1.2
Cc1cccnc1,1.2
Cc1ccncc1,1.22
C=Cc1ccccn1,1.54
CC12CCC(=O)C=C1CCC1C2CCC2(C)C1CCC2(O)C(=O)CO,3.08
Cc1cc2nc3c(=O)[nH]c(=O)nc-3n(CC(O)C(O)C(O)CO)c2cc1C,-1.46
ClCCN(CCCl)c1ccccc1,2.9
Oc1cccnc1,0.48
C=C(C)C(=O)OCC(C)C,2.66
C=CCc1ccccc1,3.23
CN(C)CC/C=C1\c2ccccc2Sc2ccc(Cl)cc21,5.18
Cc1nn(-c2ccccc2)c(C)c1N=O,2.28
CCCN(CCC)S(=O)(=O)c1ccc(C(=O)O)cc1,3.21
O=NN1CCCC1,-0.19
CC(C)c1cccc(=O)c(O)c1,1.89
CC(C)c1ccc(O)c(=O)cc1,1.89
O=c1cc(-c2ccccc2)oc2ccccc12,3.56
CN1CCC23c4c5ccc(O)c4OC2C(=O)CCC3(O)C1C5,0.83
c1ccc(Oc2ccccc2)cc1,4.21
O=C(O)CCCCCCCC(=O)O,1.57
COC(=O)C1C(O)CCC2CN3CCc4c([nH]c5ccccc45)C3CC21,2.73
CCC(=O)C(CC(C)N(C)C)(c1ccccc1)c1ccccc1,3.93
O=[N+]([O-])c1cc[n+]([O-])c2ccccc12,1.09
CCN(CC)CCN,0.21
O=c1c(O)c(-c2ccc(O)cc2O)oc2cc(O)cc(O)c12,1.54
C[Hg]Cl,0.41
COC(=O)c1cccc(C)c1,2.77
O=C(O)c1cc(O)c(O)c(O)c1,0.7
NC(CCCc1ccccc1)C(=O)O,-0.36
S=C=Nc1ccc(Cl)cc1,3.91
O=c1ccn(C2OC(CO)C(O)C2O)c(=O)[nH]1,-1.98
O=c1[nH]cnc2c1ncn2C1OC(CO)C(O)C1O,-2.1
Nc1ccc(S)cc1,1.31
O=[N+]([O-])c1cccc2c([N+](=O)[O-])cccc12,2.58
C=C(C)C#N,0.68
ON=C(c1ccccc1)c1ccccc1,3.2
OCCn1nnc2ccccc21,0.5
NNC(=O)Nc1ccccc1,0.16
NS(=O)(=O)c1ccc(O)cc1,0.06
O=C(c1ccccc1)c1ccccn1,1.88
C=CCNCC=C,1.11
C=CC(=O)OCC(C)C,2.22
C=C(C)C(=O)OCCCC,2.88
C=C(C)C(=O)OC(C)(C)C,2.54
C=C(C)C(=O)OC1CCCCC1,3.13
O=C(O)C(CO)c1ccccc1,0.77
Cc1cccc2ccc3ccccc3c12,5.08
Nc1cc(Cl)cc(Cl)c1,2.9
Cc1ncc(CO)c(CN)c1O,-1.3
CC(=O)CF,-0.39
FCC1CO1,-0.16
OC(CF)CF,-0.36
S=C1NCCCN1,-0.68
Cc1ncc[nH]1,0.24
CC1=CCC(C(C)C)=CC1,4.5
CC1=CCC(C(C)(C)O)CC1,2.98
Cc1cn(C2CC(O)C(CO)O2)c(=O)[nH]c1=O,-0.93
Oc1c(F)c(F)c(F)c(F)c1F,3.23
Fc1c(F)c(F)c(F)c(F)c1F,2.55
Cc1cc(=N)[nH]c(C)n1,0.39
[O-][n+]1cccc2ccccc21,0.36
COc1cccc(O)c1,1.34
c1ccc2c(c1)cc1ccc3cccc4ccc2c1c34,5.97
CC1(C)OC2CC3C4CC=C5CC(=O)C=CC5(C)C4(F)C(O)CC3(C)C2(C(=O)CO)O1,2.53
Cc1ccc2cc3c(ccc4ccccc43)c3c2c1CC3,6.42
CCCC[Sn](Cl)(CCCC)CCCC,3.68
CCCOC(=O)c1ccc(C(=O)OCCC)nc1,3.57
c1ccc2c(c1)ccc1cc3c(ccc4ccccc43)cc12,7.11
N=c1[nH]c(=O)c2ncn(C3CC(O)C(CO)O3)c2[nH]1,-1.3
CC(=O)NC1CCSC1=O,-0.35
CC(C)(S)C(N)C(=O)O,-1.78
O=C(O)c1cc(O)cc(O)c1,0.86
NS(=O)(=O)c1ccc(C(=O)O)cc1,0.5
O=C(O)c1ccc(-c2ccccc2)cc1,3.75
Cc1ccccc1O,1.95
N=C(N)N=C(N)NCCc1ccccc1,-0.83
CN(C)N=O,-0.57
CC/C(=C\c1ccccc1)[N+](=O)[O-],2.86
CCCOC(=O)c1ccc(N)cc1,2.43
O=c1ccn(C2CC(O)C(CO)O2)c(=O)[nH]1,-1.51
N#CCCN(CCC#N)N=O,0.08
CCCCNC(=O)NS(=O)(=O)c1ccc(C)cc1,2.34
O=[N+]([O-])/C=C/c1cccc([N+](=O)[O-])c1,1.82
CN(N=O)C(N)=O,-0.03
CCCCCCCCOC(=O)CCCCCCC,6.51
O=C(OCCc1ccccc1)c1ccccc1,4.01
C=CC(=O)OC,0.8
C=C(C)C(=O)OCC,1.94
C=C(C)C(=O)OCC(CC)CCCC,4.54
C=C(C)C(=O)OCCO,0.47
CCCCC/C=C/C/C=C/CCCCCCCC(=O)O,7.05
CCCCCCC1CCC(=O)O1,2.72
CCCCC1CO1,1.95
COC1=CC(=O)C=C(OC)C1=O,-0.06
COC(=O)c1ccc(C)cc1,2.7
COc1cc(C2c3cc4c(cc3C(O)C3COC(=O)C23)OCO4)cc(OC)c1OC,2.01
C1=CCCCC1,2.86
CC1CCCC1,3.37
CC(C)C(C)C,3.42
CC(C)Cc1ccccc1,4.68
c1ccc(-c2c3ccccc3c(-c3ccccc3)c3ccccc23)cc1,8.46
COC(=O)CCC(C)=O,-0.13
Cc1[nH]c2ccccc2c1C,3.05
Oc1ccc(Oc2ccccc2)cc1,3.35
O=C(O)Cc1ccc(O)cc1,0.75
Fc1ccc(CCl)cc1,2.73
CCCCc1c(O)n(-c2ccccc2)n(-c2ccccc2)c1=O,3.16
O=C(CCBr)N1CCN(C(=O)CCBr)CC1,0.42
NCCCC(N)C(=O)O,-4.22
COC(=O)C1C(OC(=O)c2ccccc2)CC2CCC1N2C,2.3
NC(=O)OCc1ccccc1,1.2
CC1OC(OC2CC(O)C3(CO)C4C(O)CC5(C)C(c6coc(O)c6)CCC5(O)C4CCC3(O)C2)C(O)C(O)C1O,-2.0
CCC(C)(C)O,0.89
CCC(C)O,0.61
CC(O)c1ccccc1,1.42
Nc1ccc(C(=O)O)cc1F,1.41
CC(N)=O,-1.26
CCN(CC)C(=S)SSC(=S)N(CC)CC,3.88
CCCCCCCCCCCCCCCCCC(=O)O,8.23
CCN=c1nc(Cl)[nH]c(=NCC)[nH]1,2.18
CC(C)N=c1nc(Cl)[nH]c(=NC(C)C)[nH]1,2.93
Cc1cccc(C#N)n1,0.84
OCc1ccncc1,0.06
OCc1ccc(Cl)c(Cl)c1,2.74
NCCCCCC(=O)O,-2.95
CC1CC2(C)C(CCC3C4CCC(O)C4(C)CCC32)CC1=O,3.99
c1ccc2c(c1)ccc1ccccc12,4.46
OCc1ccc2c(c1)OCO2,1.05
O=P1(N(CCCl)CCCl)NCCCO1,0.63
c1ccc2[nH]ncc2c1,1.77
Oc1ccc2ncccc2c1,1.98
C1OCOCO1,-0.43
CC1(C)C2CCC1(C)C(O)C2,2.69
O=C(O)CSCc1ccccc1,2.1
O=C1C=CC(=O)c2c(O)ccc(O)c21,1.79
O=c1cc(-c2ccccc2)oc2cccc(O)c12,4.3
O=Cc1ccc2c(c1)OCO2,1.05
COC12C(=COC(N)=O)c3c(O)c(N)c(C)c(O)c3N1CC1NC12,-0.4
N#Cc1c2ccccc2cc2ccccc12,4.26
Brc1cc(Br)c(Br)cc1Br,5.13
Clc1cc(Cl)c(Cl)cc1Cl,4.64
CCC1(CC)C(=O)NC(=O)N(C)C1=O,1.15
CC(N)Cc1ccccc1,1.76
C1CCNCC1,0.84
Nc1ccc(S(=O)(=O)c2ccc([N+](=O)[O-])cc2)cc1,2.04
CC(=O)Oc1ccccc1C(=O)O,1.19
Cc1cc[nH]c(=NS(=O)(=O)c2ccc(N)cc2)n1,0.14
O=c1[nH]c(O)c(-c2ccccc2)[nH]1,0.46
CNC(=O)Oc1cccc2ccccc12,2.36
NCCCC(=O)O,-3.17
NC(=O)CCC(N)C(=O)O,-3.64
NC(Cc1c[nH]cn1)C(=O)O,-3.32
NC(=O)NCCCC(N)C(=O)O,-3.19
O=C(O)c1cccc(O)c1O,1.2
O=C(O)c1ccc(O)c(O)c1O,1.05
CCN(CC)CCNC(=O)c1ccc(N)cc1,0.88
O=c1[nH]c(=O)n(C2CC(O)C(CO)O2)cc1F,-1.16
CC(=O)Oc1ccccc1,1.49
COc1ccc(CC(=O)O)cc1,1.42
ClCCc1ccccc1,2.95
Nc1cccc2ncccc12,1.16
Nc1cc(Cl)ccc1O,1.81
COc1cccc(OC)c1C(=O)O,0.66
Oc1cccc2c1CCCC2,2.95
CN(C)CCN(C)C,0.3
Oc1c(O)c(Cl)c(Cl)c(Cl)c1Cl,4.29
O=C1C=C(N2CC2)C(=O)C(N2CC2)=C1N1CC1,-0.13
CC(Oc1cc(Cl)c(Cl)cc1Cl)C(=O)O,3.8
CC(C)OC(=O)Nc1cccc(Cl)c1,3.51
N#CC(C#N)=NNc1ccccc1,2.67
CN(Cc1cnc2[nH]c(=N)[nH]c(=N)c2n1)c1c(Cl)cc(C(=O)NC(CCC(=O)O)C(=O)O)cc1Cl,-0.1
CCCCOC(=O)Nc1ccccc1,3.3
C1COC1,-0.14
O=CNc1cccc(Cl)c1,1.9
c1ccc2c(c1)OCO2,2.08
O=C(O)c1cc(Cl)ccc1O,3.09
O=C(O)CCCCCC(=O)O,0.61
O=C(O)COc1cccc(Cl)c1,2.03
O=S(=O)(Nc1ccccc1)c1ccccc1,2.58
CNC(N)=S,-0.69
CCCO,0.25
O=C1CCN(c2ccccc2)N1,0.89
CC(CN1c2ccccc2Sc2ccccc21)N(C)C,4.81
O=[N+]([O-])c1ccncc1,0.33
Cc1cnccn1,0.21
CCCC(C)(COC(N)=O)COC(N)=O,0.7
COc1cc(CCN)cc(OC)c1OC,0.78
CCC1(CC)C(=O)NCC(C)C1=O,0.78
CC(=O)Nc1cccc(C(F)(F)F)c1,2.56
CCN(CC)CC,1.45
CCNCC,0.58
ClCC#CCCl,2.01
CC=C(C)C(=O)OC1CCN2CC=C(COC(=O)C(O)(C(C)OC)C(C)(C)O)C12,1.28
CC(=O)c1ccc(F)cc1,1.72
CC(=O)Nc1ccc(S(=O)(=O)F)cc1,2.17
C=CCOP(=O)(OCC=C)OCC=C,1.76
CNC(=O)Oc1ccc2c(c1)C1(C)CCN(C)C1N2C,1.58
c1ccc2c(c1)Cc1ccccc1C2,4.25
c1ccc2c(c1)c1ccccc1c1c3ccccc3c3ccccc3c21,8.39
c1ccc2cc3c(ccc4ccccc43)cc2c1,5.76
NS(=O)(=O)c1ccc(Br)cc1,1.36
CC(C)COC(N)=O,0.65
CCC(=O)Nc1ccc(Cl)c(Cl)c1,3.07
CCC1(CC)C(=O)NC(=O)NC1=O,0.65
CCC(=O)c1ccncc1,0.77
CC(=O)C(O)O,-0.72
COC(=O)C1=CCCN(C)C1,0.35
NC(=O)CF,-1.05
CN(C)C(=S)Nc1ccccc1,1.04
NC(O)=NO,-1.8
O=c1cnn(C2OC(CO)C(O)C2O)c(=O)[nH]1,-2.14
OC(c1ccccc1)c1ccccc1,2.67
CCCCCCC1(CC)C(=O)NC(=O)NC1=O,2.46
CCCCc1c(O)[nH]c(=O)[nH]c1=O,0.77
C=C(C)CC1(CC)C(=O)NC(=S)NC1=O,2.19
COC(=O)COc1ccccc1,1.41
CC(C)C(=O)Nc1ccc(Cl)c(Cl)c1,3.72
C=CCOCCO,-0.1
C=C(C)C(=O)OCC(F)(F)F,1.56
C=CCN(CC=C)CC=C,2.59
COc1ccc(CC(C)N)cc1,1.77
N=c1[nH]cnc2[nH]nnc12,-0.96
OCCO,-1.36
NC(=O)/C=C/c1ccccc1,1.43
CCOC(=O)NC(O)C(Cl)(Cl)Cl,1.84
CN(C)CCOC(c1ccccc1)c1ccccc1,3.27
CCC1(c2ccccc2)NC(=O)NC1=O,1.53
COc1cc2ccc(=NC(C)=O)c3c(c2c(OC)c1OC)CCC(=O)C(O)C3,1.2
S=C(NC1CCCCC1)NC1CCCCC1,3.69
O=c1cc(-c2ccccc2)ss1,3.01
NCCc1c[nH]cn1,-0.7
O=[N+]([O-])c1ccc(Nc2ccccc2)cc1,3.74
CCN(CC)C(=O)c1cccc(C)c1,2.18
CC(=O)Oc1cccc([N+](=O)[O-])c1,1.82
BrCCc1ccccc1,3.09
Brc1ccc(Br)cc1,3.79
CCCCOC(=O)c1cc(O)c(O)c(O)c1,2.41
ClCc1ccc(Cl)cc1,3.18
O=C1C=CC(=O)c2c(O)cccc21,1.92
NC(N)=O,-2.11
CC1CC2C3CC=C4CC(=O)C=CC4(C)C3(F)C(O)CC2(C)C1(O)C(=O)CO,1.94
COC1=CC(=O)CC(C)C12Oc1c(Cl)c(OC)cc(OC)c1C2=O,2.18
Nc1ccccc1I,2.32
Nc1cccc(I)c1,2.86
COC(=O)c1ccccc1I,2.74
CCC1(c2ccccc2)NC(=O)N(C)C1=O,1.69
Oc1ccc(Cl)c2cccnc12,2.88
c1ccc(CC2=NCCN2)cc1,2.65
CC(=O)C(Cc1ccccc1)C(C)=O,1.89
COc1c(Cl)cc(Cl)cc1Cl,4.11
ClCC(Cl)CCl,2.27
CC=CC=CC(=O)O,1.33
C=CC1CCC2OC2C1,2.08
COc1ccc(Cc2nccc3cc(OC)c(OC)cc23)cc1OC,2.9
Nc1ccc(S(=O)(=O)N=c2nccc[nH]2)cc1,-0.24
CC(CCC(=O)NCC(=O)O)C1CCC2C3C(O)CC4CC(O)CCC4(C)C3CC(O)C12C,1.65
ICCCI,3.02
CC(=O)O[Hg]c1ccccc1,0.71
c1cnc2c(c1)ccc1ncccc12,2.05
c1cnc2ccc3ncccc3c2c1,2.05
ICI,2.3
Cc1cccc(OCC(=O)O)c1,1.78
Cc1nc(C)c(C)nc1C,1.28
Cc1ncc(CO)c(CO)c1O,-0.77
O=C1C=CC(=O)C=C1,0.2
CCCCC(CC)Cn1c(O)c2c(c1O)C1C=CC2C1,3.7
c1nn[nH]n1,-0.6
OCCN(CCO)CCO,-1.0
Oc1c2c(c(O)n1SC(Cl)(Cl)Cl)CC=CC2,2.35
Oc1ccccc1,1.46
Cc1cc2ccccc2cc1C,4.4
Cc1ccc2ccc(C)cc2c1,4.31
Cc1ccc2cc(C)ccc2c1,4.31
O=[N+]([O-])c1cc([N+](=O)[O-])cc([N+](=O)[O-])c1,1.18
O=[N+]([O-])c1ccccc1Cl,2.24
Clc1ccc(Cl)cc1,3.44
O=Nc1ccc(O)cc1,1.08
Nc1ccc(Cl)cc1,1.83
O=[N+]([O-])c1cc([N+](=O)[O-])c(O)c([N+](=O)[O-])c1,1.33
Cc1c([N+](=O)[O-])cc([N+](=O)[O-])cc1[N+](=O)[O-],1.6
O=C(O)c1ccc(C(=O)O)cc1,2.0
CC(=S)Nc1ccccc1,1.71
Nc1c(S(=O)(=O)O)ccc2ccccc12,-0.97
Clc1ccc(-c2ccccc2)cc1,4.61
O=C(Oc1ccccc1)c1ccccc1,3.59
O=C(Oc1ccccc1)Oc1ccccc1,3.28
O=C(OC(=O)c1ccccc1)c1ccccc1,2.26
c1ccc(Nc2ccc3ccccc3c2)cc1,4.38
CC(=O)CC(=O)Nc1ccc(-c2ccc(NC(=O)CC(C)=O)c(C)c2)cc1C,1.75
NC(=O)c1cccc([N+](=O)[O-])c1,0.77
Nc1ccc(Cl)c([N+](=O)[O-])c1,2.06
O=C(O)COc1ccccc1[N+](=O)[O-],1.13
O=c1ccc(=[N+]([O-])O)c(=O)c1=[N+]([O-])O,2.1
c1ccc2ccccc2c1,3.3
CC(=O)Nc1ccc(C)cc1C,1.46
O=C(O)c1cccc2ccccc12,3.1
COc1cc(C(=O)NCc2ccc(OCCN(C)C)cc2)cc(OC)c1OC,2.29
Cc1ccc(OCC(=O)O)cc1,1.86
COc1cccc(OCC(=O)O)c1,1.38
O=c1[nH]c(=O)n(C2CC(O)C(CO)O2)cc1Br,-0.29
COC(=O)C(Cl)(Cl)Cl,2.03
Cc1ccc(O)c(C(=O)O)c1,2.78
Cn1cc[nH]c1=S,-0.34
Oc1ccc(Cl)cc1Cc1cc(Cl)ccc1O,4.26
CCC(N)=O,-0.66
NC(=O)c1ccccc1N,0.35
Cc1nc2cc([N+](=O)[O-])ccc2[nH]1,1.94
c1ccc(N2CCNCC2)cc1,1.1
O=C(O)COc1ccc(Cl)c(Cl)c1,2.81
Cn1cnc([N+](=O)[O-])c1Sc1ncnc2[nH]cnc12,0.1
NC(=O)NC(=O)Cc1ccccc1,0.87
N#CCCCCCCCCC#N,1.75
CC(=O)OCC(=O)C1(O)C(C)CC2C3CC=C4CC(=O)C=CC4(C)C3(F)C(O)CC21C,2.91
CC(Oc1ccc(Cl)cc1Cl)C(=O)O,3.43
O=c1[nH]c(=O)n(C2CC(O)C(CO)O2)cc1I,-0.96
CCCNC(C)C(=O)Nc1ccccc1C,2.11
CCN(CC)CC(=O)Nc1c(C)cccc1C,2.26
Nc1ccc(C(=O)Oc2ccccc2)c(O)c1,3.15
CCCN(CCC)C(=O)SCC,3.21
CC(=O)Oc1cccc(O)c1,1.23
O=CNc1ccc(F)cc1,1.27
Cc1c[nH]cn1,0.23
CSc1ncnc2c1ncn2C1OC(CO)C(O)C1O,0.09
c1ccc(CN=c2[nH]cnc3[nH]cnc23)cc1,1.57
Cc1cnc(C)c(Cl)n1,1.5
O=C(O)CCc1ccc(O)cc1,1.16
NCCC(N)C(=O)O,-4.64
CN1CCN(C)CC1,-0.4
Cc1ccc(O)cc1[N+](=O)[O-],2.18
CCCCNC,1.33
CS(=O)(=O)c1ccccc1,0.5
CC(=O)c1ccc([N+](=O)[O-])cc1,1.53
NCc1ccc(C(=O)O)cc1,1.03
O=C1c2ccccc2C(=O)C1c1ccccc1,2.9
CCC1(c2ccccc2)C(=O)NCNC1=O,0.91
Nc1ccc(S(=O)(=O)N=c2cnc3ccccc3[nH]2)cc1,1.68
NC(=O)Nc1cccc(Cl)c1,1.82
ClC(Cl)(Cl)c1ccc(C(Cl)(Cl)Cl)cc1,4.62
O=C(O)c1cc(Cl)ccc1Cl,2.82
O=C(O)Cc1c(Cl)ccc(Cl)c1Cl,3.2
NC(=O)Nc1ccccc1Cl,1.27
N#C/C=C/c1ccccc1,1.96
O=[N+]([O-])c1cccc(SSc2cccc([N+](=O)[O-])c2)c1,4.06
CC(C(O)c1ccccc1)N(C)C,1.7
CN1C(=O)C(=O)c2ccccc21,0.58
O=C(c1ccccc1)C(F)(F)F,2.15
CC(=O)c1ccc[nH]1,0.93
CN(C(=O)c1ccccc1)c1ccccc1,2.36
CNC(=O)c1ccccc1,0.86
O=C(O)c1cccc(C(F)(F)F)c1,2.95
CC(C)(C)c1ccc(N)cc1,2.7
COc1ccc(OC(C)=O)cc1,1.54
O=[N+]([O-])c1ccc(Cl)cc1Cl,3.07
CC(=O)NC(Cc1ccccc1)C(=O)O,0.93
CC(=O)Oc1ccc(C)cc1,2.11
C[Si](C)(C)O[Si](C)(C)C,4.2
Clc1cccc(Cl)c1Cl,4.05
Clc1ncccn1,0.36
COc1cccc(C=O)c1,1.71
CN1C(=O)c2ccccc2C1=O,1.31
CC(C)(N)Cc1ccccc1,1.9
Oc1ccc(Cl)c2ccccc12,3.94
Cn1ccc(=O)[nH]c1=O,-1.2
c1ccc(OP2OCCO2)cc1,1.42
NS(=O)(=O)c1cc2c(cc1C(F)(F)F)NCNS2(=O)=O,0.36
CCCNC(=O)NS(=O)(=O)c1ccc(Cl)cc1,2.27
NC(=O)OCCCc1ccccc1,1.96
c1ccc(-c2nc3ccccc3[nH]2)cc1,3.24
O=S(=O)(NO)c1ccccc1,0.48
CCN(N=O)C(N)=O,0.23
c1cn[nH]c1,0.26
CCCCN(N=O)C(N)=O,1.04
O=C1C=NC(c2ccccc2)c2cc(Cl)ccc2N1,2.93
OCC1CO1,-0.95
CC(C)CC(=O)OCc1ccccc1,3.26
O=C(/C=C/c1ccccc1)OC/C=C/c1ccccc1,4.45
O=S1(=O)CCCC1,-0.77
CC(=O)c1cccc(C)c1,2.15
O=C(O)C1CCCN1,-2.54
O=C(O)C1CC(O)CN1,-3.17
NCC(=O)NCC(=O)NCC(=O)O,-2.68
CCNC(=O)Nc1ccccc1,1.64
CCCN(N=O)C(N)=O,0.3
O=C(O)c1ccc([N+](=O)[O-])c(O)c1,1.98
c1ccc2c(c1)Cc1ccccc1O2,4.23
CN(C)C(=N)N(C)C,0.41
O=[N+]([O-])c1c2ccccc2cc2ccccc12,4.78
OCc1ccccn1,0.06
CC12C=CC(=O)C=C1C(F)CC1C2C(O)CC2(C)C1CCC2(O)C(=O)CO,1.51
O=C(O)c1ccc[nH]1,0.85
COC(=O)c1ccc[nH]1,1.17
C=NNc1ccc([N+](=O)[O-])cc1[N+](=O)[O-],2.33
c1ccc2c(c1)ccc1nccnc12,2.51
N#CCc1ccc(Cl)cc1,2.47
Cc1cnc(C)cn1,0.63
Cc1c(Cl)cccc1[N+](=O)[O-],3.09
O=C1CCc2ccccc2N1,1.34
O=C(O)c1c(O)cccc1O,2.2
O=Cc1ccccc1O,1.81
NCC(=O)NCC(=O)O,-2.92
CC(=O)OCC(=O)C1(O)CCC2C3CC=C4CC(=O)CCC4(C)C3C(=O)CC21C,2.1
Nc1c(Cl)c(Cl)c(Cl)c(Cl)c1Cl,4.82
O=C(O)COc1ccc(F)cc1,1.64
CC(=O)c1cccc(OCC(=O)O)c1,0.98
CC(=O)N1CCCC1=O,-0.05
Cc1ncc([N+](=O)[O-])n1CCO,-0.02
O=C1CC(c2ccccc2)Oc2ccccc21,3.14
O=[N+]([O-])c1cc(Cl)c(Cl)cc1Cl,3.48
Clc1ccc(Cl)c(Cl)c1Cl,4.6
c1ccnnc1,-0.72
N#CCCCCCCC#N,0.59
Oc1ccco1,-0.6
CC(=O)Nc1ccccc1F,1.03
Fc1cccc2cccnc12,2.19
O=[N+]([O-])c1ccccc1F,1.69
COC(=O)CCC(=O)OC,0.35
Cc1ccc([N+](=O)[O-])c([N+](=O)[O-])c1,2.08
COC(=O)CCCCCC(=O)OC,1.38
Nc1ccc(Cc2ccc(N)c(Cl)c2)cc1Cl,3.91
CCOP(=S)(OCC)Oc1ccc(Cl)cc1Cl,5.14
Cc1ccc2c(C)cccc2c1,4.44
NC(=O)c1c(Cl)cccc1Cl,0.77
CC(=O)C=NO,0.34
NS(=O)(=O)c1cc2c(cc1Cl)NCNS2(=O)=O,-0.07
Clc1cccc(Br)c1,3.7
CC(O)Cc1ccccc1,1.97
CCNC(N)=O,-0.74
N#Cc1ccccc1O,1.61
CC(=O)Nc1ccc(Cl)c(C(F)(F)F)c1,3.33
O=[N+]([O-])c1cc(Cl)cc(Cl)c1,3.09
CC(=O)Nc1ccc(C(=O)O)c(O)c1,1.62
CN(C)CCN1c2ccccc2Sc2ccccc21,4.2
CC1CC2C3CC(F)=C4CC(=O)C=CC4(C)C3(F)C(O)CC2(C)C1(O)C(=O)CO,1.94
OC1CCCCC1,1.23
NNC(=O)c1ccc(Cl)cc1,1.18
O=[N+]([O-])c1ccc(CCO)cc1,1.12
O=C(O)c1cccc(O)c1,1.5
CCC1OC(=O)C(C)C(OC2CC(C)(OC)C(O)C(C)O2)C(C)C(OC2OC(C)CC(N(C)C)C2O)C(C)(O)CC(C)C(=O)C(C)C(O)C1(C)O,2.54
NC1CC1,0.07
CCOS(=O)(=O)OCC,1.14
N=c1[nH]cnc2c1ccn2C1OC(CO)C(O)C1O,-0.8
O=C1C2(Cl)C3(Cl)C4(Cl)C(Cl)(Cl)C5(Cl)C3(Cl)C1(Cl)C5(Cl)C24Cl,5.41
CC(C)(OOC(C)(C)c1ccccc1)c1ccccc1,5.5
Nc1ccc(O)c([N+](=O)[O-])c1,0.96
Clc1cccc2cccnc12,2.44
O=C(O)C=Cc1ccc(O)c(O)c1,1.15
O=C(OCCO)c1ccccc1,1.12
c1ccc2c(c1)c1ccccc1c1ccccc21,5.49
CCCCCCCCCCCCOC(=O)CCC,6.51
COc1ccc(C2CC(=O)c3c(O)cc(O)cc3O2)cc1O,2.6
N=c1ccc2ccccc2[nH]1,1.87
C1CCOC1,0.46
C1=COCCC1,0.69
CCCCCOC(N)=O,1.35
O=P(Oc1ccccc1)(Oc1ccccc1)Oc1ccccc1,4.59
CSc1ccccc1,2.74
c1ccc2nnccc2c1,0.93
NCCCCC(=O)O,-2.63
Nc1ccc2ncccc2c1,1.28
Nc1ccc2cccnc2c1,1.28
O=[N+]([O-])c1c(Cl)c(Cl)c(Cl)c(Cl)c1Cl,4.64
Cc1ccc2cccc(O)c2n1,2.33
COC(=O)CCCC(=O)OC,0.62
O=C1C=NC(c2ccccc2)c2cc([N+](=O)[O-])ccc2N1,2.25
CCC(=O)Nc1ccccc1,1.61
COc1ccccc1C=O,1.72
CCC(=O)O,0.33
COP(=O)(OC)OC,-0.65
NCCCCCCC(=O)O,-3.03
O=C1CCCCCCCN1,0.67
NCCCCCCCC(=O)O,-2.55
O=C(O)C=Cc1ccc(O)cc1,1.46
Cc1cccc2c(C)cccc12,4.38
CCc1ccc2ccccc2c1,4.38
CCc1cccc2ccccc12,4.4
N#Cc1ccccn1,0.45
Oc1cccc(Cl)c1,2.5
O=C1C=CCCC1,0.61
CC(=O)OC(C)(C)C,1.76
COCCOCCOC,-0.36
CCCCO,0.88
CC(=O)CC(c1ccccc1)c1c(O)c2ccccc2oc1=O,2.6
C1=Cc2cccc3cccc1c23,3.94
Cc1ccc2ccccc2c1C,4.31
CCc1ccc(C(=O)O)cc1,2.89
O=C(O)c1ccc2ccccc2c1,3.28
OC(c1ccccc1)c1ccc(Cl)cc1,3.61
Nc1cccc2cc3ccccc3cc12,3.69
c1ccc2c(c1)CCc1ccccc1-2,4.52
O=Cc1cccc(Cl)c1,2.26
N#Cc1cccc(O)c1,1.7
COc1ccc(OC)c(Cl)c1,2.69
C1=C\CC/C=C\CC/1,3.16
OCCCCl,0.5
Clc1cccnc1,1.33
C1CCCC1,3.0
CCCCOc1ccc(C(=O)O)cc1,3.57
CC(=O)NC(=O)Nc1ccccc1,1.6
Cc1cc(Cl)ccc1OC(C)C(=O)O,3.13
CCCCOc1ccc(O)cc1,2.9
CC(C)NCc1ccccc1,1.83
OCC(Cl)Cl,0.37
c1c[nH]cn1,-0.08
OCC(F)(F)C(F)(F)C(F)(F)F,1.94
C1=CCOC1,0.46
CC(C)C#N,0.46
COCCOC,-0.21
CCCCCn1cnc2c(=N)[nH]cnc21,1.79
Brc1ccccc1Br,3.64
Clc1ccccc1Cl,3.43
Oc1cccc(Cl)c1Cl,2.84
Oc1c(Cl)cccc1Cl,2.75
Oc1ccc(Cl)c(Cl)c1,3.33
Oc1cc(Cl)cc(Cl)c1,3.62
O=[N+]([O-])c1cccc(F)c1,1.9
N#Cc1ccncc1,0.46
O=[N+]([O-])c1ccccc1[N+](=O)[O-],1.69
Nc1cccc(Cl)c1Cl,2.82
O=I(=O)c1ccccc1,-1.33
Cc1cc(C)ncn1,0.62
C=CCCC=C,2.87
CCCC(O)CC,1.65
NC(=O)c1cc([N+](=O)[O-])cc([N+](=O)[O-])c1,0.83
Fc1cccc(CCl)c1,2.77
Cc1c(Cl)cccc1Cl,3.99
OCc1cccc(O)c1,0.49
Cc1cncc(C)c1,1.78
CCCCOCCO,0.83
Cc1ccc2cccc(C)c2c1,4.44
ClC(Cl)C(Cl)Cl,2.39
Cc1ccccc1C,3.12
O=C(O)C1CCNCC1,-3.05
CC=CC(C)=O,0.52
NS(=O)(=O)c1cc2c(cc1Cl)NC(C(Cl)Cl)NS2(=O)=O,0.62
Cc1cccc(C)c1,3.2
Cc1ccc(C)c2ccccc12,4.37
N#C/C(=C\c1ccccc1)C(N)=O,1.56
CN1C2CC(OC(=O)C(CO)c3ccccc3)CC1C1OC12,0.98
CN1C2CCC1CC(OC(=O)C(CO)c1ccccc1)C2,1.83
NNC(=O)c1ccccc1[N+](=O)[O-],-0.54
CCCn1cnc2c(=N)[nH]cnc21,0.74
CC(C)(CCC(=O)O)C(=O)O,0.67
FC(F)(F)c1ccc(C(F)(F)F)cc1,3.83
O=C(O)Cc1ccccc1O,0.85
CCc1ccc(O)cc1,2.58
CCc1ccccc1N,1.74
CCc1ccc(N)cc1,1.96
CN(C)c1cccc(O)c1,1.56
Cc1cc2ccccc2n1C,2.82
CCc1cccc(CC)c1,4.57
CCN(CC)C(=O)c1cccnc1,0.33
COc1ccccc1OCC(O)CO,1.39
COP(C)(=O)OC,-0.61
OCCN1CCN(CCCN2c3ccccc3Sc3ccc(C(F)(F)F)cc32)CC1,4.36
Brc1cc(Br)cc(Br)c1,4.51
c1ccc2cnncc2c1,0.57
BrCCCBr,2.37
COc1c(C)cccc1C,3.02
Oc1ccc2cccc(O)c2c1,1.94
Oc1ccc2cc(O)ccc2c1,1.9
Nc1cc2ccccc2cc1N,1.54
CC(C)N,0.26
CNCCO,-0.94
c1cc[nH]c1,0.75
CCCC=O,0.88
CC(C)C(=O)O,0.94
C1CCNC1,0.46
CC(C)CC(=O)O,1.16
CCCCCCC,4.66
C=Cc1ccccc1,2.95
CNCC(O)c1ccc(O)c(O)c1,-1.37
CCCCCCCCC(=O)O,3.42
CCNCCNCC,0.21
O=C(O)C1CCCNC1,-2.89
CCNC(N)=S,-0.21
CS(C)(=O)=O,-1.41
OCc1ccc(F)cc1,1.36
O=C(O)CNC(=O)c1ccccc1I,0.97
CC12CCC(=O)C=C1C(F)CC1C2C(O)CC2(C)C1CCC2(O)C(=O)CO,1.67
ON=Cc1ccncc1,0.77
CCC1(C)CC(=O)NC1=O,0.38
CCN(CC)C(C)CN1c2ccccc2Sc2ccccc21,4.77
OCCN1CCN(CC/C=C2\c3ccccc3Sc3ccc(Cl)cc32)CC1,4.18
Nc1cc(Cl)c(Cl)cc1Cl,3.45
O=C(O)COc1ccc(Br)cc1,2.45
OCCCO,-1.04
Cn1cccc1,1.21
C1CCOCC1,0.95
CC(C)(C)C(=O)O,1.48
CN1CCCC1,0.92
O=[N+]([O-])c1cccc2ncccc12,1.4
c1ccc(-n2cccn2)cc1,2.2
C/C=C/c1ccccc1,3.35
COc1cccc(C(C)=O)c1,1.84
Cc1ccc(CC(=O)O)cc1,1.86
Cc1ccc(C)c(C)c1,3.63
Oc1ccc2c(c1)CCCC2,2.9
COC(=O)C(N)Cc1ccc(O)cc1,0.29
CCCc1ccccc1O,2.93
CCCc1ccc(O)cc1,3.2
Cc1ccc2cccnc2c1,2.47
C[Ge](C)(C)C,3.31
COc1ccccc1Oc1ccccc1,2.92
O=C(O)C1c2ccccc2Oc2ccccc21,2.23
CSc1cccc(N)c1,1.45
O=Cc1ccc[nH]1,0.64
CCCCC(O)CCC,2.68
N#CC(Cl)(Cl)Cl,2.09
OCC(Cl)(Cl)Cl,1.42
CC(=O)C(F)(F)F,0.2
OCC(F)(F)C(F)(F)F,1.23
c1ccc(N(c2ccccc2)c2ccccc2)cc1,5.74
O=Nc1ccccc1,2.01
OB(O)c1ccccc1,1.58
CCC(C)CC,3.6
NC(=O)Oc1ccccc1,1.08
O=[N+]([O-])c1ccccc1CO,1.24
CNC(=O)c1cccnc1,0.0
Cc1ccccc1C#N,2.21
Cc1ccc([N+](=O)[O-])cc1C,2.91
COc1ccccc1CO,1.13
COc1ccc(N)c(C)c1,1.23
O=C1CCC(N2C(=O)c3ccccc3C2=O)C(=O)N1,0.33
Cc1cc(C)c2ccccc2c1,4.42
c1cnc2[nH]ccc2c1,1.82
c1ccccc1,2.13
Brc1ccccc1-c1ccccc1,4.59
Clc1ccccc1-c1ccccc1,4.53
COC(OC)(OC)c1ccccc1,2.27
CCCC(=O)C(O)O,0.45
CCCS,1.81
CCCCS,2.28
O=Cc1ccc(F)cc1,1.54
O=[N+]([O-])c1ccc(C=NO)cc1,1.95
ON=Cc1ccccc1,1.75
FC1(F)C(F)(F)C(F)(F)C(F)(F)C(F)(F)C1(F)F,2.91
Fc1ccccc1,2.27
CCCCCC,3.9
CCOC(=O)/C(=C/c1ccccc1)C(C)=O,2.21
C/N=C/c1ccccc1,1.64
CN(N=O)C(=O)Nc1ccc(F)cc1,1.88
COc1ccc(Cl)nn1,0.89
CC(O)CO,-0.92
CC1CN(N=O)CC(C)O1,0.32
CCCCCCCCCCCCOC(=O)c1ccccc1C(=O)OCCCC,8.06
CC(=O)Nc1ccccc1NC(C)=O,-0.03
CNC1(c2ccccc2Cl)CCCCC1=O,2.18
O=C(Nc1ccccc1)Nc1ccc(Cl)c(Cl)c1,4.7
O=C(O)CCCOc1ccc(Cl)cc1Cl,3.53
c1ccc(-c2ccncc2)cc1,2.59
C=CCN1CCC23c4c5ccc(O)c4OC2C(=O)CCC3(O)C1C5,2.09
CCCC1CC(C(=O)NC(C(C)O)C2OC(SC)C(O)C(O)C2O)N(C)C1,0.56
O=C(NN1CCCCCC1)NS(=O)(=O)c1ccc(Cl)cc1,1.64
Cc1ccc(S(=O)(=O)NC(=O)NN2CCCCCC2)cc1,2.69
CCOC(C)=O,0.73
COc1cc(O)cc(OC)c1,1.64
CCCCOC(=O)c1ccccc1C(=O)OCc1ccccc1,4.91
CC(C)C(C)O,1.28
CCCCCCBr,3.8
NC(Cc1ccc(F)cc1)C(=O)O,-1.89
Cc1c2cc[nH]cc2c(C)c2c1nc1ccccc12,4.8
CC(=O)OCCc1ccccc1,2.3
CN1C(=O)NC(=O)C(C)(C2=CCCCC2)C1=O,1.98
S=C=Nc1ccc(Br)cc1,4.03
CCCOC(C)=O,1.24
CC(C)NCC(O)c1ccc(Cl)c(Cl)c1,3.32
N=c1c2c([nH]c3ccccc13)CCCC2,2.71
S=C=Nc1ccc(-c2ccccc2)cc1,4.66
Cc1[nH]ccc2c1[nH]c1cc(=O)ccc12,2.19
c1ccc2ncncc2c1,1.0
NNC=O,-2.05
CCCCC,3.39
Cc1ccc(C)cc1,3.15
C1CCCCCCC1,4.45
CCCCCCCCCCCCCC,7.2
COc1ccc2c(c1)C13CCN4CC5=CCOC6CC(=O)N2C1C6C5CC43,1.85
c1ccc2c(c1)Nc1ccccc1O2,3.85
COc1ccc(S(N)(=O)=O)cc1,0.47
O=C(O)Cc1ccc(O)c(O)c1,0.98
c1ccc2c(c1)cnc1ccccc12,3.48
c1cnc2nccnc2c1,-0.04
C=C/C=C/C,2.44
C=CCC=C,2.48
C=CCCCCCCC,5.15
CCCc1ccc(C)cc1,4.6
CCCc1cccc(C)c1,4.67
Cc1cccc(C(C)C)c1,4.5
Cc1ccccc1C(C)C,4.38
CCCc1ccccc1C,4.5
CC1CCC(C(C)C)CC1,5.56
CCCCCc1ccccc1,4.9
CC(=O)c1ccc(N(C)C)cc1,2.1
C=CCCCC,3.39
CCC(C)(C)C,3.82
C=CCCCCC,3.99
CCc1cccc(C)c1,3.98
CCc1ccc(C)cc1,3.63
CCc1ccc(C)c(C)c1,4.5
CCc1ccc(C)cc1C,4.47
CCc1cc(C)cc(C)c1,4.55
CCc1cc(C)ccc1C,4.43
CCCCCCCCCCc1ccccc1,7.35
CS(=O)(=O)c1ccc(Cl)cc1,1.06
O=[N+]([O-])c1cc([N+](=O)[O-])c2ccccc2c1,2.83
NC(=O)c1ccc(Cl)cc1,1.55
O=C(O)c1cccc(I)c1,3.13
CC(C)SC(C)C,2.84
CCSc1ccccc1,3.2
CCSCC,1.95
O=c1[nH]c(=O)n(C2CC(O)C(CO)O2)cc1C(F)(F)F,-0.46
CC(=O)O,-0.17
Cc1[nH]c(=O)[nH]c1O,-0.91
CC1CCC(=O)N1,-0.1
CSc1ccc(O)cc1,1.78
O=c1c(CCS(=O)c2ccccc2)c(O)n(-c2ccccc2)n1-c1ccccc1,2.3
O=C(O)c1ccccc1-c1ccccc1,2.89
Cc1cccc(CC(=O)O)c1,1.95
CC(C)(N)Cc1ccc(Cl)cc1,2.6
OC1COC(O)C(O)C1O,-3.02
COc1ccc2c3c1OC1C(O)C=CC4C(C2)N(C)CCC341,1.19
Brc1ccncc1,1.54
O=C(O)c1cc([N+](=O)[O-])c(Cl)c([N+](=O)[O-])c1,2.5
O=C(O)c1c(Cl)cccc1Cl,2.23
N=c1[nH]cnc2ncn(C3OC(CO)C(O)C3O)c12,-1.05
CCO[Si](C)(C)OCC,0.61
O=C1CCCCCCN1,0.24
O=c1cc[nH]c2cc(C(F)(F)F)ccc12,2.05
O=C1CCCCCCCCCCCN1,2.92
CCO[Si](OCC)(OCC)c1ccccc1,2.99
O=C1CCCCCCCCCCC1,4.1
CNNCc1ccc(C(=O)NC(C)C)cc1,0.08
ClC(Cl)Cl,1.97
O=C(O)C(Cl)(Cl)Cl,1.33
NC(Cc1ccc(Cl)cc1)C(=O)O,-0.48
NC(=O)CBr,-0.52
c1ccc2c(c1)CCCC2,3.49
CN1C(=O)CN=C(c2ccccc2)c2cc(Cl)ccc21,2.82
COc1ccc2c(c1)c(CC(=O)O)c(C)n2C(=O)c1ccc(Cl)cc1,4.27
N=c1[nH]c(=N)c2nc(-c3ccccc3)c(=N)[nH]c2[nH]1,0.98
O=c1[nH]cnc2ncn(C3OC(CO)C(O)C3O)c12,-2.1
N#CCC(=N)C(C#N)C#N,-0.13
c1ccc(COc2ccccc2)cc1,3.79
COC(=O)c1cc2ccccc2[nH]1,2.45
Clc1ccncc1,1.28
O=C(O)c1ccc(O)c([N+](=O)[O-])c1,1.85
N#Cc1ccc(C#N)cc1,0.93
Clc1cc(Cl)c(Cl)c(Cl)c1,4.56
O=c1[nH]cnc2c[nH]nc12,-0.55
O=[N+]([O-])OC1COC2C(O[N+](=O)[O-])COC12,1.31
Cc1cccc2c1Cc1ccccc1-2,4.97
CC1(c2ccccc2)C(=O)NC(=O)NC1=O,0.91
O=C(Nc1ccccc1)NC1CCCCC1,2.77
NC1CC1c1ccccc1,1.58
O=S1(=O)C=Cc2ccccc21,0.88
CCn1cc(C(=O)O)c(=O)c2ccc(C)nc21,1.59
CC(C)O[PH](=O)OC(C)C,0.45
NC(=O)c1ccncc1,-0.28
Cc1ccccc1C(OCCN(C)C)c1ccccc1,3.77
O=C(O)c1ccccc1Nc1cccc(C(F)(F)F)c1,5.25
COc1ccc(C=O)cc1O,0.97
c1ccc(-c2c[nH]nn2)cc1,1.91
c1nc[nH]n1,-0.58
O=c1cc(-c2ccc(O)cc2)oc2cc(O)cc(O)c12,3.02
N=c1ccn(C2CC(O)C(CO)O2)c(=O)[nH]1,-1.77
N=c1[nH]cnc2c1ncn2C1CC(O)C(CO)O1,-0.55
O=C(O)CNc1ccccc1,0.62
O=[N+]([O-])c1ccc(Cc2ccncc2)cc1,2.88
NC12CC3CC(CC(C3)C1)C2,2.44
CCN=C=S,1.47
C=C(C)C(=O)OCCOCCOCCOC(=O)C(=C)C,1.88
c1ccc2c(c1)[nH]c1cnccc12,3.17
OC(CCN1CCCCC1)(c1ccccc1)C1CC2C=CC1C2,4.25
CCO,-0.31
CO,-0.77
C=C1C(=O)OC2C1CCC(C)C1=CCC(=O)C12C,1.03
C=C1C(=O)OC2C1CCC(C)C1(O)C=CC(=O)C21C,0.77
Nc1ccc(C(=O)O)cc1I,2.36
COc1ccc(C(C)C(=O)O)cc1,1.9
CC12CCC3C(CCC4(O)CC(O)CCC34C=O)C1(O)CCC2c1coc(O)c1,0.64
CCCCCCc1ccccc1,5.52
COc1ccc(N(C)C)cc1,1.42
CNc1ccccc1[N+](=O)[O-],2.18
c1ccc2c(c1)nnc1ccccc12,2.4
Oc1cccc(F)c1,1.93
NCCCc1ccccc1,1.83
Cc1ccc2cc3ccccc3cc2c1,5.0
Oc1ccc2[nH]ccc2c1,1.11
c1cncc(C2CCCCN2)c1,0.97
c1ccc2c(c1)ccc1[nH]c3ccc4ccccc4c3c12,6.4
O=C(O)Cc1cccc(Cl)c1,2.09
O=C(O)COc1cccc(O)c1,0.76
O=C(O)CNC(=O)c1ccccc1O,0.95
Oc1ccc2cccnc2c1,1.98
N#Cc1cccc(C#N)c1,0.8
Cn1ccnc1,-0.06
N#CC(C#N)=NNc1cccc(Cl)c1,3.38
O=[N+]([O-])c1cc(C(F)(F)F)cc([N+](=O)[O-])c1Cl,2.5
COc1cccc(F)c1,2.36
Fc1cc(F)c(F)c(F)c1F,2.53
Fc1ccccc1CCl,2.67
CC(=O)c1cccc(F)c1,1.77
Oc1ccc(C(F)(F)F)cc1,2.82
N#Cc1cccc(F)c1,1.47
O=C(O)c1ccc(C(F)(F)F)cc1,3.1
CC(=O)Nc1ccccc1C(F)(F)F,1.17
Oc1ccccc1C(F)(F)F,2.8
O=C(O)Cc1cccc(F)c1,1.65
O=C(O)Cc1cc(O)ccc1O,0.86
c1ccc2c(c1)Cc1c-2ccc2ccccc12,5.4
c1ccc2c(c1)Cc1cc3ccccc3cc1-2,5.77
c1ccc2c(c1)-c1cccc3c1c-2cc1ccccc13,5.78
c1ccc2c(c1)c1cccc3ccc4cccc2c4c31,6.44
c1ccc2cc3c(ccc4c5ccccc5ccc34)cc2c1,7.11
Cc1ccc2c(ccc3ccccc32)c1,5.15
c1ccc(-c2ccccn2)cc1,2.63
Nc1ccc(Cl)c(Cl)c1Cl,3.33
O=c1cccccc1O,0.53
c1cncnc1,-0.4
NN=c1[nH]ncc2ccccc12,1.0
CN,-0.57
S=C=Nc1cccc2ccccc12,4.34
Fc1ccc(C2=CCNCC2)cc1,2.37
c1ccc(C2CCNCC2)cc1,2.39
Clc1ccc2ccccc2c1Cl,4.42
Clc1ccc(Cl)c2ccccc12,4.66
c1ccc2c(c1)ccc1cc3ccc4ccccc4c3cc12,7.11
c1ccc2c(c1)cc1ccc3cccc4c5ccccc5c2c1c34,7.71
O=[N+]([O-])c1ccc([N+](=O)[O-])c(O)c1,1.75
Cc1ccc(-c2ccc(C)cc2)cc1,5.09
c1cc2ccc3ccc4ccc5ccc6ccc1c1c2c3c4c5c61,7.64
c1ccc2cc3cc4cc5ccccc5cc4cc3cc2c1,7.11
c1ccc(-c2c3ccccc3cc3ccccc23)cc1,6.01
CNC(=O)Oc1cccc(C)c1,1.7
Oc1ccc(I)cc1,2.91
CN(C)C,0.16
CN(C)C(=O)N(C)C,0.19
CC(C)NCC(O)COc1cccc2ccccc12,2.98
OCc1ccccc1C(c1ccc(O)cc1)c1ccc(O)cc1,3.27
OC12CC3CC(CC(C3)C1)C2,2.14
NCC(F)(F)F,0.24
CC1(C)OC2CC3C4CC(F)=C5CC(=O)C=CC5(C)C4(F)C(O)CC3(C)C2(C(=O)CO)O1,2.48
COc1ccc2cc[nH]c2c1,2.06
C=C1C(=O)OC2CC3(C)CCCC(C)C3=CC12,3.38
Nc1c([N+](=O)[O-])cccc1[N+](=O)[O-],1.79
CCCC(CCC)C(=O)O,2.75
O=C(O)Cc1cccc([N+](=O)[O-])c1,1.45
C=c1c(O)cc(C)c(O)c1=C,1.82
Cc1ccc(C)c(C)c1C,4.0
S=C=Nc1ccc2ccccc2c1,4.34
CCCCC/C=C/C/C=C/CCCCCCCC(=O)OC,6.82
CCCCCCCCCCCCCCCCCCCC(=O)O,9.29
N=c1[nH]cnc2c1ncn2C1OC2CO[PH](=O)(=O)OC2C1O,-2.96
OC(CBr)C(O)C(O)C(O)CBr,-0.24
Cc1cccc(Nc2ccccc2C(=O)O)c1C,5.12
c1ccc(C2CCCN2)cc1,1.89
COC1CC(OC2CCC3(C)C(CCC4C3CCC3(C)C(c5coc(O)c5)C(OC(C)=O)CC43O)C2)OC(C)C1O,2.26
CCC1(c2ccccc2)CCC(=O)NC1=O,1.9
O=[N+]([O-])c1cc(-c2ccccc2)ccc1O,3.71
Cn1c(=O)c2[nH]c(=O)[nH]c2n(C)c1=O,-0.52
OC(C(F)(F)F)C(F)(F)F,1.66
COC(=O)c1ccccc1F,1.82
C[Si](C)(C)c1ccccc1,4.72
Cc1cccnn1,-0.35
ClCc1cccc(CCl)c1,2.72
FC(F)(F)c1nc2ccccc2[nH]1,2.67
ClC(Cl)(Cl)Cl,2.83
CC12CC(O)C3C(CCC4(O)CC(O)CC(O)C34CO)C1(O)CCC2c1coc(O)c1,-0.02
ClC1CCCCC1Cl,3.18
O=C(O)c1c(C(=O)O)c(C(=O)O)c(C(=O)O)c(C(=O)O)c1C(=O)O,1.5
CC(=O)Oc1ccccc1C(=O)Oc1ccccc1,2.88
CCCN(CCC)CCC,2.79
CCCCCCCc1ccccc1,5.37
CCCCCCCCOC(=O)c1cc(O)c(O)c(O)c1,3.66
NC(=O)CCCc1ccccc1,1.41
Nc1ccccc1-c1ccccc1N,1.34
CC(C)Cc1ccc(CC(=O)O)cc1,3.35
CCOCC,0.89
Cc1c2cnccc2c(C)c2c1[nH]c1ccccc12,4.8
CC(=O)OCC(=O)C12OC(C)(C)OC1CC1C3CC(F)=C4CC(=O)C=CC4(C)C3(F)C(O)CC12C,3.19
C=CCNC(=O)NCC=C,0.64
NC(=O)c1ccc(F)cc1,0.91
COC(=O)c1ccc(F)cc1,2.28
CC1(C)CCCC(C)(C)N1,2.15
Cc1ccccc1C=O,2.26
CN(C)CCC=C1c2ccccc2CCc2ccccc21,4.92
O=[N+]([O-])c1ncc[nH]1,0.15
COc1cc(Cc2c[nH]c(=N)[nH]c2=N)cc(OC)c1OC,0.91
Cc1ccc(C(=O)C(C)CN2CCCCC2)cc1,3.65
NS(=O)(=O)c1cc2c(cc1Cl)NC(CC1CCCC1)NS2(=O)=O,1.27
CC1CC2C3CC(F)=C4CC(=O)C=CC4(C)C3(F)C(O)CC2(C)C1(O)C(=O)COC(=O)C(C)(C)C,3.86
Cc1c(O)ccc(O)c1C,1.36
CN1C(CSCC(F)(F)F)Nc2cc(Cl)c(S(N)(=O)=O)cc2S1(=O)=O,1.9
O=C(Nc1ccccc1)c1cccnc1,1.73
O=C(O)Cc1cccc(C(=O)O)c1,1.14
CN(C)C1C(=O)C(C(N)=O)C(=O)C2(O)C(=O)C3C(=O)c4c(O)cccc4C(C)(O)C3CC12,-1.3
NCC(O)c1ccc(O)cc1,-0.9
NC(=O)NCc1ccccc1,0.73
Cc1cnc2ccccc2c1,2.53
c1ccc2c(c1)ccc1c3ccc4ccccc4c3[nH]c21,6.4
CN1C(CCl)Nc2cc(Cl)c(S(N)(=O)=O)cc2S1(=O)=O,1.42
COC(F)(F)C(Cl)Cl,2.21
COc1ncc[nH]c1=NS(=O)(=O)c1ccc(N)cc1,0.7
CN(C)S(=O)(=O)c1ccc(N)cc1,0.67
C1CN2CCC1CC2,1.38
CCCC[Si](C)(C)C,4.2
O=C(O)C1C2CCC(O2)C1C(=O)O,1.91
CCCCN=C(N)N=C(N)N,-1.2
Brc1c(Br)c(Br)c(Br)c(Br)c1Br,6.07
COc1ccc2c(=O)c(C)c(-c3ccccc3)oc2c1CN(C)C,3.65
CN(C)CCCN1c2ccccc2CCc2ccccc21,4.8
CNCCCN1c2ccccc2CCc2ccccc21,4.9
Nc1cc(Cl)c(Cl)c(Cl)c1,3.32
CC(=O)NC(=O)NC(C)=O,-0.68
Oc1cc(O)c2ccccc2c1,1.97
O=C1c2cc([N+](=O)[O-])cc([N+](=O)[O-])c2-c2c1cc([N+](=O)[O-])cc2[N+](=O)[O-],2.4
CC(Oc1ccccc1)C(=O)NC1C(=O)N2C1SC(C)(C)C2C(=O)O,2.28
CCC(=O)OC1(c2ccccc2)CCN(C)CC1C,2.83
CN1CCC23CCCCC2C1Cc1ccc(O)cc13,3.11
c1ccc(-c2ccc3ccccc3n2)cc1,3.9
S=C=NCc1ccccc1,3.16
O=[N+]([O-])c1ccc(Cl)cc1[N+](=O)[O-],2.18
CC12CCC(O)CC1CCC1C2CCC2(C)C(c3coc(O)c3)CCC12O,2.64
CCC1(C(C)C)C(=O)NC(=O)NC1=O,0.97
C=CCC1(C(C)C)C(=O)NC(=O)NC1=O,1.15
C=CCC1(C(C)CCC)C(=O)NC(=S)NC1=O,3.23
Cc1c[nH]c2ccccc12,2.6
OCCCl,0.03
CSc1ncnc2ncn(C3OC(CO)C(O)C3O)c12,0.09
COc1cc(CC(N)C(=O)O)ccc1O,-2.54
CC(C=C/C=C(C)/C=C/C1=C(C)CCCC1(C)C)=CC(=O)O,6.3
COc1cc2c(cc1OC)C13CCN4CC5=CCOC6CC(=O)N2C1C6C5CC43,0.98
COC1C(O)C(C)OC(OC2CCC3(C)C(CCC4C3CCC3(C)C(c5coc(O)c5)CCC43O)C2)C1O,2.1
O=C(CCNNC(=O)c1ccncc1)NCc1ccccc1,0.87
CCOC(=O)CCc1ccccc1,2.73
O=C(O)c1c(F)cccc1F,1.59
Cc1cc(=O)n2ccccc2n1,0.57
CNC(=O)Oc1ccccc1,1.24
CCCCOC(=O)c1ccc(N)cc1,2.87
N=c1[nH]cnc2c1ncn2C1OC2CO[PH](=O)(=O)OC1C2O,-2.96
CC(O)(C(=O)O)c1ccccc1,0.8
S=C=Nc1ccc(I)cc1,4.22
C=CC1CN2CCC1CC2C(O)c1ccnc2ccc(OC)cc12,3.44
[O-][n+]1ccc(Cl)c2ccc(Cl)cc21,1.85
CC1(C)SC2C(NC(=O)Cc3ccccc3)C(=O)N2C1C(=O)O,1.83
O=C(NC(=O)c1ccccc1)Nc1ccccc1,3.39
CC1CCCCC1NC(=O)Nc1ccccc1,3.09
BrCCCc1ccccc1,3.72
CC(C)OC(=O)c1cc(O)c(O)c(O)c1,1.54
COC(=O)CCCc1ccccc1,2.77
COc1cccc(C(=O)O)c1O,1.94
C=CC(=O)NCCN(C)C,-0.25
CC(C)=O,-0.24
CNS(=O)(=O)c1ccc(N)cc1,-0.01
O=[N+]([O-])c1ccc2cccnc2c1,1.82
O=C1C=NC(c2ccccn2)c2cc(Br)ccc2N1,2.05
CC(C)/N=c1\cc2n(-c3ccc(Cl)cc3)c3ccccc3[nH]c-2cc1=Nc1ccc(Cl)cc1,4.3
c1ccncc1,0.65
Cc1ccc(S(=O)(=O)NC(=O)NC2CCCCC2)cc1,2.9
FC(F)(F)C(Cl)Br,2.3
COc1ccc(CC(C)N)cc1OC,1.2
CCS(=O)(=O)CC,-0.59
Cc1cccc2c1ccc1ccccc12,5.08
COC(OC)OC,0.25
COC(=O)CCCCC(C)=O,0.55
CC(C)CC#N,1.07
CC(=O)OC1CC2(O)C3CCC4CC(O)CCC4(C)C3CCC2(C)C1c1coc(O)c1,1.93
CC(=O)SC1C=C2CC(=O)CCC2(C)C2CCC3(C)C(CCC34CCC(=O)O4)C12,2.78
OCCN1CCN(CCCN2c3ccccc3Sc3ccc(Cl)cc32)CC1,4.2
NCCNC(=O)c1ccccc1,0.06
O=C(O)c1c2ccccc2cc2ccccc12,3.85
[O-][n+]1ccc2ccccc2c1,0.25
COc1ccccc1Cl,2.68
COC(=O)c1c(Cl)c(Cl)c(C(=O)OC)c(Cl)c1Cl,4.4
CCCOP(OCCC)OCCC,2.26
O=c1ssc2ccccc12,2.73
OCc1ccccc1F,1.31
OCCF,-0.67
CCCCCCCCCCCCCCCCCCCCCC(=O)OC,10.2
CP(C)c1ccccc1,2.57
CCCCOc1cc(C(=O)NCCN(CC)CC)c2ccccc2n1,4.4
O=[N+]([O-])c1ccc(C(F)(F)F)cc1,2.55
O=c1c2ccccc2nc2n1CCC2,1.07
c1ccc2c(c1)[nH]c1ccncc12,3.17
NC(=O)c1ccc(C(F)(F)F)cc1,1.71
CCN=c1[nH]c(SC)nc(=NC(C)C)[nH]1,2.98
CCN=c1[nH]c(OC)nc(=NC(C)C)[nH]1,2.69
CCN=c1[nH]c(Cl)nc(=NC(C)C)[nH]1,2.61
CCN(CC)c1nc(=NC(C)C)nc(Cl)[nH]1,3.94
COc1nc(=NC(C)C)[nH]c(=NC(C)C)[nH]1,2.99
CCN=c1nc(SC)[nH]c(=NCC)[nH]1,2.8
CC(O)Cn1cnc2c1c(=O)n(C)c(=O)n2C,-0.77
Cc1ccc2cccc([N+](=O)[O-])c2n1,1.99
NCCN,-2.04
Cc1ccc2c([N+](=O)[O-])cccc2n1,1.99
NCCc1c[nH]c2ccccc12,1.55
COc1ncccn1,0.23
CCCCCC(O)/C=C/C1C(O)CC(=O)C1CCCCCCC(=O)O,3.2
CCCCCC(O)/C=C/C1C(O)CC(=O)C1C/C=C/CCCC(=O)O,2.82
CCCNC,0.84
CCCCCCOC(N)=O,1.85
O=C(O)COc1ccc([N+](=O)[O-])cc1,1.48
CNCC(O)c1ccc(O)cc1,-0.45
COc1cc(CC(C)N)cc(OC)c1OC,1.21
CNC(=O)Oc1cccc2c1OC(C)(C)C2,2.32
Cc1c(F)c(F)c(C(=O)O)c(F)c1F,3.15
NCCCN1c2ccccc2Sc2ccc(Cl)cc21,4.47
CN1CCC(CN2c3ccccc3Sc3ccccc32)C1,5.23
NCCc1ccc(O)c(O)c1,-0.98
O=C1Nc2ccc(Cl)cc2C(c2ccccc2)NC1=O,2.24
CCN(CC)CCCN1c2ccccc2Sc2ccc(Cl)cc21,6.46
CCN(CC)CCOC(=O)c1ccc(N)cc1,1.92
NC(=O)N1c2ccccc2C=Cc2ccccc21,2.45
CN(C)CCCN1c2ccccc2CCc2ccc(Cl)cc21,5.19
O=C(CCCN1CCC(n2c(=O)[nH]c3ccccc32)CC1)c1ccc(F)cc1,3.91
O=C(CCCN1CC=C(n2c(=O)[nH]c3ccccc32)CC1)c1ccc(F)cc1,3.5
CN1CCC(=C2c3ccccc3C=Cc3ccccc32)CC1,4.69
CC(=O)Nc1c(F)c(F)c(F)c(F)c1F,1.7
CC(=O)Oc1cc(C(C)C)c(OCCN(C)C)cc1C,3.17
Nc1cccc2nc3ccccc3cc12,3.26
COc1ccccc1OCC(O)COC(N)=O,0.61
O=C(CCCN1CCC(O)(c2ccc(Cl)cc2)CC1)c1ccc(F)cc1,3.36
O=C(CCCN1CCN(c2ccccn2)CC1)c1ccc(F)cc1,3.3
NC(=O)C1(N2CCCCC2)CCN(CCCC(=O)c2ccc(F)cc2)CC1,2.02
O=C(CCCN1CCC2(CC1)C(=O)NCN2c1ccccc1)c1ccc(F)cc1,3.03
O=c1[nH]c2ccccc2n1C1CCN(CCCC(c2ccc(F)cc2)c2ccc(F)cc2)CC1,6.3
CN(C)CC/C=C1/c2ccccc2CSc2ccccc21,4.49
CCNC1C2CCC(C2)C1c1ccccc1,3.2
Nc1ccc(CCO)cc1,0.1
C=CC(=O)c1ccccc1,1.88
CC(C)(C)c1ccc(O)c(C(C)(C)C)c1,5.19
CC(C)(C)c1cccc(C(C)(C)C)n1,4.14
C=Cc1ccc(C(=O)O)cc1,2.18
CCCC[Sn](F)(CCCC)CCCC,3.15
O=C1C=NC(c2ccccc2Cl)c2cc([N+](=O)[O-])ccc2N1,2.41
CSc1ccc2c(c1)N(CCC1CCCCN1C)c1ccccc1S2,5.9
CC(=O)Nc1cccc(C)c1C,1.35
CCN(CC)CCCC(C)N=c1cc[nH]c2cc(Cl)ccc12,4.63
Nc1ccc(C(=O)O)c(F)c1,1.29
CCCCOC(=O)COc1cc(Cl)c(Cl)cc1Cl,4.81
O=C(O)COc1cc(Cl)cc(Cl)c1,2.84
CC(=O)Nc1cccc(Cl)c1F,1.83
O=C(O)c1c(F)cccc1Cl,2.11
CN(C)C(=O)Nc1ccc(F)cc1,1.13
O=C(O)COc1cccc([N+](=O)[O-])c1,1.37
CCCCN=C=S,2.92
CN(C)c1ccc(N=C=S)cc1,3.96
CNC(=O)N(C)c1ccccc1,1.02
CC1Cc2c(Cl)cc(C(=O)NC(Cc3ccccc3)C(=O)O)c(O)c2C(=O)O1,4.74
CCC(C)c1cc([N+](=O)[O-])cc([N+](=O)[O-])c1O,3.56
CS(=O)c1ccccc1,0.55
NC(=O)Nc1ccccc1F,0.88
CCOC(=O)CC(=O)CCc1ccccc1,2.52
Nc1cccc2cc3ccccc3nc12,3.26
Cn1ccc2ccccc21,2.72
CCOC(=O)C(F)(F)F,1.18
Ic1nc(I)c(I)[nH]1,2.78
ONc1ccccc1,0.79
Cc1ncc([N+](=O)[O-])n1C,0.31
COc1ccc2c(c1)N(CC(C)CN(C)C)c1ccccc1S2,4.68
OCC1OC(Oc2ccccc2)C(O)C(O)C1O,-0.75
NS(=O)(=O)c1cccc([N+](=O)[O-])c1,0.55
OCc1ccc(O)cc1,0.25
NC(=O)CCc1ccccc1,0.91
CCCCC1(CC)C(=O)NC(=O)NC1=O,1.73
CCOP(=S)(OCC)SCSc1ccc(Cl)cc1,5.33
COP(=S)(OC)SCSc1ccc(Cl)cc1,4.82
C=C1C(=O)OC2CC3(C)CCCC(=C)C3CC12,3.42
OCc1c2ccccc2cc2ccccc12,3.04
CCCCNC(=O)NS(=O)(=O)c1ccc(N)cc1,1.01
Oc1cc(Cl)c(Cl)c(Cl)c1,4.01
CN1C(=O)C(O)N=C(c2ccccc2)c2cc(Cl)ccc21,2.19
OCC1CC1c1ccccc1,1.95
CNP(=O)(OC)Oc1ccc(C(C)(C)C)cc1Cl,3.42
c1ccc(-c2ncc[nH]2)cc1,1.88
CC12CCC(=O)C=C1C=CC1C2CCC2(C)C1CCC21CCC(=O)O1,2.68
NS(=O)(=O)c1cc2c(cc1Cl)NC(Cc1ccccc1)NS2(=O)=O,0.93
O=c1cc[nH]c2ccccc12,0.58
FC(F)Oc1ccccc1,2.44
OC(c1ccccc1)(C(F)(F)F)C(F)(F)F,3.41
c1cnc2ncncc2n1,-0.58
Oc1ccc2c3c1OC1C(O)C=CC4C(C2)NCCC341,-0.17
COc1ccc(CCN(C)CCCC(C#N)(c2ccc(OC)c(OC)c2)C(C)C)cc1OC,3.79
Oc1cc2ccccc2[nH]1,1.16
NNC(=O)c1ccnc(F)c1,-0.11
O=C1Nc2ccc(Cl)cc2C(c2ccccc2Cl)NC1=O,2.39
CC(=O)c1ccc(C(C)=O)cc1,1.34
C=O,0.35
CC(=O)Oc1ccc2c3c1OC1C(OC(C)=O)C=CC4C(C2)N(C)CCC341,1.58
Cn1ccnc1[N+](=O)[O-],-0.17
Cn1c(CO)cnc1[N+](=O)[O-],-0.35
CCCCCCCOC(=O)c1ccc(O)cc1,4.83
O=[N+]([O-])N1CN([N+](=O)[O-])CN([N+](=O)[O-])C1,0.87
Cn1cnc([N+](=O)[O-])c1Br,0.36
NCC(CC(=O)O)c1ccc(Cl)cc1,-0.96
Fc1cccc(F)n1,1.17
CC(C)C(NC(=O)C(Cc1ccc(O)cc1)NC(=O)OCc1ccccc1)C(=O)O,2.43
NC(CCCCNC=O)C(=O)O,-2.84
BrC=C(Br)Br,3.2
C[Si]1(C)O[Si](C)(C)O[Si](C)(C)O[Si](C)(C)O1,5.1
CCN(CC)CCNC(=O)c1cc(Cl)c(N)cc1OC,2.62
COC(=O)c1cc(O)c(O)c(O)c1,0.86
COP(=O)(OC)OC(C)=CC(=O)N(C)C,-0.49
CCS(=O)CCSP(=O)(OC)OC,-0.75
NC(=O)c1cccc(O)c1,0.39
CNC(=O)Oc1ccccc1OC(C)C,1.52
CNC(=O)O/N=C\C(C)(C)SC,1.13
c1cnccn1,-0.26
CCOC(=O)C1(c2ccccc2)CCN(C)CC1,2.72
N#Cc1ccc(O)cc1,1.6
Cc1c2ccccc2cc2ccccc12,5.07
O=C1C=C(Cl)C(=O)c2ccccc21,2.29
O=C1C=C(Br)C(=O)c2ccccc21,2.44
Nc1cccc2c(N)cccc12,1.78
C/C(=C\c1ccccc1)C(=O)O,2.6
Oc1ccc(Cc2ccc(O)cc2)cc1,2.91
N=c1cc[nH]cn1,-0.25
Cn1ccc(=O)n(C)c1=O,-0.54
NC(=O)C(Cl)Cl,0.19
C=c1c(O)ccc(O)c1=C,1.23
CCOC(=O)c1cc(O)c(O)c(O)c1,1.3
CC(=O)Nc1ccc(C(F)(F)F)cc1,2.52
N=c1[nH]c(=N)c2ccccc2[nH]1,1.0
CC(=O)OCc1ccc([N+](=O)[O-])cc1,1.73
CCCCCCOCCOCCO,1.7
O=[N+]([O-])c1ccccc1Br,2.52
COC(=O)c1ccccc1OC(C)=O,1.46
CC(=O)Oc1ccccc1Br,2.2
CCOP(=O)(OCC)Oc1ccc([N+](=O)[O-])cc1,1.98
Cc1ccc(Cl)cc1,3.33
Nc1ccc(Cl)cc1C(=O)O,1.57
CC(C)(C)C1CCC(O)CC1,3.02
CC(=O)Oc1ccccc1C(C)C,2.78
c1cc(-c2ccncc2)ccn1,1.28
CCOC(=O)C(O)(c1ccc(Cl)cc1)c1ccc(Cl)cc1,4.74
NC(=O)c1ccc(Br)cc1,1.76
COC(C)=O,0.18
ClCC(Cl)Cl,1.89
Oc1cccc2ncccc12,1.85
CCc1ccccc1C,3.53
c1ccc2c(c1)ccc1c2ccc2c3ccccc3ccc21,7.11
ClCCl,1.25
OCCc1ccccc1,1.36
COC(=O)c1ccccc1OC,2.04
C=CC(=C)CCC=C(C)C,4.17
CCCCCCCC/C=C/CCCCCCCC(=O)OC,7.45
O=CCc1ccccc1,1.78
CCCCCCCCCCO,4.57
Cc1ccccc1,2.73
O=[IH2]c1ccccc1,-1.61
OCC(O)COc1ccccc1,0.7
ClCCOCCCl,1.29
OCCCCO,-0.83
Clc1ccc(Cl)c(Cl)c1,4.02
c1ccc2c(c1)OCCO2,2.01
CCOc1ccccc1,2.51
C1CCCCC1,3.44
ClCc1ccc(Cl)cc1Cl,3.82
NC(=O)c1ccccc1Cl,0.64
CCc1ccccc1,3.15
Brc1ccc(-c2ccccc2)cc1,4.96
OCC1OC(OC2(CO)OC(CO)C(O)C2O)C(O)C(O)C1O,-3.7
O=c1cc(-c2ccccc2)oc2cc(O)cc(O)c12,3.52
Oc1ccc2ccc(O)cc2c1,1.9
Cc1ccc(-c2ccccc2)cc1,4.63
CC(=O)c1ccccc1C(=O)O,0.81
CCCCOCCOCCO,0.56
Brc1cccc(-c2ccccc2)c1,4.85
CC12CCC(O)CC1CCC1C2CCC2(C)C(c3coc(O)c3)C(O)CC12O,1.6
CC1OC(OC2CCC3(C=O)C4CCC5(C)C(c6coc(O)c6)CCC5(O)C4CCC3(O)C2)C(O)C(O)C1O,-0.48
Oc1c(Cl)c(Cl)cc(Cl)c1Cl,3.88
CCCCc1ccc(O)cc1,3.65
CCc1ccccc1OCC(=O)O,2.53
NC(=O)c1ccccc1[N+](=O)[O-],-0.12
CC(=O)Nc1cccc(Br)c1,2.31
CCC1(CC)C(=O)NC(=S)NC1=O,1.5
CCOCCOCCO,-0.54
c1ccc2n[se]nc2c1,1.64
OCc1ccc2ccccc2c1,2.21
O=[N+]([O-])c1cccc(-c2ccccc2)c1,3.87
Cc1c2ccccc2c(C)c2c1ccc1ccccc12,5.8
Cc1ccc2ccc3ccccc3c2c1,5.15
CN(C)c1ccc(C#N)cc1,2.2
O=NN(CCCl)C(=O)NCCCl,1.53
NS(=O)(=O)c1ccc(Cl)c([N+](=O)[O-])c1,0.66
Cc1ccnnc1,-0.32
Brc1nc(Br)c(Br)[nH]1,1.96
CN(C)/N=N/c1cccc(C(F)(F)F)c1,3.78
Cn1c(=O)[nH]c(=O)c2[nH]cnc21,-0.5
O=C1CCCCC1=C1CCCCC1,3.17
O=[N+]([O-])c1cc(Cl)ccc1O,2.46
N#Cc1c(Cl)cccc1Cl,2.74
COc1ccc2[nH]ccc2c1,2.06
c1cc2[nH]cnc2cn1,0.3
O=C(O)COc1ccc(C2CCCCC2)cc1,3.79
Cc1ccc2[nH]ccc2c1,2.68
CS(=O)(=O)c1ccc(C(O)C(CO)NC(=O)C(Cl)Cl)cc1,-0.27
NC(=O)c1ccc(O)cc1,0.33
NC(=O)c1ccccn1,0.15
O=C1Nc2ccc([N+](=O)[O-])cc2C1=O,0.47
OCc1cccnc1,-0.02
CCCCc1c(O)n(-c2ccc(O)cc2)n(-c2ccccc2)c1=O,2.72
O=C1C=CC(=O)C(Cl)=C1,0.84
COP(=S)(OC)Oc1cc(Cl)c(Br)cc1Cl,5.21
C1C2CC3CC1CC(C2)C3,4.24
COc1cc2ccc(=NC(C)=O)c3c(c2c(OC)c1OC)CCC(=O)C(OC)C3,1.0
O=[N+]([O-])c1cc(F)ccc1F,1.86
CC1(C)SC2C(NC(=O)C(N)c3ccccc3)C(=O)N2C1C(=O)O,1.35
CC/C=C/C/C=C/C/C=C/CCCCCCCC(=O)OC,6.29
CN1CCC23c4c5ccc(O)c4OC2C(O)C=CC3C1C5,0.89
CCOC(=O)CCCO,0.43
CCOC(=O)C=Cc1ccc(O)c(O)c1,2.56
COC(=O)CC(=O)OC,-0.05
c1cncc(CN2CCCC2)c1,1.1
Oc1ccc2c(c1)OCC1c3cc4c(cc3OC21)OCO4,2.61
CN1CCN(CCCN2c3ccccc3Sc3ccccc32)CC1,4.0
CCOc1cccc2cccnc12,2.25
O=C1CC(c2ccc(O)c(O)c2)Oc2cc(O)cc(O)c21,2.02
CC(CCC(=O)O)C1CCC2C3C(O)C(O)C4CC(O)CCC4(C)C3CCC12C,2.8
CC(CCC(=O)O)C1CCC2C3C(O)CC4CC(O)CCC4(C)C3CCC12C,4.15
Cc1oc2ccccc2c(=O)c1C,2.31
